customer_id,country,gender,age,balance,products_number,active_member,churn
15634602,France,Female,42,0,1,1,1
15647311,Spain,Female,41,83807.86,1,1,0
15619304,France,Female,42,159660.8,3,0,1
15701354,France,Female,39,0,2,0,0
15737888,Spain,Female,43,125510.82,1,1,0
15574012,Spain,Male,44,113755.78,2,0,1
15592531,France,Male,50,0,2,1,0
15656148,Germany,Female,29,115046.74,4,0,1
15792365,France,Male,44,142051.07,2,1,0
15592389,France,Male,27,134603.88,1,1,0
15767821,France,Male,31,102016.72,2,0,0
15737173,Spain,Male,24,0,2,0,0
15632264,France,Female,34,0,2,0,0
15691483,France,Female,25,0,2,0,0
15600882,Spain,Female,35,0,2,1,0
15643966,Germany,Male,45,143129.41,2,1,0
15737452,Germany,Male,58,132602.88,1,0,1
15788218,Spain,Female,24,0,2,1,0
15661507,Spain,Male,45,0,1,0,0
15568982,France,Female,24,0,2,1,0
15577657,France,Male,41,0,2,1,0
15597945,Spain,Female,32,0,2,0,0
15699309,Spain,Female,38,0,1,0,1
15725737,France,Male,46,0,2,1,0
15625047,France,Female,38,0,1,1,0
15738191,France,Male,25,0,2,1,0
15736816,Germany,Male,36,136815.64,1,1,0
15700772,France,Male,44,0,2,0,0
15728693,Germany,Female,43,141349.43,1,1,0
15656300,France,Male,29,59697.17,2,1,0
15589475,Spain,Female,39,0,3,0,1
15706552,France,Male,36,85311.7,1,1,0
15750181,Germany,Male,41,110112.54,2,0,0
15659428,Spain,Female,42,0,2,1,0
15732963,Spain,Female,29,0,2,1,0
15794171,France,Female,45,134264.04,1,0,1
15788448,Spain,Male,31,145260.23,1,1,0
15729599,Spain,Male,33,76548.6,1,1,0
15717426,France,Male,36,0,1,1,0
15585768,Germany,Male,41,70349.48,2,1,0
15619360,Spain,Male,40,0,1,0,0
15738148,France,Female,51,122522.32,1,0,1
15687946,France,Female,61,117419.35,1,1,0
15755196,France,Female,49,131394.56,1,0,1
15684171,Spain,Female,61,155931.11,1,1,0
15754849,Germany,Female,32,109421.13,2,1,0
15602280,Germany,Female,27,112045.67,1,1,1
15771573,Germany,Female,39,137843.8,1,1,1
15766205,Germany,Male,38,103391.38,1,1,0
15771873,Germany,Female,37,103769.22,2,0,0
15616550,Germany,Male,44,116363.37,2,0,0
15768193,Germany,Male,36,146050.97,2,0,0
15683553,France,Female,33,0,2,0,0
15702298,Germany,Male,41,125561.97,1,0,1
15569590,Germany,Male,42,98495.72,1,0,1
15760861,France,Male,43,125211.92,1,1,0
15630053,France,Male,45,127864.4,1,0,0
15647091,Germany,Male,19,75888.2,1,0,0
15623944,Spain,Female,66,0,1,0,1
15804771,France,Male,51,40685.92,1,1,0
15651280,Germany,Male,35,136857,1,0,0
15773469,Germany,Female,27,152328.88,2,0,0
15702014,Spain,Male,33,56084.69,2,0,0
15751208,Spain,Male,56,78707.16,1,1,0
15592461,Germany,Male,26,109166.37,1,1,0
15789484,Germany,Female,36,169831.46,2,1,0
15696061,Germany,Female,34,101633.04,1,0,0
15641582,Germany,Male,43,123180.01,2,1,0
15638424,Germany,Female,35,150725.53,2,1,0
15755648,France,Female,21,98373.26,1,0,0
15703793,Germany,Male,58,133745.44,4,0,1
15620344,France,Male,29,0,1,0,0
15812518,Spain,Female,37,163607.18,1,1,0
15779052,Germany,Female,25,157780.84,2,1,0
15770811,France,Male,36,0,2,1,0
15780961,France,Female,21,178718.19,2,0,0
15614049,France,Male,55,0,2,1,0
15662085,France,Female,32,0,1,1,0
15575185,Spain,Male,33,77253.22,1,1,0
15803136,Germany,Female,41,122189.66,2,0,0
15706021,France,Female,34,96645.54,2,0,0
15663706,France,Female,32,0,1,0,1
15641732,France,Female,36,0,2,0,0
15701164,France,Female,34,90307.62,1,1,0
15738751,France,Female,46,0,2,0,0
15805254,Spain,Female,75,0,2,1,0
15762418,Spain,Male,22,121681.82,1,0,1
15625759,France,Male,30,0,2,0,0
15622897,France,Female,46,0,3,0,1
15767954,Germany,Female,28,81623.67,2,1,0
15757535,Spain,Female,44,0,3,1,1
15731511,France,Male,45,118626.55,2,0,0
15809248,France,Female,36,0,2,0,0
15640635,France,Male,29,0,2,1,0
15676966,Spain,Male,42,0,2,1,0
15699461,Spain,Male,35,176273.95,1,1,0
15738721,Spain,Male,41,102827.44,1,1,0
15693683,Germany,Male,29,97086.4,2,1,0
15604348,Spain,Male,22,0,2,0,0
15633059,France,Male,34,0,2,0,0
15808582,France,Female,40,0,1,1,0
15743192,France,Female,44,0,2,0,0
15580146,France,Male,31,82674.15,1,0,0
15776605,Spain,Male,36,0,2,0,0
15804919,Spain,Female,65,0,1,1,1
15613854,Spain,Female,46,107073.27,2,1,1
15599195,Germany,Male,32,88938.62,1,1,0
15812878,Germany,Female,36,99806.85,1,1,0
15602312,Spain,Male,33,150092.8,1,0,0
15744689,Germany,Male,35,92833.89,1,0,1
15803526,Germany,Male,30,90536.81,1,1,0
15665790,Germany,Male,39,108055.1,2,0,0
15715951,France,Male,42,100238.35,1,0,0
15591100,Spain,Male,36,106190.55,1,1,0
15609618,Germany,Male,28,154475.54,2,1,1
15675522,Germany,Female,30,132351.29,2,1,0
15705512,Germany,Female,37,167864.4,1,0,0
15698028,France,Female,41,0,2,0,0
15661670,Germany,Female,31,107818.63,1,0,1
15600781,Germany,Male,34,185173.81,2,0,0
15682472,France,Male,34,129433.34,2,0,0
15580203,Spain,Male,39,120193.42,1,0,0
15690673,France,Female,39,0,2,0,0
15760085,Germany,Female,48,126384.42,1,1,0
15779659,France,Female,28,0,1,0,0
15627360,France,Male,42,152603.45,1,0,1
15671137,France,Female,52,0,1,1,1
15782688,Germany,Male,56,148507.24,1,0,1
15575492,France,Female,41,0,2,0,0
15591607,France,Male,24,101827.07,1,0,0
15740404,France,Female,34,0,2,1,0
15718369,Germany,Female,33,130862.43,1,1,0
15677871,France,Male,38,122570.87,1,1,0
15642004,France,Male,25,0,2,1,0
15712543,Germany,Male,39,124828.46,2,1,0
15584518,Germany,Female,50,144895.05,2,1,0
15802381,Germany,Female,34,63663.93,1,1,0
15610156,France,Male,40,133463.1,1,1,0
15594408,Spain,Female,48,213146.2,1,0,1
15640905,Spain,Female,35,129490.36,2,1,1
15698932,Germany,Male,44,137452.09,1,0,0
15724944,France,Male,34,0,2,1,0
15628145,France,Female,43,125851.93,1,1,0
15713483,Spain,Male,52,0,1,0,1
15612350,France,Female,31,40915.55,1,0,1
15800703,Spain,Female,21,113157.22,1,1,0
15705707,Spain,Female,29,138296.94,2,0,0
15754105,France,Male,37,106967.18,1,0,0
15703264,France,Male,44,120681.63,1,0,0
15794413,France,Male,32,0,2,1,0
15650237,Spain,Female,32,0,2,0,0
15759618,France,Female,48,0,1,0,1
15811589,Spain,Male,42,0,2,0,0
15689044,France,Male,37,127609.59,1,0,0
15709368,France,Female,43,0,2,1,0
15679145,Spain,Male,57,0,1,0,1
15655007,France,Female,33,0,2,0,0
15623595,Spain,Female,28,0,2,1,0
15589975,France,Female,73,97259.25,1,1,0
15804017,Germany,Female,33,123246.7,1,0,0
15692132,Spain,Female,22,101060.25,1,1,0
15641122,France,Male,30,0,2,0,0
15630910,France,Female,49,108007.36,1,0,0
15680772,Spain,Female,36,0,2,1,0
15658929,Spain,Male,29,133702.89,1,0,1
15585388,Germany,Male,31,125189.75,2,1,0
15724623,Germany,Female,24,113034.22,1,0,1
15588537,Spain,Female,41,109013.23,1,0,0
15574692,Spain,Female,39,0,2,0,1
15611325,Germany,Male,24,57929.81,2,0,0
15587562,France,Female,29,130114.39,1,0,0
15613172,Germany,Male,27,95826.49,2,0,0
15651022,Germany,Male,44,129608.57,1,0,1
15586310,France,Male,30,169462.09,1,0,0
15625524,France,Male,40,0,2,1,0
15755209,Spain,Female,35,133868.21,1,1,0
15645248,France,Female,30,0,2,1,0
15790355,Germany,Male,36,190479.48,2,0,0
15762615,Spain,Female,40,101993.12,1,1,0
15625426,Germany,Female,55,161608.81,1,0,1
15716334,Spain,Female,45,122311.21,1,1,0
15789669,France,Male,65,0,2,1,0
15621075,Germany,Female,45,162150.42,2,0,0
15810845,France,Male,42,0,2,1,0
15719377,France,Female,50,0,1,1,1
15654506,France,Male,32,0,2,0,0
15771977,France,Female,39,99010.67,1,0,0
15708710,Spain,Female,37,0,1,1,0
15726676,Spain,Male,30,0,2,1,0
15587421,Germany,Female,34,111388.18,2,0,0
15726931,France,Female,41,56214.85,2,0,1
15771086,France,Female,36,84327.77,2,0,0
15756850,France,Male,40,0,2,0,0
15702741,France,Male,32,93012.89,1,0,0
15679200,Spain,Male,29,61710.44,2,0,0
15594815,France,Male,35,174790.15,1,1,0
15635905,Spain,Female,32,0,2,1,0
15777892,Germany,Male,37,107720.64,1,1,0
15656176,France,Male,57,0,2,1,0
15811127,France,Male,35,96423.84,1,0,0
15604482,Spain,Male,30,141040.01,1,1,0
15622911,France,Male,42,105420.18,1,1,0
15600974,Spain,Male,50,0,1,1,1
15727868,France,Female,38,129022.06,2,1,1
15627801,Spain,Male,33,176666.62,1,0,0
15773039,France,Male,37,0,1,1,0
15755262,Spain,Female,41,89763.84,1,0,1
15679531,France,Male,34,134954.53,1,1,0
15684181,France,Male,45,0,1,0,1
15612087,France,Male,45,106376.85,1,1,0
15752047,Germany,Male,33,161814.64,2,0,0
15624592,France,Male,31,0,2,1,0
15573152,France,Female,41,0,2,0,0
15594917,France,Female,34,63095.01,1,1,0
15785542,Germany,Male,26,118287.01,2,0,0
15723488,Germany,Male,47,106854.21,1,1,1
15680920,France,Male,46,49512.55,1,0,0
15786308,Spain,Female,33,0,2,0,0
15659366,France,Male,43,105799.32,2,0,1
15774854,France,Male,54,0,1,1,1
15725311,France,Female,31,114722.05,2,1,0
15787155,Spain,Male,30,0,1,1,0
15727829,France,Male,42,0,2,1,0
15733247,France,Male,33,0,1,0,1
15568748,Germany,Male,45,99564.22,1,1,1
15699029,France,Male,37,170557.91,2,0,0
15774393,France,Female,30,0,2,1,0
15676895,Germany,Female,39,74596.15,3,1,1
15637753,Germany,Male,50,96888.39,1,0,1
15605461,Germany,Female,29,130830.22,1,0,0
15808473,France,Male,72,0,2,1,0
15627000,France,Male,40,0,2,0,0
15787174,France,Female,37,0,2,1,0
15723886,Germany,Male,20,119714.25,2,1,0
15704769,France,Female,67,113978.97,2,1,0
15772896,Germany,Male,42,100160.75,1,0,1
15711540,France,Female,29,0,1,1,0
15764866,Germany,Female,43,116220.5,3,0,1
15794056,France,Female,46,0,3,0,1
15795149,France,Male,28,81173.83,2,1,0
15812009,Spain,Male,38,0,2,0,0
15651001,Germany,Female,39,116803.8,1,0,0
15813844,France,Male,37,105961.68,2,1,0
15596175,Germany,Male,67,117411.6,1,1,1
15576269,Spain,Male,34,0,2,0,0
15797219,France,Female,40,123497.58,1,0,1
15685500,Germany,Male,26,152400.51,2,0,0
15599792,France,Female,26,0,2,1,0
15657566,Germany,Male,24,103097.85,1,1,0
15772423,Germany,Male,54,126418.14,1,0,1
15628112,Germany,Female,36,77846.9,1,0,0
15753754,Spain,Female,34,0,2,1,0
15793726,France,Female,79,0,2,1,0
15694717,Germany,Male,37,79731.91,1,1,0
15665834,Spain,Male,28,0,1,0,0
15765297,Spain,Male,41,0,2,1,0
15636684,France,Male,34,0,2,1,0
15592979,Germany,Female,34,37266.67,2,0,0
15750803,France,Female,30,127992.25,1,1,0
15607178,Germany,Male,38,54901.01,1,1,0
15713853,Germany,Male,42,108748.08,2,1,0
15673481,Spain,Female,48,99906.19,1,0,0
15686776,France,Female,32,184686.41,2,0,0
15673693,France,Female,26,110654.02,1,1,0
15700696,Spain,Male,31,79019.8,1,1,0
15813163,Spain,Female,36,99240.51,1,0,0
15653857,France,Male,34,0,2,1,0
15777076,France,Male,36,0,2,0,0
15717398,Spain,Female,39,0,1,0,1
15799217,Germany,Female,35,52436.2,1,0,0
15787071,Spain,Male,41,0,2,1,0
15619955,Germany,Male,34,100337.96,3,0,1
15796505,Germany,Female,34,149297.19,2,1,0
15725166,France,Male,30,0,2,0,0
15800116,Germany,Male,28,145605.44,1,1,0
15758685,Spain,Female,37,0,2,1,0
15694456,France,Male,62,0,1,1,1
15767339,France,Female,53,0,2,0,0
15683562,France,Male,35,84026.86,1,1,0
15782210,France,Male,46,0,1,0,1
15668893,France,Male,39,0,2,1,0
15669169,Spain,Male,29,0,2,1,0
15643024,Germany,Male,35,138718.92,1,1,1
15699389,France,Male,42,118274.71,1,1,0
15708608,France,Female,22,174185.98,2,1,0
15626144,France,Male,40,113208.86,2,0,0
15573112,Spain,Male,29,103907.28,1,0,0
15790678,France,Female,32,119023.28,1,0,0
15727556,Spain,Female,26,166297.89,1,1,0
15697307,Spain,Male,34,0,2,0,0
15652266,Germany,Male,42,63227,1,1,0
15607098,Spain,Female,41,94521.17,2,0,0
15655774,France,Male,27,0,2,0,0
15590241,Spain,Female,34,112822.26,1,0,1
15785819,France,Male,38,0,2,1,0
15723654,France,Male,25,135903.33,1,0,0
15774510,France,Female,31,125169.26,1,1,0
15684173,Spain,Female,44,0,3,0,1
15650068,France,Male,58,149117.31,1,1,0
15811490,France,Male,33,0,2,1,0
15803976,France,Female,31,0,2,0,0
15682541,Spain,Female,36,132311.71,1,0,0
15695699,France,Male,35,0,2,0,0
15624188,France,Female,33,0,2,1,0
15812191,France,Male,33,118082.89,1,0,0
15636673,France,Male,31,119266.69,1,1,0
15594898,France,Male,43,0,1,1,1
15660211,Germany,Male,35,156847.29,2,0,0
15773972,France,Male,50,137104.47,1,0,1
15746726,Germany,Male,31,78398.69,1,0,0
15712287,France,Female,80,0,2,1,0
15702919,Germany,Male,30,63669.42,1,0,0
15674398,France,Male,38,0,2,0,0
15797960,Germany,Female,59,135296.33,1,0,0
15631868,Spain,Male,36,153804.44,1,1,0
15581539,Spain,Male,37,0,2,0,0
15662736,France,Male,49,147069.78,1,0,1
15666252,Spain,Male,42,0,2,1,0
15677512,Spain,Female,22,0,1,0,0
15626114,France,Male,24,95741.75,1,0,0
15810834,Spain,Female,57,145965.33,1,1,0
15678910,France,Female,30,141441.75,1,1,0
15694408,France,Male,40,139290.41,1,0,1
15585215,France,Female,31,0,2,0,0
15682757,France,Male,30,0,2,0,0
15736601,France,Male,35,144428.87,1,0,0
15601848,France,Male,35,0,2,0,0
15736008,France,Female,46,95441.27,1,0,1
15669064,Germany,Male,35,144848.74,1,1,0
15624528,Germany,Male,26,116244.14,2,1,0
15598493,France,Male,50,0,2,1,0
15601274,Spain,Female,40,146502.07,1,0,0
15702669,Germany,Male,44,117028.6,2,1,0
15728669,Germany,Female,30,112013.81,1,0,1
15742668,Spain,Female,37,108269.37,1,0,0
15697441,France,Male,29,182123.79,1,0,1
15740476,Germany,Female,32,150923.74,2,1,0
15648064,France,Male,33,0,2,0,0
15636624,Spain,Female,39,165272.13,1,0,1
15807923,Germany,Female,39,115301.31,1,0,1
15745844,Germany,Female,40,129502.49,2,1,1
15786170,France,Male,31,118342.26,1,0,0
15681081,Spain,Female,47,0,2,1,0
15684484,France,Male,22,0,2,0,0
15785869,France,Female,25,0,2,0,0
15763859,France,Female,43,0,2,0,0
15658935,Germany,Female,34,106937.05,2,0,0
15747358,Germany,Male,59,170331.37,1,1,0
15735203,Germany,Female,32,114510.85,1,1,0
15576256,France,Male,39,0,2,1,0
15659420,Spain,Male,32,107594.11,2,1,0
15593365,Spain,Male,39,81273.13,1,1,0
15777352,Spain,Female,32,169399.6,1,0,0
15812007,Spain,Male,25,0,2,1,0
15625461,France,Female,45,187841.99,2,1,0
15739438,France,Male,30,0,2,0,0
15611759,Spain,Female,57,126776.3,2,1,0
15661629,Spain,Male,34,126436.29,1,0,1
15633950,France,Male,41,101960.74,1,1,0
15592386,France,Male,58,0,2,1,0
15803716,Spain,Male,28,0,2,1,0
15696674,Germany,Female,45,150842.93,1,1,1
15706365,France,Female,50,102535.57,1,1,0
15745088,Germany,Female,29,99027.61,2,0,0
15676715,France,Male,68,0,2,1,0
15613085,Spain,Female,33,0,1,1,0
15633537,Germany,Female,42,87271.41,2,0,0
15594720,Germany,Female,35,102742.91,2,1,0
15684042,Germany,Male,34,40105.51,2,1,0
15583303,France,Female,29,152265.43,1,0,0
15611579,Spain,Male,42,141947.67,1,1,0
15774696,Germany,Female,75,106307.91,2,1,0
15694506,Germany,Male,31,107884.81,2,1,0
15688074,Germany,Male,31,125013.72,1,1,0
15759537,Germany,Male,35,58469.37,2,1,0
15758449,France,Female,39,0,1,1,0
15583456,Germany,Male,45,117231.63,3,1,1
15667871,Spain,Male,35,152390.26,1,0,0
15677371,Spain,Female,30,34013.63,1,0,0
15629677,Spain,Female,39,0,3,0,1
15713578,France,Female,50,0,2,1,0
15591509,France,Male,36,101583.11,2,0,0
15568240,Germany,Female,30,77168.87,2,1,0
15622993,Germany,Male,28,124695.72,2,0,0
15689294,Germany,Male,44,105934.96,1,0,0
15720910,France,Female,66,0,1,1,0
15721181,Spain,Male,46,0,2,0,0
15776433,Spain,Male,62,0,2,1,0
15748936,Spain,Female,45,0,2,1,0
15717225,France,Female,21,161525.96,2,0,0
15685226,Germany,Female,29,147199.07,1,1,0
15785611,Germany,Male,38,183102.29,1,1,0
15573456,Spain,Male,46,127209,2,0,1
15684548,Spain,Male,38,0,2,0,1
15620505,Spain,Female,24,97378.54,1,1,0
15807432,Germany,Female,37,136925.09,2,1,0
15584766,France,Male,33,54503.55,1,1,0
15612187,Germany,Male,32,155726.85,1,0,0
15762218,France,Female,39,0,2,1,0
15646372,France,Female,66,135842.41,1,0,1
15690452,France,Male,52,63349.75,1,0,0
15747795,Germany,Female,38,129499.42,1,1,0
15781589,Spain,Male,52,0,2,1,0
15732674,Spain,Male,36,70438.01,2,1,0
15642291,France,Male,23,0,2,1,0
15692761,France,Male,36,0,1,0,0
15578045,Spain,Female,49,141434.04,1,0,1
15745354,Spain,Female,37,0,2,0,0
15701376,Germany,Male,37,152958.29,2,1,0
15691625,Germany,Female,41,138306.34,1,0,0
15566594,Spain,Male,23,0,2,0,0
15760431,France,Male,38,0,2,1,0
15686302,Spain,Female,31,124328.84,1,1,0
15801559,Germany,Female,41,181461.48,3,1,1
15810432,Spain,Male,35,0,2,0,0
15809616,Spain,Male,26,0,2,0,0
15720559,Germany,Female,61,110368.03,1,0,1
15695632,France,Female,39,89588.35,1,1,0
15659843,France,Female,46,0,2,0,0
15615624,France,Female,28,0,2,0,0
15810418,Germany,Female,60,115924.89,1,0,1
15716186,France,Female,38,0,2,0,0
15674551,Germany,Male,40,111756.5,1,0,1
15622834,France,Female,35,0,1,0,0
15566111,France,Male,39,0,1,0,0
15784597,France,Male,26,162923.85,1,0,0
15652883,Germany,Male,39,124576.65,2,0,0
15806964,France,Male,45,80793.58,1,1,0
15576313,Germany,Female,40,71340.09,1,0,0
15806467,Germany,Male,40,99282.63,1,0,1
15597602,Germany,Male,57,137946.39,1,1,1
15743040,Germany,Male,41,127892.57,2,1,0
15705521,Germany,Female,33,101084.36,1,0,0
15595039,Germany,Female,37,114754.08,1,0,1
15799384,France,Male,33,0,1,0,0
15581197,France,Female,51,99286.98,1,1,0
15693737,Germany,Female,30,79871.02,2,0,0
15624623,France,Male,35,104088.59,2,0,0
15783501,France,Female,38,168190.33,2,0,0
15690134,Germany,Female,42,85679.25,1,1,0
15782735,France,Female,35,0,1,0,0
15611088,France,Female,31,0,2,0,0
15672145,France,Female,34,121551.58,2,1,0
15732628,France,Male,46,122220.19,1,1,0
15787470,Spain,Male,47,116528.15,1,0,1
15803406,France,Female,26,77780.29,1,1,0
15730460,France,Male,37,0,1,0,0
15644572,France,Male,40,125832.2,1,1,0
15694860,France,Female,38,68065.8,1,0,1
15658169,Spain,Female,47,127299.34,2,0,0
15794396,Germany,Female,38,174937.64,1,0,0
15785798,France,Male,40,0,2,1,0
15710825,Spain,Male,31,110071.1,1,0,0
15668444,Spain,Female,44,139432.37,1,0,0
15726631,France,Female,39,127357.76,1,1,0
15733797,France,Male,36,0,2,0,0
15747960,France,Male,33,0,1,1,0
15634632,France,Male,38,0,2,0,0
15707362,Germany,Male,43,95556.31,1,1,1
15662976,Spain,Male,37,0,1,1,0
15732778,Germany,Male,29,111681.98,2,1,0
15718443,France,Male,39,0,2,0,0
15670039,Spain,Female,25,108738.71,2,0,0
15773792,France,Female,32,133950.37,1,1,1
15613786,Spain,Male,26,0,2,1,0
15726032,France,Male,33,89968.69,1,0,0
15663252,Spain,Female,32,0,2,1,0
15593782,Germany,Female,38,130878.75,3,0,1
15633283,France,Male,35,0,2,0,0
15749167,France,Male,35,0,2,1,0
15759298,Spain,Male,27,134169.62,1,1,0
15683625,France,Male,37,149762.08,1,0,1
15635367,France,Male,26,93844.69,1,0,0
15681705,France,Male,28,0,2,0,0
15603156,France,Female,33,0,2,0,0
15591986,Germany,Male,46,141078.37,1,0,1
15798888,Germany,Female,31,117992.59,1,1,0
15809722,France,Female,40,100812.33,2,0,0
15677538,France,Male,38,0,1,1,0
15797736,France,Male,29,80262.6,1,1,0
15695585,Spain,Male,34,156478.62,1,1,0
15744398,France,Female,23,0,2,0,0
15750658,France,Male,37,0,3,0,0
15578186,Germany,Male,37,115217.99,2,0,0
15676519,Spain,Male,61,0,2,0,1
15637954,France,Female,35,155470.55,1,1,0
15758639,France,Male,37,0,2,0,0
15613772,France,Male,39,135096.77,1,1,1
15731744,France,Male,30,0,2,1,0
15807709,Germany,Female,55,180075.22,1,1,0
15714689,Spain,Male,29,97541.24,1,1,0
15699005,France,Female,41,156067.05,1,1,0
15624170,France,Female,38,81550.94,2,1,0
15725679,France,Female,47,0,1,0,1
15585865,France,Female,38,170061.92,2,0,1
15804256,Germany,Male,36,92310.54,2,1,0
15662403,France,Female,32,169089.38,2,0,0
15733616,France,Male,40,80613.93,1,1,0
15591995,Germany,Male,26,121581.56,2,1,0
15677020,France,Female,58,0,1,1,1
15727688,Spain,Male,32,0,2,1,0
15715941,France,Male,54,0,2,1,0
15714485,France,Male,60,85891.55,1,0,1
15730059,Spain,Male,44,77637.35,2,1,0
15715527,Spain,Female,41,0,1,0,0
15576623,France,Male,31,0,2,0,0
15805565,Germany,Male,30,116927.89,1,0,0
15677307,Germany,Female,40,137326.65,1,0,0
15773890,France,Male,22,0,2,1,0
15598883,Spain,Female,37,0,2,1,0
15568506,Germany,Female,31,67238.98,2,1,0
15761043,Germany,Female,38,86569.76,2,0,0
15782236,Spain,Male,34,0,2,0,0
15593601,France,Male,34,133598.4,1,1,0
15682048,France,Female,51,136188.78,1,1,1
15746902,Spain,Male,38,0,2,0,0
15752081,France,Female,56,0,3,1,1
15781307,Germany,Male,37,120092.52,2,0,0
15775912,France,Male,48,101238.24,2,1,1
15745417,France,Male,58,89685.92,1,1,0
15671256,France,Female,35,211774.31,1,0,1
15653547,France,Male,56,131317.48,1,1,0
15595766,Spain,Male,37,93722.73,2,1,0
15742358,Germany,Male,32,101160.99,1,1,0
15763274,France,Male,48,120320.54,1,0,0
15786063,France,Female,31,0,2,1,0
15600258,France,Male,43,0,2,1,0
15573318,France,Male,26,0,2,0,0
15653849,Germany,Female,48,152827.99,1,0,1
15694272,France,Male,30,64097.75,1,1,0
15736112,Spain,Female,57,119035.35,2,1,0
15749851,Spain,Female,26,135219.57,1,1,0
15663478,France,Male,32,93694.42,1,1,0
15592300,Spain,Male,35,59408.63,1,0,0
15567832,France,Female,40,114354.95,1,0,0
15776780,France,Male,59,0,1,0,1
15592846,Germany,Male,35,128173.9,2,0,0
15739803,Spain,Male,34,0,2,0,0
15794142,Germany,Female,62,114931.35,3,1,1
15762729,Germany,Female,28,111071.36,1,0,1
15667896,France,Male,37,151226.18,2,1,0
15626578,France,Male,26,0,2,1,0
15776223,France,Female,42,64740.12,1,1,0
15705953,Spain,Male,51,169312.13,1,0,1
15802593,France,Female,49,0,3,1,1
15615457,Spain,Female,44,112652.08,2,0,0
15708916,France,Male,38,0,2,0,0
15720187,Germany,Female,30,143964.36,2,0,0
15595440,France,Male,49,122451.46,2,1,0
15600651,France,Male,24,0,3,1,0
15750141,Germany,Female,36,65253.07,2,0,0
15657284,Germany,Male,47,106901.94,1,1,1
15763063,Spain,Female,25,128509.63,1,0,0
15709324,France,Male,34,0,2,0,0
15711309,Germany,Male,33,129834.67,1,0,0
15775318,Spain,Female,51,154962.99,3,1,1
15705515,Germany,Male,40,138241.9,2,0,0
15634844,Germany,Male,41,91536.93,1,0,1
15717046,Spain,Male,53,0,2,1,0
15571816,Spain,Female,70,0,1,1,0
15670080,Germany,Female,29,105204.01,1,1,0
15800440,Spain,Male,61,152968.73,1,1,0
15665678,Spain,Male,36,158261.68,1,1,0
15665956,France,Female,46,0,1,0,1
15788126,Spain,Female,38,121021.05,1,1,0
15811773,France,Male,36,0,2,1,0
15651674,Spain,Female,54,0,1,0,1
15689614,Spain,Female,63,137715.66,1,1,0
15795564,Germany,Male,31,121192.22,2,1,0
15706647,France,Male,31,0,3,1,0
15728505,France,Male,44,100486.18,2,1,0
15730076,France,Male,45,0,1,0,1
15622003,France,Male,35,92566.53,2,0,0
15607312,Spain,Female,49,0,2,1,1
15644753,Spain,Male,40,110929.96,1,1,0
15653620,France,Female,27,0,2,1,0
15761986,Spain,Female,32,138901.61,1,0,0
15633922,France,Male,30,123217.66,2,1,0
15734674,France,Female,41,0,1,0,0
15658032,France,Male,39,0,2,1,0
15692671,Spain,Male,36,0,2,0,0
15737741,Spain,Female,33,108431.87,2,1,1
15576352,Spain,Female,57,0,2,1,0
15753719,Germany,Female,30,72392.41,1,0,0
15803689,Germany,Female,51,119741.77,2,0,1
15718057,France,Female,51,100946.71,1,0,1
15722010,Spain,Male,53,170491.84,1,0,1
15680998,France,Male,44,0,1,1,0
15614782,France,Male,36,0,1,0,0
15591047,Spain,Female,47,157296.02,2,0,1
15788291,Germany,Female,38,144606.22,1,1,1
15604044,France,Male,38,134811.3,1,0,0
15679587,France,Female,34,115897.12,1,1,0
15775153,Spain,Male,32,82034,1,0,0
15603925,Spain,Female,26,174318.13,2,1,0
15680970,Germany,Female,41,114206.84,1,0,0
15697183,Spain,Male,43,0,2,0,0
15567446,Germany,Male,39,111574.41,1,1,0
15637476,Germany,Female,57,162448.69,1,0,1
15714939,Germany,Female,34,148249.54,1,1,0
15683503,France,Female,43,0,3,1,1
15645569,Spain,Female,26,123709.46,2,1,0
15782569,France,Female,72,0,1,1,0
15592387,France,Male,30,0,1,0,1
15609286,France,Male,37,150525.8,1,1,0
15814035,France,Male,29,0,1,1,0
15661249,France,Male,53,0,2,1,0
15629117,France,Male,28,0,2,0,0
15607170,France,Male,35,0,2,1,0
15586585,Germany,Female,51,111018.98,1,0,0
15686611,France,Male,30,129755.99,1,0,0
15603203,France,Female,27,0,2,0,0
15619857,France,Female,64,129555.7,1,1,0
15805062,Spain,Male,38,87202.38,1,1,0
15660271,Germany,Male,26,146133.39,1,1,0
15745295,Spain,Female,31,0,1,0,1
15719352,Spain,Male,39,170184.99,2,0,0
15766575,Germany,Female,62,140745.33,1,0,1
15594594,Spain,Male,42,139070.51,1,1,0
15646161,Spain,Female,37,0,2,1,0
15682585,France,Male,35,114193.24,1,0,0
15603134,Spain,Female,40,167878.5,1,1,0
15636444,Germany,Female,53,141616.55,2,1,0
15773456,Germany,Male,36,145747.67,2,1,0
15745307,Spain,Female,48,129120.64,1,1,0
15604119,Spain,Male,35,110349.82,1,0,0
15626900,France,Male,29,141325.56,1,1,0
15605447,France,Male,49,78653.84,1,0,0
15589030,France,Male,47,0,2,1,0
15692463,Spain,Female,28,142253.65,1,0,0
15712403,France,Female,61,0,1,0,1
15811762,Germany,Female,54,115988.86,1,0,1
15718673,Spain,Female,33,75592.43,1,0,0
15724282,Germany,Male,44,164113.04,2,1,0
15738181,France,Male,31,67996.23,2,0,1
15633648,Spain,Female,51,0,2,0,0
15603323,Spain,Female,33,0,2,0,0
15583725,France,Male,48,138778.15,1,1,0
15588350,France,Female,43,147832.15,1,1,0
15798398,France,Female,36,135438.4,1,0,0
15784844,Spain,Male,48,116060.08,1,0,1
15580684,France,Female,29,112564.62,1,0,0
15809663,France,Female,27,125406.58,1,1,0
15640078,Germany,Female,39,135134.99,1,0,1
15698786,France,Female,39,133102.92,1,0,1
15569807,France,Female,34,42157.08,1,0,1
15730830,France,Female,30,0,2,1,0
15805112,France,Male,38,82259.29,1,0,0
15633064,France,Female,36,0,2,0,0
15703119,France,Male,38,0,2,1,0
15730447,France,Female,49,0,2,1,0
15813850,France,Male,52,0,1,1,0
15711889,France,Male,42,150461.07,1,0,0
15664610,Germany,Male,48,133994.52,1,1,1
15751710,Spain,Male,31,164870.81,2,1,0
15692926,Germany,Male,25,121702.73,1,1,0
15813741,Spain,Male,25,193858.2,1,1,0
15698474,Germany,Female,54,131039.97,2,1,0
15568595,France,Male,64,113829.45,1,1,0
15603065,France,Female,30,0,2,0,0
15592937,Germany,Female,41,81877.38,1,1,0
15699637,Spain,Male,57,116326.07,1,1,0
15667215,France,Male,31,0,2,1,0
15788659,France,Male,46,0,2,1,0
15763218,France,Female,41,0,2,1,0
15645772,France,Male,33,0,2,1,0
15725511,France,Female,31,127070.73,1,1,0
15575024,France,Male,29,0,2,1,0
15640825,Spain,Male,46,122549.64,1,1,0
15662397,France,Female,42,176099.13,1,1,0
15576368,Germany,Female,48,122388.38,2,0,0
15674991,France,Male,42,0,2,1,0
15721024,France,Male,26,0,1,0,0
15745621,Spain,Female,32,118879.35,2,1,0
15642394,Spain,Male,35,0,2,1,0
15754605,France,Female,39,0,2,1,0
15607040,Spain,Female,38,88736.44,2,0,0
15715142,Germany,Male,45,102703.62,1,1,1
15810978,Spain,Female,70,0,2,1,0
15668886,Spain,Female,38,0,2,0,0
15780804,France,Male,55,97318.25,1,1,0
15613880,Spain,Male,58,128468.69,1,1,0
15775238,Germany,Female,41,133432.59,1,1,0
15786905,Germany,Female,40,141782.57,2,0,0
15747867,France,Male,24,135125.28,1,0,0
15600337,Spain,Male,42,178820.91,1,0,1
15801277,France,Female,31,112212.14,2,1,0
15579334,Germany,Female,45,126674.81,1,0,1
15802741,France,Female,51,136294.97,1,0,1
15720649,France,Female,36,66392.64,1,0,0
15589493,Germany,Male,27,122552.34,2,0,0
15688251,France,Male,43,76408.85,2,0,0
15665238,Germany,Male,36,145071.24,1,0,0
15740900,France,Male,34,0,2,1,0
15681068,France,Female,45,109730.22,1,1,0
15748625,France,Male,57,0,2,1,0
15727299,Spain,Male,62,64119.38,1,1,1
15620204,Germany,Female,57,106138.33,2,1,1
15669516,Spain,Male,36,0,2,1,0
15736534,Germany,Male,33,181656.51,1,1,0
15803457,France,Female,32,0,2,0,0
15659098,France,Male,30,95128.86,1,0,0
15603436,Spain,Female,49,126615.94,2,1,0
15566292,Spain,Male,36,0,2,1,0
15808621,Germany,Male,36,76190.48,2,1,0
15580148,Germany,Male,40,168286.81,3,0,1
15776231,Germany,Male,35,88109.81,1,1,0
15773809,France,Male,42,0,2,0,0
15649423,France,Female,35,0,2,1,0
15734886,France,Female,34,123971.51,2,0,0
15722548,France,Male,48,148116.48,1,0,0
15650288,Germany,Male,35,116269.01,1,0,0
15629448,Spain,Male,38,120599.21,1,0,0
15716164,France,Female,41,144260.5,1,0,0
15807609,Spain,Female,25,86605.5,3,0,1
15578977,France,Male,34,0,2,0,0
15677369,Germany,Female,37,58629.97,1,0,0
15804072,Spain,Female,42,0,2,0,0
15696859,France,Male,45,0,2,0,0
15653780,France,Female,43,0,1,1,0
15721658,Spain,Female,56,209767.31,2,1,1
15578761,Spain,Female,42,129634.25,2,1,1
15736879,France,Male,23,0,2,0,0
15571973,France,Female,38,169824.46,1,0,0
15626742,France,Male,36,97530.25,1,1,0
15672692,France,Female,42,145988.65,2,1,0
15673570,France,Male,37,0,2,1,0
15767432,France,Female,25,0,3,1,0
15654238,France,Female,40,137494.28,1,0,0
15612525,France,Female,57,0,1,0,1
15812750,France,Male,24,147360,1,1,0
15790757,France,Female,25,0,2,0,0
15723873,Spain,Male,31,125167.02,1,0,0
15744607,Germany,Male,43,121152.05,2,0,1
15612966,Germany,Female,60,128981.07,1,1,1
15784209,France,Male,47,0,1,1,0
15794278,Spain,Male,67,151858.98,1,1,0
15766741,France,Male,36,114628.4,1,1,0
15661036,France,Male,46,0,2,0,0
15705639,France,Female,28,95059.02,2,0,0
15637414,France,Female,24,128736.39,1,1,0
15716835,France,Male,24,156325.38,1,1,0
15696231,France,Male,29,105405.97,1,1,0
15641675,France,Female,49,88915.37,3,0,1
15670755,France,Male,60,0,2,1,0
15640059,France,Male,40,0,2,1,0
15787619,France,Male,18,160980.03,1,0,0
15587535,Spain,Female,46,177619.71,1,0,0
15813034,Spain,Male,38,62276.99,1,1,0
15698839,Germany,Male,46,127559.97,2,1,0
15790314,France,Male,41,0,2,1,0
15634245,Germany,Female,47,95523.16,1,0,0
15677305,France,Female,35,107749.03,1,1,0
15661526,Germany,Male,37,110777.26,2,0,0
15685997,Spain,Female,39,166733.92,2,0,0
15660101,France,Male,31,157120.86,2,0,0
15637979,Germany,Female,36,127160.78,2,0,0
15815364,Spain,Female,28,0,2,1,0
15647099,France,Female,37,156091.97,1,0,0
15625944,France,Male,58,98668.18,1,1,0
15583212,France,Female,43,134022.06,1,0,0
15582741,France,Female,35,124151.09,1,0,1
15637876,Germany,Female,36,77253.5,1,0,1
15622750,Germany,Female,21,114292.48,1,0,0
15672056,Germany,Male,43,140080.32,3,1,1
15812351,Spain,Female,27,135277.96,1,0,0
15810864,France,Female,82,0,2,1,0
15677921,Germany,Male,60,115920.62,2,0,1
15724296,Spain,Male,41,119782.72,2,0,0
15685329,France,Female,63,114715.71,1,1,1
15584091,Germany,Female,36,129748.54,2,0,1
15640442,France,Male,31,129722.57,1,0,0
15639314,France,Male,32,0,2,1,0
15685320,France,Male,36,139180.2,1,0,0
15789158,Germany,Male,49,113599.74,2,0,1
15752137,France,Male,33,134944,1,1,0
15712551,Germany,Female,58,116922.25,1,0,1
15628936,Spain,Male,28,118945.09,1,0,1
15797227,France,Male,28,0,2,1,0
15769974,Spain,Female,35,119182.73,1,0,0
15737051,France,Male,27,0,2,0,0
15585595,France,Female,28,71264.02,2,1,0
15654060,France,Male,41,0,2,1,0
15745196,France,Female,35,0,2,0,0
15571221,Germany,Male,58,116313.57,1,1,1
15660155,Spain,Male,36,92140.15,1,1,0
15605284,France,Male,26,0,2,1,0
15694366,Germany,Male,42,177640.09,1,1,0
15600739,Spain,Female,35,0,2,0,0
15653253,Spain,Male,48,167997.6,1,1,0
15763431,France,Male,36,82275.35,2,1,0
15643696,France,Male,49,0,2,1,0
15707473,Germany,Female,48,111962.99,1,0,0
15769504,Germany,Female,34,131736.88,1,1,0
15776807,France,Male,29,0,1,0,0
15686870,Germany,Male,36,108239.11,2,0,0
15668747,France,Female,46,98444.19,1,1,0
15766908,Germany,Male,32,114540.38,1,0,0
15570134,France,Female,35,187530.66,2,1,0
15567367,Germany,Female,42,133636.16,1,1,0
15747542,France,Male,52,0,2,1,0
15762238,Germany,Female,44,84745.03,2,1,0
15681554,Germany,Female,31,120599.38,2,1,0
15712825,Spain,Female,29,0,2,1,0
15640280,France,Male,39,127771.35,2,1,0
15756026,Spain,Female,46,0,1,0,1
15613319,France,Female,33,0,1,0,0
15798906,France,Male,69,0,2,1,0
15708917,Germany,Male,53,167772.96,1,1,0
15778463,France,Female,37,95845.6,1,0,0
15699430,France,Female,35,0,2,0,0
15649992,Spain,Male,65,134714.7,2,1,0
15578980,Spain,Female,33,0,2,1,0
15775306,Germany,Male,28,122384.22,3,1,1
15641655,France,Female,26,0,2,0,0
15619708,France,Male,25,157993.15,2,0,0
15734565,France,Male,29,0,2,0,0
15806438,Germany,Female,42,123331.36,1,0,1
15591969,Spain,Male,27,75263.16,1,1,0
15747807,France,Female,43,137824.03,2,0,0
15596939,Germany,Male,36,132578.92,2,0,0
15716155,France,Female,36,156021.31,1,0,0
15765311,Spain,Male,34,0,1,0,0
15757811,Spain,Female,69,137453.43,1,1,1
15603830,Spain,Male,36,0,2,0,0
15660602,Germany,Male,33,164284.72,2,1,0
15660535,France,Female,47,0,2,1,0
15666633,Spain,Male,56,0,2,1,0
15596914,Germany,Female,31,112373.49,2,1,0
15639788,France,Female,39,0,2,0,0
15695846,France,Female,34,0,2,1,0
15726234,Spain,Female,41,0,1,1,0
15797964,Germany,Female,29,154333.82,1,1,0
15625881,Germany,Male,37,111432.77,2,1,0
15780628,France,Female,30,0,2,0,0
15575883,France,Male,34,137390.11,2,0,0
15585036,Spain,Female,37,0,2,1,0
15589488,Germany,Female,56,111642.08,1,1,0
15585888,Spain,Female,48,0,1,1,1
15727915,France,Male,36,83543.37,1,0,0
15707567,Germany,Male,50,145338.76,1,0,1
15737792,France,Female,31,186796.37,1,0,0
15599433,Germany,Male,35,58641.43,1,1,0
15672012,Spain,Female,41,0,1,0,1
15806983,France,Male,44,137148.68,1,0,0
15592222,France,Male,49,80001.23,1,0,0
15608968,Germany,Male,21,86402.52,2,0,0
15586959,France,Female,42,0,2,0,0
15646558,Spain,Male,51,122874.74,1,1,0
15725811,France,Male,25,97544.29,1,1,0
15572265,Germany,Male,46,170826.55,2,0,0
15794048,Germany,Female,48,97133.92,2,0,1
15677610,Germany,Female,41,153895.65,1,1,0
15745012,France,Female,43,0,2,1,0
15601589,France,Female,57,0,2,1,0
15686436,Spain,Male,32,0,2,0,0
15693864,Germany,Female,49,134956.02,1,0,1
15760550,Spain,Male,39,143637.58,2,1,0
15686137,Spain,Male,32,147506.25,1,1,0
15809087,France,Male,64,0,2,0,1
15807663,France,Male,43,190227.46,1,0,1
15809100,France,Female,32,172448.77,1,0,1
15794916,France,Male,41,113980.21,1,1,0
15614215,France,Male,53,0,2,1,0
15805449,France,Male,38,0,2,0,0
15686983,Germany,Female,25,76968.12,2,1,0
15808017,France,Male,38,88293.13,2,1,0
15756804,France,Female,48,170833.46,1,0,1
15646810,Germany,Male,44,108122.39,2,0,1
15710424,France,Male,36,0,1,1,0
15799422,France,Female,40,0,1,1,0
15692750,Germany,Female,45,129818.39,3,0,1
15794549,France,Female,35,163943.89,2,1,0
15803764,France,Male,28,0,2,0,0
15674840,France,Female,38,101430.3,2,1,0
15653762,France,Female,39,117301.66,1,0,0
15581229,Germany,Female,32,173340.83,1,1,0
15800228,Spain,Female,42,0,2,1,0
15656333,France,Female,33,134348.57,1,0,0
15697497,France,Female,45,105525.65,2,1,0
15585362,France,Female,60,0,1,0,1
15571928,France,Female,43,0,3,0,1
15785519,France,Male,36,106192.1,1,0,0
15743007,France,Female,45,45144.43,1,0,1
15777211,France,Male,65,92113.61,1,1,0
15721935,France,Male,25,0,2,1,0
15591711,Spain,Male,38,128366.44,1,0,0
15625021,France,Male,42,0,2,1,0
15702968,Germany,Male,74,106545.53,1,1,0
15600462,France,Female,43,145618.37,1,1,0
15768104,Spain,Male,37,141541.25,1,0,0
15780140,Germany,Male,32,57017.06,2,1,0
15585255,France,Male,42,0,1,0,0
15772781,France,Female,51,0,3,1,1
15669987,Germany,Female,35,125884.95,2,0,1
15697000,Germany,Male,32,61825.5,1,1,0
15733119,France,Male,35,0,2,0,0
15782390,France,Female,40,0,1,0,0
15654700,France,Female,40,102967.41,1,0,1
15632210,Germany,Male,25,171770.55,1,0,0
15642041,Germany,Male,40,93051.64,2,0,1
15709737,France,Male,36,161064.64,2,1,0
15792388,France,Female,48,90612.34,1,1,0
15786014,France,Male,28,145105.64,2,0,0
15794580,France,Male,58,0,1,0,1
15675964,France,Female,45,0,1,1,1
15814275,France,Male,33,174912.72,1,1,0
15724848,France,Female,46,104947.72,1,0,1
15754713,Spain,Male,31,135213.71,1,1,0
15693814,Spain,Male,25,0,2,0,0
15599660,France,Male,36,116229.85,2,1,0
15746490,Spain,Female,53,111201.41,1,1,0
15566091,Spain,Female,32,0,1,0,0
15655961,Germany,Male,27,131899,1,0,0
15710404,France,Male,35,124525.52,1,1,0
15775625,France,Male,47,0,1,0,0
15792328,France,Male,39,0,1,1,1
15719856,France,Female,45,47134.75,1,1,0
15593773,Spain,Male,35,0,2,0,0
15733114,Spain,Male,45,0,2,0,0
15797748,France,Male,44,0,2,1,0
15743411,Spain,Male,61,0,1,0,1
15753337,France,Male,51,0,3,0,1
15601026,Germany,Female,19,138657.08,1,1,0
15658485,France,Female,34,70302.48,1,1,0
15636731,Germany,Female,36,101609.01,2,1,0
15628303,Spain,Male,35,0,1,1,0
15633461,Germany,Male,38,130170.82,1,1,0
15677135,Germany,Male,61,133802.29,2,1,0
15590876,France,Female,24,106234.02,1,0,0
15790782,Spain,Male,39,132628.98,1,0,0
15700476,Germany,Male,41,103522.75,2,1,0
15634141,Germany,Female,42,192390.52,2,0,0
15737795,Spain,Male,36,0,1,1,1
15790299,Spain,Male,37,0,3,1,0
15675316,France,Female,38,0,2,1,0
15613630,France,Male,52,109922.61,1,1,1
15662100,Germany,Female,44,128605.32,1,1,0
15668032,France,Female,37,0,1,1,0
15599289,France,Female,37,68598.56,1,0,0
15754084,Spain,Male,35,106518.52,1,1,0
15676521,France,Female,31,0,2,0,0
15804586,France,Female,46,0,1,0,1
15781465,Germany,Female,29,121326.42,1,0,0
15729362,France,Male,36,67226.37,1,0,0
15709295,Spain,Female,25,82931.85,2,1,0
15745324,Spain,Female,39,0,1,0,1
15741336,France,Female,38,118590.41,1,1,1
15783659,France,Male,67,145981.87,1,1,0
15620981,France,Female,48,73309.38,1,0,1
15630328,France,Female,48,130796.33,2,1,0
15785899,Germany,Male,33,151607.56,1,0,0
15606149,Germany,Female,66,111577.01,1,1,0
15671139,Spain,Male,39,107042.74,1,1,0
15660429,Spain,Female,42,156371.61,2,1,1
15571002,France,Female,44,129605.99,1,0,0
15631681,Spain,Female,43,0,2,1,0
15731522,Spain,Female,67,0,2,1,0
15619529,Spain,Male,27,132576.25,1,0,0
15628034,France,Female,37,129101.3,1,1,0
15686164,Germany,Female,31,108822.4,1,1,0
15582797,Spain,Male,35,137948.51,1,0,0
15753831,Spain,Male,32,100433.8,1,1,0
15731815,Spain,Male,63,96134.11,3,0,1
15580956,Germany,Female,43,115888.04,1,1,1
15602084,France,Female,42,124626.07,1,1,0
15589805,France,Female,34,139810.34,1,1,0
15720893,Spain,Female,34,0,2,0,0
15641009,France,Male,37,84496.71,1,0,0
15605926,Germany,Male,70,116854.71,2,1,0
15805955,France,Female,48,138333.03,1,1,0
15801488,France,Male,25,0,2,1,0
15605918,Germany,Male,43,78992.75,2,0,0
15779711,Spain,Female,38,97257.41,2,1,0
15705620,France,Male,34,122453.37,2,0,0
15685357,Spain,Female,36,112940.07,1,1,0
15570060,France,Female,43,132558.26,1,0,1
15582616,France,Female,38,0,2,0,0
15799515,France,Female,48,133297.24,1,0,0
15642937,France,Female,46,0,2,0,0
15624729,France,Male,27,197041.8,1,0,0
15566156,Germany,Female,44,71497.79,2,0,0
15792360,France,Male,32,0,2,1,0
15807008,Germany,Female,35,128100.28,1,0,1
15704770,France,Male,25,124532.78,2,1,0
15756475,Germany,Male,31,82293.82,2,1,0
15655339,France,Male,36,142120.91,1,0,0
15613749,Spain,Male,34,151839.26,1,0,1
15664521,Spain,Male,31,149620.88,2,1,0
15681206,France,Female,49,168197.66,1,0,1
15745527,France,Male,37,93147,2,0,0
15806926,France,Female,35,97440.02,2,1,0
15724563,Germany,Female,42,65046.08,2,1,0
15782899,Spain,Female,28,95357.49,1,0,0
15623521,Spain,Male,43,123105.88,2,0,0
15810218,Spain,Male,29,0,3,1,0
15645621,Spain,Male,44,0,2,1,0
15608114,Spain,Male,62,121286.27,1,1,0
15659557,Germany,Female,28,167738.82,2,1,0
15787772,France,Female,38,104091.29,1,0,0
15691111,Germany,Female,42,121980.56,2,0,0
15592089,France,Female,43,0,2,1,0
15633897,Germany,Male,39,50880.98,2,1,0
15701301,France,Female,42,175159.9,2,0,1
15723685,Germany,Female,26,105514.69,2,0,0
15701602,Germany,Male,52,116497.31,3,0,1
15739189,Spain,Female,33,0,2,0,0
15573086,France,Male,42,99824.45,1,1,0
15569050,France,Male,45,0,1,0,1
15750765,Spain,Male,71,0,1,1,0
15799811,France,Male,40,0,1,0,1
15698442,Spain,Male,35,122964.88,1,1,0
15655274,France,Female,29,0,2,1,0
15603594,Spain,Male,24,0,2,1,0
15585961,Spain,Female,43,0,2,1,0
15686936,France,Female,37,89634.69,1,1,1
15770424,Germany,Male,40,95710.11,2,0,0
15587451,Germany,Male,41,139706.31,1,0,0
15602010,Germany,Female,45,103909.86,1,0,1
15600583,France,Male,31,0,1,0,0
15654673,France,Male,49,173434.9,1,0,1
15717164,Spain,Male,32,102238.01,2,1,0
15765014,France,Female,48,179380.74,2,1,0
15682639,France,Male,32,0,2,1,0
15729279,France,Female,25,108691.95,1,0,0
15759805,France,Female,32,0,2,0,0
15767864,France,Male,33,0,2,0,0
15769948,Germany,Male,35,133377.8,1,1,0
15686345,Spain,Male,34,0,2,1,0
15688071,Spain,Male,53,0,1,1,0
15681174,France,Male,39,116537.6,1,0,0
15667521,France,Female,22,0,2,0,0
15750243,Spain,Male,40,0,2,1,0
15695475,France,Male,29,130131.08,2,1,0
15689176,France,Male,46,0,2,1,0
15652955,Spain,Male,30,0,1,0,0
15668958,France,Male,30,107316.09,1,0,0
15631054,France,Female,24,0,2,1,0
15581479,France,Male,30,83181.29,1,1,0
15577478,France,Female,72,0,1,1,0
15780870,Spain,Male,67,153946.14,1,1,0
15692317,France,Male,30,0,2,0,0
15593969,Spain,Female,39,135483.17,1,0,1
15570417,France,Male,35,0,2,0,0
15779059,France,Female,38,119624.54,2,1,0
15785980,Spain,Male,34,121132.26,2,0,0
15644200,Spain,Female,42,0,1,0,1
15793949,France,Female,48,0,1,0,1
15645103,Germany,Male,25,54817.55,1,0,0
15705860,Germany,Male,40,107949.45,1,0,1
15623828,France,Male,30,0,1,1,0
15715003,Spain,Female,49,80816.45,1,1,0
15623471,Germany,Male,38,98205.77,1,0,0
15798348,Spain,Female,50,94684.27,1,1,0
15743016,Spain,Female,22,141604.76,1,0,0
15769499,Spain,Female,74,0,2,1,0
15798521,Spain,Male,33,0,2,0,0
15706534,France,Female,47,122949.14,1,0,1
15706186,Germany,Male,33,81677.22,2,0,0
15812197,France,Male,38,80293.98,1,0,0
15650933,Spain,Female,48,155413.06,1,0,0
15692991,Spain,Female,38,0,2,1,0
15631189,Germany,Male,38,67111.65,1,0,1
15762198,France,Male,34,103818.43,1,1,0
15699598,France,Female,20,0,2,1,0
15692744,France,Male,36,152169.12,2,0,1
15688963,France,Female,52,0,1,1,1
15599131,Germany,Male,26,214346.96,2,0,0
15680303,France,Male,57,0,1,0,1
15628674,France,Male,40,113348.14,1,0,1
15648075,Germany,Female,47,170935.94,1,0,1
15586970,Germany,Male,52,103023.26,1,1,0
15625698,Spain,Female,23,0,2,1,0
15790497,Spain,Male,37,0,2,0,0
15682618,France,Female,31,111855.04,2,1,0
15762937,Germany,Female,32,140348.56,2,1,0
15750929,Spain,Male,39,0,2,0,0
15729832,France,Male,29,145512.84,1,0,0
15633650,Germany,Female,41,146720.98,2,1,0
15748856,France,Male,32,107209.73,1,1,0
15589195,Germany,Female,38,130933.74,1,1,0
15699911,Spain,Female,35,0,1,0,0
15663438,Spain,Male,36,89772.3,1,0,1
15692583,France,Female,32,0,2,0,0
15591257,France,Male,24,0,2,0,0
15646513,France,Male,42,0,1,0,1
15708063,France,Male,36,100749.5,3,0,1
15696098,France,Female,31,0,2,0,0
15645517,Spain,Male,22,0,2,1,0
15649744,France,Female,51,123981.31,2,1,0
15604304,Germany,Female,34,91622.42,1,1,0
15784092,France,Male,36,126195.81,1,1,0
15585198,France,Male,41,94267.9,1,1,1
15624347,France,Male,40,0,2,1,0
15621687,France,Male,34,0,2,0,0
15689081,France,Male,29,0,1,0,1
15813168,Germany,Female,39,100717.85,3,1,1
15604295,France,Male,36,0,2,0,0
15724127,France,Female,26,141581.71,2,0,0
15673055,Spain,Male,38,0,2,1,0
15768201,France,Female,39,148586.64,1,1,0
15782219,Spain,Male,29,0,2,0,0
15746410,Spain,Male,38,0,2,0,0
15780144,Germany,Female,32,123403.85,2,0,0
15590476,France,Male,28,0,2,0,0
15624293,France,Female,46,106511.85,1,0,0
15618182,France,Female,38,0,2,0,0
15660316,Germany,Female,34,135549.9,1,0,1
15678886,Germany,Male,38,110555.37,2,0,0
15616330,France,Male,31,0,2,0,0
15592229,France,Female,52,185891.54,1,1,1
15798424,Germany,Male,59,130854.59,1,1,1
15714750,France,Female,42,92578.14,2,0,0
15648800,Germany,Female,21,132312.06,1,0,1
15626147,France,Female,62,144976.5,1,0,1
15626608,Spain,Male,48,87070.23,1,1,0
15723250,France,Male,42,0,2,1,0
15592583,France,Female,47,115414.19,3,0,1
15759381,Spain,Male,61,91070.43,1,1,0
15585241,Spain,Male,29,117412.19,2,0,0
15589358,Germany,Male,31,90018.45,2,0,0
15672704,France,Female,24,0,2,0,0
15789955,Germany,Male,56,112414.81,2,0,1
15596800,Germany,Male,33,158456.76,1,1,1
15627305,Spain,Male,35,0,1,0,1
15645316,Germany,Female,58,149641.53,1,1,0
15593973,Spain,Female,33,122528.18,1,0,0
15647301,Germany,Female,45,143734.01,2,1,0
15750258,France,Female,32,155663.31,1,0,0
15685309,France,Female,35,0,1,1,1
15628205,Germany,Female,34,101736.66,1,1,0
15733974,Spain,Male,37,125822.21,1,0,0
15762110,France,Male,37,0,2,1,0
15706899,France,Male,34,0,2,1,0
15732660,France,Female,27,0,1,1,0
15656121,Germany,Male,31,157791.07,2,0,0
15614220,France,Male,22,0,2,1,0
15645269,France,Female,42,0,2,0,0
15698510,Germany,Male,42,181627.14,2,0,0
15569247,Spain,Female,57,109679.72,1,1,0
15566251,France,Female,37,96652.86,1,0,1
15716134,France,Male,40,190008.32,2,1,0
15763625,Spain,Male,41,0,2,0,0
15605965,France,Male,43,0,2,1,0
15694821,Germany,Male,43,148962.76,1,1,1
15601688,France,Male,28,0,1,0,0
15575581,Germany,Female,30,131344.52,2,0,0
15671209,Germany,Female,29,101713.84,3,0,0
15616529,Spain,Male,34,0,1,1,0
15773906,France,Male,38,0,2,0,0
15722993,France,Female,27,137963.07,1,0,0
15752463,Spain,Female,29,129938.07,1,1,0
15589754,Germany,Male,45,151421.44,1,1,0
15669899,Germany,Female,45,135643,1,0,1
15766887,Spain,Male,39,122773.5,2,1,0
15768006,France,Male,34,152303.8,1,0,0
15741295,France,Male,49,0,2,1,0
15811327,Spain,Male,54,79415.67,1,1,0
15690007,Germany,Female,58,125801.03,2,0,1
15690664,Spain,Male,37,0,2,0,0
15719348,France,Male,35,0,1,0,1
15781802,France,Male,41,104817.41,1,0,1
15752731,France,Female,30,0,1,0,0
15600997,Germany,Female,32,67495.04,2,1,0
15750776,France,Female,36,164850.54,1,1,0
15723907,Germany,Female,49,154776.42,2,0,0
15633419,Germany,Female,28,143124.63,2,0,0
15702430,France,Female,35,0,1,1,0
15710456,France,Female,27,0,2,0,0
15650351,France,Female,38,102133.38,1,1,0
15590820,Spain,Male,26,79932.41,1,0,0
15640454,Germany,Male,40,120711.73,1,0,1
15697789,Germany,Female,43,122717.53,2,1,0
15808182,Spain,Female,36,92363.3,2,0,0
15588670,Spain,Female,40,203715.15,1,0,1
15721292,Spain,Male,39,0,2,0,0
15604217,France,Male,34,0,2,0,0
15651369,France,Male,21,0,2,0,0
15782454,France,Male,49,0,1,1,1
15814032,Germany,Female,31,93460.47,2,0,0
15570326,France,Male,34,0,2,1,0
15624428,Germany,Female,24,40224.7,1,1,0
15755638,France,Female,43,168069.73,1,1,1
15600992,France,Male,36,0,2,1,0
15755649,Germany,Male,47,130538.77,1,0,0
15795228,France,Male,37,132623.6,1,1,0
15589257,France,Female,35,103465.02,2,1,0
15719302,France,Female,50,126547.8,1,1,1
15639882,France,Male,30,128262.72,2,0,0
15791279,France,Male,40,169742.64,1,1,1
15636935,France,Female,29,0,2,1,0
15686909,Germany,Male,27,150795.81,1,1,0
15589572,Spain,Female,61,129855.72,2,0,1
15779947,Spain,Female,28,146098.43,3,0,1
15573769,France,Female,24,0,2,0,0
15578866,France,Female,43,0,1,1,0
15739131,Germany,Male,28,65643.3,1,0,0
15813444,Spain,Female,34,0,2,0,0
15678058,France,Male,38,104584.16,1,0,0
15769169,France,Male,41,0,1,1,0
15804602,Germany,Male,30,99785.28,2,0,0
15651052,Germany,Male,46,127655.22,1,0,1
15724334,France,Male,22,0,1,0,0
15569451,France,Male,35,101257.16,1,1,0
15650098,France,Female,40,0,2,1,0
15724307,France,Male,76,121313.88,1,1,0
15599268,Spain,Male,32,0,2,0,0
15594864,Germany,Male,30,81523.38,1,1,0
15616451,France,Female,47,128252.66,1,1,0
15715667,France,Female,32,0,2,0,0
15658969,France,Male,51,0,3,0,1
15738174,France,Female,32,0,2,1,0
15813590,Spain,Male,42,0,2,0,1
15624229,France,Female,22,0,2,1,0
15674148,Spain,Male,33,0,1,0,1
15625080,Spain,Female,54,0,1,0,1
15682528,France,Male,33,0,1,1,0
15696900,Germany,Male,29,145541.56,2,1,0
15730038,France,Female,23,0,1,0,1
15812272,Germany,Male,44,124601.58,2,1,1
15654654,Germany,Female,33,115182.84,2,1,0
15697625,France,Male,37,163789.49,2,0,0
15616280,France,Male,46,65733.41,1,0,0
15654229,Spain,Male,47,0,2,1,0
15628298,Spain,Female,47,128486.11,1,0,0
15733387,Spain,Female,53,109663.47,1,1,0
15775572,Germany,Female,42,88324.31,2,0,0
15613844,France,Female,28,146445.24,2,0,0
15578515,France,Female,38,0,2,0,0
15607598,Spain,Female,31,0,2,1,0
15742480,Germany,Male,36,109949.05,2,1,0
15749482,Spain,Male,30,78653.05,1,0,0
15607537,Germany,Male,46,107850.82,1,0,1
15575410,Germany,Female,39,83765.35,2,0,0
15684865,France,Female,66,143773.07,1,1,0
15600700,Germany,Male,63,116227.27,1,1,0
15774155,Germany,Male,33,103471.52,1,1,0
15634267,France,Male,42,0,2,0,0
15619626,France,Male,24,137492.35,2,1,0
15660422,France,Male,28,0,2,0,0
15617934,France,Male,36,129829.59,1,1,0
15760774,France,Female,21,146329.57,2,1,0
15813132,Germany,Male,30,114027.7,1,1,0
15593331,Germany,Male,25,146580.69,1,1,0
15616709,Germany,Female,38,132122.42,2,0,0
15658052,France,Female,44,81553.93,1,0,1
15721189,France,Female,66,0,2,1,0
15711288,France,Male,24,0,2,0,0
15770030,Spain,Female,28,0,2,1,0
15803681,France,Female,26,0,2,1,0
15702789,Germany,Male,32,175214.71,1,1,0
15814930,Germany,Female,40,125534.51,1,0,1
15658306,France,Male,68,97705.99,1,1,0
15699523,Germany,Female,55,126817.65,2,0,0
15610383,France,Female,46,46870.43,4,0,1
15615032,Spain,Male,46,0,2,1,0
15781989,France,Male,42,120094.93,1,0,0
15647402,France,Female,38,0,2,1,0
15740494,France,Female,33,0,2,0,0
15701265,Germany,Female,36,104356.94,2,1,0
15743532,Germany,Male,27,147004.34,1,0,1
15794870,Germany,Male,38,73023.17,2,0,0
15747591,Spain,Female,40,173432.55,1,1,0
15726557,France,Female,42,165679.92,1,0,0
15732199,Spain,Male,31,104678.62,1,1,0
15662291,France,Female,55,116973.26,3,0,1
15749050,France,Female,36,0,1,0,0
15781586,Germany,Male,38,126732.85,1,1,0
15617078,France,Female,44,148481.09,1,0,0
15723339,France,Female,38,137654.05,2,1,0
15671322,Germany,Male,30,115315.04,1,0,0
15793854,France,Male,42,99095.73,1,1,0
15756539,Germany,Female,39,165610.41,2,0,0
15612064,France,Male,33,0,2,0,1
15625916,Spain,Male,32,161628.66,1,0,0
15683195,France,Male,32,146605.27,1,1,0
15690182,Germany,Male,37,113488.68,1,0,1
15721719,France,Male,42,77002.2,2,1,0
15641690,Spain,Male,67,0,2,1,0
15634896,France,Female,39,0,2,1,0
15671590,Spain,Male,25,0,2,1,0
15779182,Spain,Male,46,182364.53,1,0,1
15778287,France,Male,35,0,2,1,0
15609510,France,Male,45,149364.58,1,1,0
15742229,France,Male,59,127450.14,1,1,0
15658532,Spain,Female,63,162278.32,1,1,0
15590993,Spain,Male,37,152212.88,2,0,0
15565701,Spain,Female,39,161993.89,1,0,0
15597239,Spain,Male,39,131468.44,1,0,0
15688880,Germany,Male,40,102980.44,1,0,1
15813917,Germany,Male,31,143321.97,1,0,0
15679611,Spain,Female,37,130404.92,1,0,0
15636589,France,Female,41,0,2,1,0
15687752,France,Male,30,87505.47,2,1,0
15584363,France,Male,30,133634.02,1,1,0
15737748,Spain,Female,33,151233.62,1,0,0
15803365,Spain,Male,55,70263.83,1,1,0
15793247,France,Male,34,0,2,1,0
15572360,France,Male,30,57657.49,1,0,0
15795166,Germany,Male,42,153572.31,2,1,0
15724620,France,Male,37,134752.08,1,0,0
15800856,Spain,Male,34,83132.09,1,1,0
15671097,France,Female,31,0,2,0,0
15683930,Germany,Female,32,134096.53,2,0,1
15749004,France,Female,31,118100.59,2,0,0
15800434,Germany,Male,52,76915.4,1,0,1
15709117,Spain,Female,46,81576.75,1,1,1
15638806,Spain,Male,49,0,2,0,0
15662294,France,Male,33,118327.17,2,1,0
15690079,Spain,Male,30,124857.69,2,0,0
15759317,Germany,Female,27,90971.85,1,1,0
15750497,France,Female,37,153147.75,1,1,0
15596181,France,Male,38,65942.26,1,1,1
15576602,France,Male,38,0,2,1,0
15644833,France,Male,54,0,1,0,1
15734634,Spain,Female,27,100912.19,1,0,0
15808689,France,Female,31,0,2,1,0
15720702,France,Male,37,0,1,0,1
15665077,France,Female,43,0,3,1,1
15763612,Germany,Male,41,124439.49,2,1,0
15596493,France,Female,47,0,2,1,0
15704483,France,Male,40,0,2,0,0
15598846,France,Female,44,58781.76,1,0,0
15629244,Spain,Male,50,159453.64,2,0,1
15765537,Germany,Male,26,142721.52,1,1,0
15729975,France,Female,46,167795.6,1,1,0
15682773,France,Female,38,128345.69,2,0,0
15688007,Spain,Male,20,165260.98,1,1,0
15574331,Germany,Female,62,118233.81,1,1,1
15645572,France,Female,40,0,1,0,1
15742854,Spain,Female,46,0,2,0,0
15575417,Germany,Male,37,143452.74,2,1,0
15796721,France,Male,38,145018.49,2,1,0
15734942,Germany,Female,38,82407.51,1,0,0
15664772,Germany,Male,28,79460.98,2,1,0
15576683,Spain,Female,43,0,1,0,1
15682563,Spain,Male,38,126473.99,1,0,0
15650889,Germany,Female,30,133537.1,2,0,0
15612108,France,Male,52,164978.01,1,1,0
15761132,Spain,Male,46,128029.72,1,1,0
15645511,Spain,Male,43,97403.18,1,1,1
15609824,France,Female,41,176845.41,3,0,1
15640268,Spain,Male,71,0,1,1,0
15645778,Spain,Male,42,81589.04,1,0,0
15691104,Germany,Female,40,119507.58,2,0,1
15714567,Spain,Female,26,0,2,0,0
15777826,France,Male,30,94443.77,1,1,0
15668445,France,Male,37,0,2,1,0
15576162,France,Male,32,92199.84,1,1,0
15778135,Spain,Male,43,0,1,0,0
15613141,France,Female,41,135756.96,1,1,0
15635435,France,Female,54,120633.42,1,0,1
15596552,Germany,Male,48,134542.73,1,1,1
15623644,Spain,Male,29,0,2,0,0
15683403,Spain,Male,52,0,1,1,1
15615029,Spain,Male,39,0,1,1,0
15769005,France,Male,49,154344.49,2,1,0
15746326,France,Male,43,0,2,1,0
15722364,France,Male,43,189026.53,2,1,0
15704954,France,Male,37,120764.08,1,1,0
15694409,Germany,Female,22,97975.82,2,1,0
15754068,France,Male,32,0,2,1,0
15683841,Germany,Male,41,113270.2,2,1,0
15789095,Spain,Male,30,0,2,1,0
15719958,Germany,Male,39,124548.99,2,1,0
15689514,France,Male,43,201696.07,1,0,1
15621353,Spain,Female,37,0,2,0,0
15627232,Germany,Male,44,114203.47,1,1,1
15745843,Spain,Female,31,0,2,1,0
15722902,Germany,Male,50,125437.64,1,1,1
15791767,France,Female,26,0,2,0,0
15792722,France,Female,43,64897.75,1,0,0
15723006,France,Male,38,0,2,1,0
15771942,Germany,Female,46,135555.66,1,0,1
15774738,France,Male,44,107764.75,1,0,0
15574004,France,Female,27,117307.44,2,1,0
15587233,France,Male,41,73700.12,3,1,1
15808228,Spain,Female,44,60603.4,1,1,0
15682834,Spain,Female,35,40169.88,2,1,0
15571752,Germany,Female,32,92041.87,1,1,0
15743067,Germany,Male,26,130483.95,1,0,0
15714466,France,Female,41,0,3,0,1
15617982,Spain,Female,42,0,2,0,0
15696637,France,Female,23,151097.28,1,1,0
15690647,Spain,Female,46,67563.31,1,0,1
15672756,France,Female,35,112808.18,1,1,0
15704586,France,Female,42,0,2,1,0
15674526,France,Male,66,86459.8,1,1,0
15775295,France,Female,40,118633.08,1,1,1
15684196,France,Female,55,159441.27,1,0,1
15727281,France,Female,27,0,2,0,0
15787835,Germany,Female,38,125212.65,2,1,1
15730540,Spain,Male,45,88656.37,2,0,0
15646276,France,Female,32,146033.62,1,0,0
15582180,France,Male,29,120268.13,1,1,0
15697095,Spain,Male,46,0,2,0,0
15748797,Spain,Female,33,0,1,0,1
15754796,Germany,Female,46,135070.58,2,1,1
15628947,France,Female,38,0,2,0,1
15775546,Spain,Female,29,0,2,0,0
15670481,France,Female,27,122550.05,2,1,0
15619029,Spain,Female,43,0,2,0,0
15613282,France,Male,29,130306.49,1,0,0
15721487,France,Female,27,0,1,1,0
15797276,Spain,Female,41,90350.77,1,0,1
15612494,France,Female,44,128747.69,1,0,1
15629617,Spain,Male,23,126873.52,1,1,0
15600821,France,Male,69,108424.19,1,1,0
15579062,France,Male,32,0,2,0,0
15814268,France,Female,40,84350.07,1,0,0
15710164,France,Female,73,0,2,0,1
15693904,Germany,Female,30,84958.6,2,1,0
15588986,Germany,Female,29,99097.36,1,1,0
15797733,Germany,Male,30,136622.55,2,0,0
15620507,Germany,Female,30,156771.68,1,1,0
15685150,Germany,Male,28,167658.33,2,1,0
15667651,Spain,Female,33,0,2,0,0
15774166,Germany,Female,24,109483.54,2,1,0
15649280,Germany,Female,40,134504.78,1,0,0
15705657,France,Female,44,114427.86,1,1,0
15753969,Spain,Male,45,83888.54,1,1,0
15742378,Germany,Male,32,110029.77,1,0,0
15794874,Spain,Male,41,127523.75,1,1,0
15589221,Germany,Male,30,139762.13,2,1,0
15596671,Spain,Female,42,91611.12,1,0,1
15583668,France,Female,42,109471.79,1,1,0
15710206,France,Female,39,150500.64,1,0,0
15799966,Germany,Female,59,101609.77,1,0,1
15794560,France,Male,57,0,1,1,0
15626485,France,Female,26,78892.23,1,1,0
15703143,France,Female,29,82344.84,1,1,0
15809772,France,Male,48,0,1,0,0
15687959,Spain,Female,44,0,1,1,0
15585282,France,Male,62,127706.33,2,1,0
15714993,France,Female,41,124349.34,1,0,0
15596021,Spain,Male,44,0,2,0,0
15646615,Germany,Male,28,119336.29,2,1,0
15742632,France,Female,31,0,1,1,0
15574068,Germany,Male,56,104217.3,1,0,1
15806967,France,Female,65,0,1,1,0
15796334,Germany,Male,39,144757.02,1,0,1
15688713,Spain,Male,44,0,1,1,0
15796179,France,Male,43,0,1,0,0
15598751,France,Female,43,0,3,0,1
15703019,France,Female,38,0,2,1,0
15646302,France,Female,24,100169.51,1,0,0
15680855,France,Male,33,145731.83,1,1,0
15697311,Spain,Male,56,110802.03,1,1,1
15585367,Germany,Female,46,120392.99,1,0,1
15726556,Germany,Female,26,135067.52,2,0,0
15676242,Spain,Male,31,136556.44,1,0,1
15684198,France,Female,38,0,2,1,0
15774882,France,Female,35,99587.43,1,1,1
15714227,France,Female,53,0,1,1,0
15608653,Spain,Female,34,70731.07,1,1,1
15784280,Germany,Male,35,109342.82,2,1,0
15789546,Spain,Male,28,0,2,0,0
15590320,France,Male,66,0,2,1,0
15678385,France,Male,25,78247.31,2,1,0
15571778,France,Female,55,117561.49,1,0,1
15657085,France,Male,23,88980.32,1,1,0
15640627,Spain,Male,34,0,2,0,0
15566211,Germany,Female,41,103560.57,1,0,1
15669293,France,Male,37,113308.84,1,1,0
15595067,Spain,Female,40,0,2,1,0
15753566,France,Female,32,63763.49,1,0,0
15650391,France,Female,29,169988.35,1,0,0
15681843,Germany,Female,35,180303.24,2,0,0
15814846,France,Male,52,0,1,0,1
15670374,Germany,Female,49,120656.86,4,0,1
15762332,Germany,Female,31,61592.14,2,1,0
15700223,France,Male,48,164701.68,1,1,0
15729956,Spain,Female,26,80780.16,1,1,0
15594862,France,Male,36,0,2,0,0
15598782,Germany,Female,30,154221.37,2,1,0
15745080,France,Male,26,0,1,0,0
15703399,France,Female,26,101641.14,2,1,0
15732175,France,Male,37,0,1,1,0
15630725,France,Female,45,92786.66,1,0,1
15640260,Germany,Male,32,131081.66,2,1,0
15716822,France,Male,30,98014.74,1,1,0
15583748,Spain,Male,38,0,2,0,0
15605968,France,Male,26,97460.1,1,1,0
15790683,France,Male,36,104077.19,2,1,0
15607713,Spain,Female,29,0,2,1,0
15700212,France,Female,46,0,2,0,1
15626710,France,Female,39,0,1,1,0
15716491,Spain,Female,51,93656.95,1,1,1
15625824,Spain,Male,30,121345.88,4,0,1
15617705,France,Female,39,141675.23,1,1,0
15761976,Spain,Female,31,0,2,0,0
15634891,Germany,Female,43,102365.49,1,0,1
15744517,Spain,Male,50,0,1,0,1
15686963,Spain,Female,30,0,1,0,0
15808189,France,Male,52,0,2,1,0
15580845,Germany,Male,57,101868.51,1,1,0
15799156,Spain,Male,38,0,2,0,0
15694296,France,Male,35,112392.45,2,0,0
15677049,Germany,Female,25,106570.34,2,1,0
15583595,France,Female,28,0,1,1,0
15590146,France,Male,50,81947.76,1,1,1
15801548,France,Female,31,144162.3,2,1,0
15660833,Germany,Male,39,86350.87,2,0,0
15762277,France,Male,47,158623.14,1,0,1
15791302,France,Male,32,0,2,0,0
15798975,Germany,Male,48,132403.56,1,0,1
15599956,France,Male,27,0,2,0,0
15577274,Germany,Female,43,134985.66,1,0,0
15701200,France,Male,36,0,2,1,0
15638149,France,Male,37,103772.45,1,0,0
15786199,France,Male,33,133040.32,1,1,0
15701765,Spain,Female,37,0,2,0,0
15586974,France,Male,39,0,2,1,0
15729040,France,Male,42,0,2,0,0
15788676,Spain,Male,38,71460.67,2,1,0
15602497,Spain,Male,39,133214.13,1,1,0
15701333,France,Female,37,96558.66,1,0,0
15812071,France,Male,54,93806.31,2,1,0
15634375,Spain,Female,36,0,2,0,0
15738267,France,Female,64,124043.8,1,1,1
15786800,Germany,Male,52,131694.97,1,1,1
15591130,Spain,Female,29,0,2,1,0
15720662,France,Female,35,106266.8,1,1,0
15751531,Spain,Male,41,0,2,1,0
15653595,France,Male,51,0,2,1,0
15568360,Spain,Female,41,139840.36,1,1,0
15781210,France,Male,34,0,2,0,0
15668058,Germany,Male,35,124098.54,1,0,0
15597131,France,Male,32,145807.59,1,1,0
15697283,Spain,Male,23,0,2,0,0
15640953,France,Female,26,107508.93,2,1,0
15715031,France,Female,28,0,2,1,0
15589660,Germany,Female,32,145980.23,1,1,0
15769818,France,Female,37,212778.2,1,1,0
15782736,Germany,Female,47,152522.47,1,1,1
15614818,Spain,Female,33,168964.77,1,1,0
15794014,France,Female,34,0,2,0,0
15732448,France,Female,28,0,1,1,0
15723411,Spain,Female,36,98266.3,1,1,0
15797686,France,Male,38,113000.92,1,1,0
15605950,Germany,Male,23,137060.88,2,1,0
15812497,Germany,Male,37,112146.12,1,0,0
15690678,France,Female,33,129307.32,1,1,0
15747677,Spain,Male,69,163975.09,1,1,0
15618926,Spain,Male,43,0,2,1,0
15673908,Germany,Female,42,158414.85,1,1,0
15727944,Germany,Female,48,92072.68,1,1,0
15807294,Spain,Female,30,88243.29,2,1,0
15618581,Spain,Male,25,0,2,1,0
15584364,France,Male,48,59486.31,1,0,1
15599552,Spain,Female,54,0,2,1,0
15749177,Spain,Female,52,0,2,1,0
15718779,France,Male,34,0,1,1,0
15568106,France,Female,38,119278.01,2,1,0
15779481,France,Male,34,158741.43,2,1,0
15709994,France,Female,40,140596.95,1,1,1
15772777,Spain,Female,29,0,2,1,0
15706815,Germany,Male,37,90432.92,1,1,1
15618018,France,Female,35,104783.81,2,1,0
15671032,Germany,Male,42,77992.97,2,1,0
15634281,Germany,Female,43,110822.9,1,0,0
15766374,Germany,Male,42,119624.6,2,1,0
15600991,Germany,Male,31,109052.59,2,1,1
15777576,Spain,Female,40,139129.44,1,1,0
15742613,Germany,Female,42,152324.66,2,0,0
15649523,France,Male,38,0,2,0,0
15651063,Germany,Female,37,127480.58,2,0,0
15683124,France,Male,53,115029.4,1,0,1
15618314,France,Male,40,114005.78,1,1,0
15670823,Germany,Female,42,116646.76,1,0,1
15607133,Spain,Female,49,110864.38,2,1,1
15615012,France,Male,23,156267.59,1,0,0
15725141,France,Female,44,109528.28,1,0,1
15623560,France,Female,35,102482.76,1,1,0
15693018,Germany,Male,23,115563.71,1,1,0
15636756,France,Male,23,0,2,0,0
15647474,France,Female,40,95624.36,2,1,0
15576714,Spain,Female,21,0,2,1,0
15585047,France,Male,28,160376.61,1,0,0
15743976,Germany,Male,41,37702.79,1,1,0
15793881,France,Female,35,118273.83,1,1,0
15576517,Germany,Female,34,131082.17,2,1,0
15631072,France,Male,38,94456,2,1,0
15730394,France,Female,43,0,2,0,1
15631460,Spain,Female,42,0,2,1,0
15692002,France,Male,33,93791.38,1,1,0
15595282,France,Female,33,0,2,0,0
15789548,France,Female,37,0,2,1,0
15758035,France,Male,61,155973.13,1,1,0
15617518,Germany,Male,36,89409.95,1,1,0
15651802,Spain,Female,39,97854.37,2,0,0
15631813,France,Male,39,0,2,1,0
15729668,Spain,Male,29,60280.62,1,0,0
15741728,Spain,Male,36,135216.8,1,1,0
15576676,Germany,Female,28,124923.35,2,1,0
15711378,France,Male,38,0,2,0,0
15765520,Germany,Male,27,188614.07,1,0,0
15656726,France,Male,32,62321.62,1,1,0
15647842,Germany,Female,48,120782.7,1,0,1
15719309,France,Female,42,115961.58,2,1,0
15748718,France,Male,28,115062.61,1,0,0
15594404,France,Female,49,160602.25,2,0,0
15751158,France,Female,42,108825.34,3,0,1
15593470,Germany,Female,36,166287.85,1,1,0
15695129,France,Female,31,152663.77,1,1,0
15640865,Germany,Female,31,80844.69,2,1,0
15714080,Germany,Female,40,97001.36,2,0,0
15648721,France,Male,64,0,2,1,0
15801466,France,Female,39,122524.61,2,0,0
15750248,France,Female,35,132292.63,1,0,0
15758726,France,Female,24,0,2,1,0
15781553,Germany,Female,49,91502.99,1,0,1
15649121,France,Male,52,0,1,0,1
15674811,Germany,Male,29,59385.98,2,1,0
15646037,France,Male,77,0,3,1,0
15722578,Germany,Female,21,97956.5,1,1,0
15665695,France,Female,49,0,2,1,0
15801062,Spain,Female,40,0,2,1,0
15662955,France,Male,27,141223.68,2,0,0
15770309,France,Male,18,151762.74,1,1,0
15657386,Germany,Male,43,141749.74,2,1,0
15777797,Spain,Male,38,75075.14,1,1,1
15783955,France,Female,25,165686.11,2,0,0
15804516,France,Male,38,0,1,0,0
15681758,Spain,Female,25,0,2,0,0
15630321,France,Male,44,0,2,0,0
15588248,France,Female,28,0,2,1,1
15591932,France,Male,32,92961.61,1,0,0
15810347,Spain,Female,30,0,2,1,0
15595303,Germany,Male,46,130812.91,1,1,1
15634950,Germany,Male,57,107174.58,1,1,1
15685372,Spain,Male,54,152677.48,1,1,1
15745827,France,Male,30,132005.77,1,0,0
15755868,France,Male,35,0,1,0,0
15735222,Spain,Female,23,0,2,1,0
15604804,France,Female,33,127305.5,1,1,0
15718944,France,Female,37,0,2,0,0
15678626,Spain,Female,31,0,2,0,0
15571550,France,Male,39,0,1,0,0
15723053,Germany,Male,32,170291.22,2,1,0
15661528,Spain,Male,47,102562.23,1,0,0
15754177,Spain,Male,53,111061.01,2,0,0
15683544,Spain,Male,62,0,1,1,0
15708048,France,Female,34,124379.14,1,0,0
15701109,France,Female,37,0,1,1,0
15600110,Germany,Female,41,57745.76,1,0,0
15651533,Germany,Female,50,129293.74,1,0,1
15777904,France,Female,45,0,2,1,0
15655574,Germany,Female,40,150777.1,1,0,0
15569423,Spain,Male,41,0,2,0,0
15718106,France,Male,34,0,2,0,0
15585067,Spain,Male,31,108632.48,1,1,1
15675501,France,Male,59,153861.1,1,1,0
15633233,France,Male,56,100374.58,1,0,1
15667134,France,Male,32,0,2,0,0
15659105,France,Female,47,61196.54,1,0,0
15575409,Germany,Male,31,116891.72,1,0,0
15752342,Germany,Female,54,133656.91,3,0,1
15654851,France,Male,44,92911.52,1,1,0
15741429,Spain,Female,31,119825.75,2,1,0
15682356,France,Female,37,111852.84,2,0,0
15806447,Germany,Male,32,106683.52,2,1,0
15800229,Germany,Male,40,139022.24,1,1,0
15663441,Germany,Female,40,148571.07,1,0,1
15791991,France,Male,52,0,1,1,0
15775082,France,Male,42,129776.72,2,1,0
15579706,France,Female,46,0,1,0,1
15718247,Spain,Female,46,0,2,1,0
15755722,France,Male,24,0,1,0,0
15582259,France,Female,37,0,2,1,0
15716994,Spain,Male,24,114739.92,1,0,1
15586880,Germany,Male,41,122545.65,2,1,0
15713854,France,Female,37,0,2,0,0
15780835,Germany,Female,26,131908.35,1,1,0
15675896,Germany,Female,42,105722.69,1,1,1
15658459,Spain,Male,33,0,2,0,0
15658057,Spain,Female,44,0,3,0,1
15801767,Spain,Female,40,0,2,0,0
15569178,France,Female,18,82767.42,1,0,0
15731478,France,Female,42,87842.98,1,0,0
15811236,Spain,Male,39,133261.13,1,1,0
15746749,Spain,Female,32,0,2,1,0
15662758,France,Male,41,97925.11,1,0,0
15709387,France,Male,52,0,1,1,0
15572093,France,Female,24,140453.91,1,0,0
15713826,Germany,Female,20,117356.19,1,0,1
15570205,Spain,Male,36,0,2,1,0
15589348,Spain,Male,37,137204.77,1,1,0
15804610,France,Female,41,0,2,1,0
15700854,Spain,Male,35,0,1,0,1
15758836,Spain,Male,36,54098.18,2,1,0
15772933,Spain,Male,31,0,1,1,0
15809006,France,Male,23,113758.48,2,0,0
15689612,Spain,Female,34,0,1,1,0
15744614,France,Male,37,118636.92,1,1,0
15704250,France,Male,34,0,2,0,0
15700255,Germany,Male,44,95488.82,2,0,0
15669410,France,Male,30,110829.52,2,0,0
15807595,Germany,Male,51,144244.59,2,0,0
15664523,Germany,Female,31,122021.92,2,0,0
15642833,France,Female,30,0,2,0,0
15605279,France,Male,50,0,4,1,1
15713644,Spain,Male,22,0,2,0,0
15750466,Germany,Male,42,85839.62,1,0,0
15739054,France,Female,29,96974.97,1,1,0
15612771,France,Male,35,148172.44,1,1,0
15788483,Spain,Male,38,0,1,0,0
15732832,France,Female,40,0,2,0,0
15772892,France,Female,49,0,1,0,0
15713843,Spain,Male,30,0,2,1,0
15567993,Spain,Male,28,134766.85,1,0,0
15617603,Germany,Male,30,123210.56,2,1,0
15744983,Spain,Male,47,139887.01,1,1,0
15630419,France,Male,44,149961.11,1,0,0
15738828,Germany,Male,45,152880.97,1,0,0
15778025,Germany,Male,43,108589.47,2,1,0
15799479,Spain,Male,33,0,1,1,0
15684269,Spain,Female,35,56674.48,1,0,1
15762745,Spain,Male,32,0,1,0,0
15746970,Spain,Female,57,0,2,1,0
15725024,Germany,Female,33,105663.56,2,1,0
15592116,France,Female,39,0,2,0,0
15624391,Spain,Female,30,100683.54,1,1,0
15567422,France,Male,42,0,2,0,0
15612627,Germany,Male,29,139541.58,2,0,0
15574879,Germany,Female,37,121801.72,2,1,0
15745107,Germany,Male,38,112281.7,1,1,0
15734491,Spain,Female,36,0,2,1,0
15675320,Spain,Female,40,93499.82,2,0,0
15643824,France,Male,33,132255.99,2,1,0
15643438,France,Male,20,0,2,0,0
15721730,Spain,Female,44,0,2,0,0
15680727,France,Male,49,121973.28,1,0,0
15752508,Germany,Male,32,99462.8,2,1,0
15808846,Germany,Female,21,165878.76,2,1,0
15727251,France,Male,30,117494.27,1,0,0
15663489,Germany,Female,29,138577.34,1,0,0
15683677,Spain,Male,39,0,1,1,0
15596414,Spain,Male,41,107525.07,1,0,0
15730639,France,Male,23,139224.92,2,0,0
15672132,France,Female,42,121453.63,1,0,0
15742638,France,Female,25,0,2,1,0
15578603,Germany,Female,54,77354.37,1,0,1
15726088,France,Male,40,0,1,1,0
15682533,France,Female,39,79259.99,1,1,0
15772995,France,Male,30,116295.29,1,0,0
15765694,Spain,Female,59,0,1,1,1
15659486,Germany,Male,34,74309.81,1,0,0
15568963,Germany,Male,34,152797.9,1,0,1
15703820,France,Male,42,133701.07,2,0,1
15569410,Germany,Female,33,114430.18,2,1,0
15632256,France,Male,29,127504.57,1,0,0
15724466,Germany,Female,41,84113.41,1,0,0
15777639,Spain,Female,23,101126.66,2,0,0
15802501,Germany,Male,33,103564.83,2,0,0
15778410,Spain,Female,52,0,1,1,1
15670702,France,Male,37,168178.21,2,1,0
15704763,Germany,Female,39,143903.11,1,1,1
15645544,Germany,Female,30,129753.69,1,0,0
15757646,France,Male,35,0,2,0,0
15701121,France,Male,38,110641.18,1,1,1
15796313,France,Female,36,166909.2,2,0,1
15815660,France,Female,34,154139.45,1,1,0
15602844,France,Male,38,97459.06,1,0,0
15636238,France,Male,40,0,2,1,0
15770101,Germany,Male,43,112088.04,2,1,0
15645543,France,Female,34,0,2,1,0
15596397,France,Female,48,0,2,1,0
15770525,Spain,Male,28,141038.57,2,0,0
15684267,Germany,Male,39,84468.67,2,1,0
15689980,Spain,Female,36,118520.26,1,0,1
15633260,France,Male,37,142663.46,1,1,0
15756471,Germany,Male,27,118627.16,2,1,0
15721303,Spain,Male,34,137523.02,1,0,0
15802256,France,Male,28,110976.23,2,0,0
15725664,France,Female,38,107283.4,1,0,0
15674851,France,Male,38,0,2,0,0
15701946,France,Male,34,124314.45,1,0,0
15748947,France,Female,41,95858.37,1,1,0
15673342,France,Male,36,0,2,0,0
15601008,France,Male,33,0,2,0,0
15771636,Spain,Female,36,0,1,0,0
15642002,France,Female,35,117707.18,2,0,1
15693381,Spain,Male,38,135289.33,2,1,0
15607691,France,Male,36,174060.46,1,1,0
15589380,Germany,Male,40,114446.84,2,1,0
15603846,Spain,Male,37,0,2,0,1
15753549,France,Male,25,157848.53,1,0,1
15725355,France,Female,43,0,1,1,0
15773017,Spain,Female,37,0,2,1,0
15625641,Germany,Female,74,108071.36,2,1,0
15776467,Spain,Female,35,14262.8,2,0,0
15746451,Spain,Male,41,102749.72,1,1,0
15777922,Spain,Male,36,161757.87,2,1,0
15606841,France,Male,38,0,2,0,0
15757648,Germany,Female,35,95698.79,1,1,0
15677173,France,Male,37,124969.13,1,0,0
15764170,Germany,Male,44,93960.35,1,0,1
15610446,France,Female,51,88308.87,3,0,1
15612776,Spain,Female,39,0,2,1,0
15794122,France,Female,59,0,2,1,0
15774931,France,Male,30,112935.87,1,1,0
15779247,Spain,Female,24,98567.1,1,0,0
15707078,France,Female,26,180530.51,1,0,0
15605263,France,Male,33,140931.57,1,1,0
15607381,Germany,Female,31,148913.72,2,0,0
15683471,France,Male,38,0,2,0,0
15605037,France,Female,49,0,1,1,1
15576085,France,Male,41,0,2,0,0
15770435,France,Female,50,115335.32,2,1,0
15592994,France,Female,65,0,2,1,0
15624068,France,Female,26,0,2,1,0
15595221,Germany,Female,33,134678.13,1,0,0
15637131,France,Male,38,0,2,0,0
15613471,Germany,Male,31,90547.48,2,1,0
15583499,France,Male,32,103324.78,1,1,0
15752816,France,Male,29,114590.58,1,0,0
15804075,Germany,Female,36,91286.51,1,0,0
15800517,Spain,Male,32,163340.12,2,1,0
15712319,Spain,Male,45,150900.29,2,1,0
15797389,Spain,Male,23,124577.33,1,1,0
15621432,Spain,Male,35,0,2,0,0
15779390,Spain,Female,31,91292.7,1,1,0
15711219,Germany,Female,57,93716.72,1,1,1
15770498,France,Female,37,111723.08,1,1,0
15678727,Germany,Male,45,110765.68,1,0,1
15573893,Germany,Male,25,173459.45,2,1,0
15740104,Spain,Female,22,169649.73,2,1,1
15792649,Spain,Female,31,0,2,0,0
15605275,Germany,Male,45,116917.07,1,0,1
15572467,France,Male,37,0,2,1,0
15738219,France,Female,36,0,2,1,0
15600710,France,Male,22,0,1,0,0
15804394,Germany,Male,32,130627.66,1,0,1
15694188,Spain,Female,46,56580.95,2,1,0
15583718,Germany,Male,38,142316.14,1,1,0
15802478,Spain,Male,31,0,2,1,0
15619343,France,Male,56,152759,2,0,1
15758813,Germany,Male,39,109733.2,2,0,1
15761374,France,Male,54,117444.51,1,1,0
15569209,Spain,Female,34,76001.57,1,1,0
15788539,France,Female,34,107747.57,1,0,0
15747222,Spain,Female,35,0,2,1,0
15769346,France,Female,36,134997.49,2,0,0
15699634,France,Female,48,0,2,1,0
15589076,France,Male,36,0,1,1,1
15812338,Spain,Female,30,0,1,0,0
15758845,Spain,Female,37,64345.21,1,1,1
15685844,Germany,Female,35,141665.63,1,1,0
15583090,Spain,Female,29,0,2,0,0
15587581,Germany,Female,33,136624.6,2,1,0
15633640,France,Female,52,161209.66,1,1,0
15573741,Spain,Male,38,95010.92,1,1,0
15633574,France,Female,41,167545.32,1,0,0
15711455,Germany,Female,36,109044.6,1,0,1
15570601,France,Female,47,122031.55,1,1,1
15690925,Spain,Female,29,27755.97,1,0,1
15709338,France,Female,29,118560.55,1,1,0
15780746,France,Male,61,0,2,1,0
15681956,France,Male,34,0,2,1,0
15778190,Spain,Female,28,97840.72,1,1,0
15786852,Germany,Female,38,158651.29,2,1,0
15726494,France,Male,44,175303.06,1,0,1
15641183,Spain,Male,25,96950.21,1,0,0
15805312,France,Male,45,123859.6,1,1,0
15636572,France,Female,32,0,2,1,0
15632575,France,Female,70,0,1,1,0
15740164,France,Female,33,85227.84,1,1,0
15574947,France,Male,36,97786.08,2,1,0
15597909,Germany,Male,33,128135.99,1,0,0
15782574,Spain,Male,33,0,2,0,0
15734999,Spain,Male,36,85996.19,1,0,0
15706593,Spain,Female,50,0,2,1,0
15766686,Germany,Female,39,104502.11,1,0,0
15590268,Spain,Male,35,95772.97,1,1,0
15763055,Spain,Male,31,98108.79,1,1,0
15664754,Germany,Male,39,131607.28,4,1,1
15643630,Spain,Male,55,63127.41,2,0,1
15641043,Spain,Male,35,0,2,1,0
15768095,France,Male,31,0,1,1,0
15811314,Germany,Female,36,140355.56,2,0,0
15669922,Spain,Female,36,0,2,1,0
15707114,France,Male,30,0,2,1,0
15670602,Germany,Male,24,107418.27,1,1,0
15713479,France,Male,35,0,2,0,0
15663830,Spain,Male,32,0,2,1,0
15566958,Spain,Male,39,167557.12,1,1,0
15680918,Spain,Male,34,117300.02,1,0,0
15663921,France,Male,60,0,2,1,0
15716324,France,Female,23,143672.9,1,1,0
15796969,France,Male,33,0,2,1,0
15574783,France,Female,37,0,2,1,0
15773487,Germany,Female,31,76798.92,1,0,0
15802486,France,Male,34,0,2,1,0
15783398,Spain,Female,49,115309.75,1,0,0
15649418,France,Female,29,178171.04,2,1,0
15604588,Spain,Female,38,0,2,1,0
15735428,Spain,Female,37,0,2,0,0
15629078,Germany,Female,45,127258.79,1,1,1
15806880,Spain,Female,30,0,1,1,0
15754999,France,Female,33,0,1,1,0
15781034,Spain,Male,67,0,2,1,0
15622017,Spain,Female,33,0,1,1,0
15705885,Spain,Male,36,0,2,1,0
15677382,Spain,Female,69,107569.96,1,1,0
15566843,Germany,Male,20,134874.4,1,1,0
15608387,France,Female,29,0,2,0,0
15810786,France,Female,67,0,2,1,0
15626983,Spain,Female,48,0,2,1,0
15773605,Spain,Female,32,0,2,0,0
15811261,Spain,Male,42,70105.87,1,1,0
15590606,France,Male,41,0,2,0,0
15576644,Germany,Female,29,78939.15,1,0,1
15750264,Germany,Male,30,105128.85,2,1,0
15741554,Spain,Male,31,113836.27,1,1,0
15769051,Spain,Male,25,0,1,1,0
15812198,Germany,Male,48,100900.5,1,0,1
15699772,Germany,Female,40,129248.11,2,0,1
15744105,France,Female,28,109118.05,2,1,0
15739858,France,Male,56,0,1,1,1
15723720,France,Female,31,0,2,1,0
15638355,France,Female,35,126397.66,1,0,1
15805637,France,Male,36,108546.16,3,0,1
15629575,France,Male,36,148061.89,1,0,1
15586243,France,Male,44,122277.87,1,1,0
15757931,France,Male,24,0,2,0,0
15716023,France,Male,31,0,2,1,0
15647782,Germany,Male,36,152899.24,2,0,0
15716609,Germany,Male,54,134388.11,1,0,1
15623791,Spain,Female,40,109740.62,1,0,0
15627262,Germany,Male,23,92366.72,2,0,0
15652693,France,Female,26,129109.02,1,0,1
15586993,Spain,Female,56,0,2,1,0
15815560,Germany,Male,74,105102.5,1,1,0
15584930,Germany,Male,30,111375.32,2,0,0
15799031,France,Male,39,0,2,0,0
15810457,Germany,Female,33,150412.14,2,0,0
15697879,France,Male,30,156660.72,2,0,0
15594902,France,Male,38,90957.81,1,1,0
15799710,France,Male,37,104960.46,1,1,0
15659651,Germany,Female,31,117052.82,1,0,1
15645956,Spain,Male,44,88915.85,1,0,0
15651713,France,Male,45,148071.39,1,0,0
15737265,Germany,Male,39,152182.83,1,0,0
15687310,Spain,Male,39,0,2,0,0
15607347,France,Male,22,130056.23,1,0,1
15698321,Germany,Male,34,95039.73,2,1,0
15657812,France,Male,52,0,2,1,0
15569187,Spain,Male,35,0,2,0,0
15681562,France,Female,43,112773.73,2,1,0
15615456,France,Female,37,123806.28,1,0,1
15589793,France,Male,53,144453.75,1,0,1
15781884,Germany,Male,27,94667.29,2,1,0
15675190,France,Male,21,0,2,1,0
15600734,Spain,Male,51,174397.21,2,1,0
15779176,Germany,Female,58,108888.24,3,1,1
15605286,France,Male,55,118803.35,2,1,1
15674922,France,Male,54,171137.62,1,1,1
15737506,France,Male,42,0,1,0,0
15780514,France,Male,33,136678.52,1,0,0
15623647,Spain,Female,36,135515.76,1,0,0
15668472,Spain,Female,24,177799.83,2,0,0
15692416,Spain,Female,52,143542.36,3,0,1
15771139,Germany,Male,34,147487.23,2,0,0
15738318,France,Female,40,97764.41,1,0,1
15772243,France,Female,33,0,1,0,1
15638463,Germany,Female,48,139480.18,1,1,0
15598088,Spain,Male,25,0,2,1,0
15693468,Spain,Female,39,140553.46,1,0,0
15671930,France,Female,36,0,2,1,0
15762268,France,Female,41,141162.08,1,0,0
15780954,Spain,Male,26,65848.36,2,0,0
15700174,Spain,Female,30,83319.28,1,0,0
15635728,France,Male,41,0,2,0,0
15679283,France,Female,33,129731.64,2,0,0
15591386,France,Female,35,0,2,0,0
15694192,Spain,Female,38,0,2,0,0
15585901,Spain,Male,35,0,3,0,1
15792329,Germany,Male,37,107106.33,2,0,0
15635597,France,Male,33,0,2,1,0
15775880,France,Female,30,0,2,1,0
15630913,Spain,Female,69,105303.73,1,1,0
15756680,France,Male,28,165798.1,1,0,0
15587913,Spain,Female,40,0,2,0,0
15737605,Spain,Female,45,126495.57,2,1,0
15627876,Spain,Female,47,116393.59,1,0,1
15772601,Germany,Female,41,81733.74,2,0,0
15758606,France,Male,54,0,1,1,1
15657107,Spain,Female,46,106171.68,1,0,1
15622454,Spain,Male,28,96020.86,1,1,0
15775803,Spain,Male,41,0,2,1,0
15570859,Germany,Male,36,181671.16,2,1,0
15748381,France,Female,29,185709.28,2,1,0
15787189,Germany,Male,60,134250.17,3,0,1
15666055,France,Female,49,0,1,0,1
15617648,France,Female,44,95671.75,2,1,0
15755678,France,Male,62,0,2,0,1
15624781,France,Female,34,142151.75,2,1,0
15779497,France,Male,43,127823.93,1,1,0
15567399,Germany,Male,43,144164.29,1,1,0
15613656,France,Male,58,63492.94,1,1,0
15734311,France,Female,27,0,2,1,0
15657214,France,Male,74,0,2,1,0
15799350,France,Male,41,106134.46,1,1,0
15729970,Germany,Male,29,127269.75,1,1,0
15725835,Germany,Female,32,124493.03,2,1,1
15745543,France,Male,39,0,2,0,0
15727384,Germany,Female,43,146547.78,1,1,1
15666916,France,Male,43,99610.92,2,0,0
15732917,Germany,Male,46,117837.43,1,0,1
15612050,Spain,Female,48,168522.37,1,1,0
15726267,France,Male,32,117337.54,2,1,0
15780124,France,Male,74,108131.53,1,1,0
15742238,Germany,Male,35,136496.12,2,0,0
15679024,France,Male,32,116324.53,1,0,0
15715297,Germany,Female,40,75470.23,1,1,0
15633612,France,Male,28,172646.82,1,1,0
15602929,Spain,Female,37,0,1,0,0
15696703,Germany,Male,27,160358.68,2,0,0
15756668,France,Male,30,98415.37,1,1,0
15565779,Germany,Female,30,57809.32,1,0,0
15795519,Germany,Female,18,128743.8,1,0,0
15761477,Germany,Male,24,130806.42,2,0,0
15731890,France,Male,41,123971.16,1,1,0
15633043,Spain,Female,39,0,1,0,1
15752953,France,Male,45,0,2,0,0
15603088,Spain,Female,23,0,2,1,0
15606613,France,Female,59,0,1,0,1
15635939,France,Female,39,0,2,0,0
15666043,France,Male,33,156297.58,2,1,0
15746190,Spain,Female,28,0,2,1,0
15591357,France,Male,51,123372.3,1,1,0
15658716,Germany,Female,37,92171.35,3,0,1
15679909,Spain,Male,41,0,2,0,0
15634262,Germany,Male,34,148375.19,2,1,0
15799825,France,Female,44,0,2,1,0
15756875,Spain,Male,34,147422.44,1,1,0
15678146,Spain,Female,24,173962.32,1,0,1
15710743,France,Male,47,0,1,1,1
15595831,Germany,Female,64,145215.43,1,1,0
15626684,France,Female,38,167539.97,1,1,0
15709846,France,Female,39,94968.97,1,0,0
15635459,Germany,Female,27,106116.5,2,0,0
15642544,France,Male,34,0,2,1,0
15566494,France,Male,45,0,2,0,0
15655238,France,Female,31,0,2,0,0
15733429,Germany,Male,34,120018.86,2,1,0
15814536,France,Male,37,112541.54,2,0,0
15771702,France,Female,35,166118.45,2,0,0
15723008,France,Female,45,102882.4,2,1,1
15797160,France,Female,49,0,1,1,1
15792222,France,Female,37,106881.5,2,0,0
15644765,Germany,Male,26,120727.97,1,1,0
15610686,France,Male,63,169832.57,1,0,1
15730868,France,Male,41,0,2,1,0
15705991,Germany,Male,38,113599.42,1,0,0
15577078,Spain,Male,38,0,1,1,1
15679550,France,Male,32,0,2,0,0
15787655,France,Male,47,0,2,0,0
15668081,Spain,Female,50,0,2,1,0
15747980,Spain,Male,38,146282.79,2,0,0
15710295,Germany,Female,38,119413.62,2,0,0
15724443,Germany,Female,29,122084.63,1,1,0
15571305,Germany,Female,35,103060.63,1,0,1
15569503,France,Male,44,0,2,1,0
15581840,France,Male,33,0,2,0,0
15772262,Germany,Male,37,110483.86,1,1,0
15767794,France,Male,31,120718.28,1,1,0
15629338,Spain,Female,31,36566.96,1,0,1
15790379,Germany,Male,28,108601,1,1,0
15750684,France,Female,42,0,1,0,1
15697214,Spain,Female,36,0,2,1,0
15711015,France,Male,36,0,2,1,0
15573309,Spain,Female,48,0,2,1,0
15805303,Germany,Male,44,141136.62,1,0,1
15741385,Germany,Male,45,108231.37,1,1,0
15780254,France,Male,40,0,1,0,1
15744843,Spain,Female,34,144855.34,1,0,0
15815626,France,Male,63,68432.45,2,1,1
15784736,France,Male,45,136855.24,1,0,0
15813412,France,Female,55,44020.89,1,0,1
15809143,Germany,Male,32,133060.63,1,1,0
15617617,Spain,Male,39,0,2,1,0
15779738,France,Male,24,0,1,1,0
15668669,France,Female,36,97665.61,1,0,1
15687477,Germany,Male,28,185013.02,1,0,0
15578908,Spain,Female,32,0,2,1,0
15687658,France,Female,52,65971.61,2,0,1
15615020,Germany,Female,41,150463.11,2,1,0
15608886,France,Female,33,0,2,0,0
15602551,Spain,Male,39,0,2,0,0
15672945,France,Female,37,136425.18,1,0,0
15757408,Spain,Male,38,250898.09,3,1,1
15806132,France,Male,55,146798.81,1,1,0
15813022,Spain,Male,70,0,2,0,0
15673578,Germany,Female,40,128486.91,2,0,0
15757916,France,Female,38,0,2,1,0
15689168,Spain,Male,37,143407.29,2,1,0
15769216,France,Female,43,0,1,0,1
15593295,France,Male,57,76165.65,1,1,0
15804814,France,Male,40,0,2,0,0
15778934,Spain,Female,49,0,2,1,0
15802351,Germany,Female,33,90560.3,2,1,0
15630241,France,Male,61,62391.22,1,1,0
15719561,France,Male,42,0,3,0,0
15615096,France,Female,31,0,2,1,0
15659931,Germany,Female,55,123378.2,1,0,1
15714586,Spain,Female,42,99836.47,1,1,0
15634949,Germany,Male,74,161434.36,2,1,0
15589224,Spain,Male,41,0,2,1,0
15795990,Germany,Female,48,138311.76,1,1,1
15603216,France,Male,25,0,2,0,0
15631201,Spain,Female,28,0,2,0,0
15686255,Germany,Male,35,101744.84,1,0,0
15746594,Spain,Male,33,0,1,0,0
15718893,Germany,Female,54,125456.07,1,0,1
15671609,France,Male,44,0,2,0,0
15652540,France,Male,31,0,2,1,0
15774857,France,Female,27,0,2,0,1
15791836,France,Male,29,0,2,0,0
15651554,Germany,Female,54,118449.21,1,1,1
15583576,France,Male,30,0,1,1,0
15732740,Spain,Female,32,178095.55,1,0,0
15723320,Germany,Female,25,109175.14,2,0,0
15603851,France,Male,32,127785.17,4,0,1
15777923,France,Female,45,0,2,1,0
15735719,France,Female,40,0,2,1,0
15703482,Germany,Male,34,134260.36,2,0,0
15605835,France,Male,37,69143.91,2,1,0
15664881,France,Male,34,100054.77,1,0,0
15757568,France,Female,45,0,1,1,0
15792660,France,Male,38,116248.88,1,0,0
15599722,Spain,Female,43,86053.52,2,1,1
15726354,France,Female,32,123157.95,1,0,0
15610355,France,Male,44,63438.91,1,0,0
15704284,Germany,Male,57,95295.39,1,0,1
15621893,France,Male,18,133550.67,1,1,0
15588219,France,Female,38,106871.81,2,0,0
15688619,Spain,Male,45,105266.32,2,1,0
15765518,France,Female,51,105229.53,1,0,1
15616931,France,Male,41,102768.42,1,0,0
15758372,France,Male,18,0,2,1,1
15782591,France,Male,35,112689.95,1,0,0
15612109,France,Male,38,122334.26,2,1,0
15613712,Spain,Male,34,0,2,0,0
15639322,Spain,Male,33,137847.41,2,0,0
15594349,France,Male,49,122486.47,1,1,0
15574167,France,Male,33,101286.11,1,1,0
15811842,Spain,Male,26,0,2,1,0
15648794,Spain,Male,57,101247.06,1,0,1
15771211,France,Male,38,86977.96,1,1,0
15588614,France,Male,57,0,1,0,1
15630698,France,Female,55,110123.59,1,1,1
15694200,France,Male,36,178111.82,1,0,1
15721426,Germany,Male,65,126306.64,3,0,1
15725997,France,Female,35,100768.77,1,0,0
15762138,France,Male,42,0,2,0,0
15750649,France,Female,44,0,2,1,0
15685706,France,Female,40,118991.79,1,1,0
15641835,France,Male,72,140997.26,1,1,0
15586821,France,Male,28,0,2,1,0
15569678,Germany,Male,32,166824.59,1,0,0
15793842,France,Female,34,76322.69,1,0,0
15667554,France,Male,35,0,2,1,0
15794479,Spain,Male,77,149083.7,1,1,0
15585041,France,Male,33,0,2,1,0
15780650,France,Male,40,0,1,1,0
15780846,France,Male,33,126588.81,2,1,0
15805260,Germany,Female,56,143249.67,1,0,1
15621629,Germany,Male,43,81844.91,2,1,0
15662151,France,Male,40,0,1,1,0
15747174,Germany,Male,58,190298.89,2,1,0
15651585,Germany,Male,35,117212.18,1,1,0
15649738,France,Female,46,0,2,1,0
15633108,France,Male,26,139848.17,1,0,0
15769254,Germany,Female,34,101861.36,2,0,0
15704746,Spain,Male,35,167455.66,2,1,0
15637644,France,Female,24,0,2,1,0
15609562,Spain,Female,43,116360.07,1,0,0
15787459,Spain,Male,40,88466.82,1,0,0
15762902,France,Female,42,0,2,1,0
15738605,Germany,Female,46,123642.36,1,1,1
15724889,Spain,Male,38,0,1,1,0
15730735,France,Male,38,72286.84,2,1,0
15689147,France,Female,40,0,2,0,0
15730397,Spain,Male,40,109681.61,1,1,0
15762169,Germany,Male,37,145018.64,2,0,1
15589320,Spain,Male,34,0,1,1,0
15799211,Spain,Female,32,187487.63,1,1,0
15798310,France,Male,35,165692.91,1,1,0
15609998,Germany,Female,59,137648.41,1,0,1
15583548,Spain,Female,47,118560,1,0,1
15761763,France,Male,33,164385.53,1,0,0
15764409,France,Male,37,108286.5,1,1,0
15710161,France,Female,34,0,2,1,0
15735246,Spain,Female,58,0,2,0,1
15791700,Germany,Male,47,118079.47,4,1,1
15670753,Spain,Male,35,127283.78,1,1,0
15573876,Spain,Male,48,0,2,0,0
15770174,France,Male,29,141389.06,1,0,0
15641114,France,Male,37,130091.5,1,1,0
15682435,France,Male,35,143744.77,2,0,0
15751788,Spain,Male,28,97408.03,1,1,0
15672598,Spain,Male,30,111927.45,1,1,0
15762803,France,Male,31,0,2,0,0
15812982,Spain,Male,38,0,1,0,0
15597901,France,Male,34,0,1,1,0
15731507,France,Female,33,188285.68,1,0,0
15809826,France,Female,46,109705.52,1,0,1
15764237,Spain,Male,33,0,2,0,0
15769917,Germany,Female,34,127122.79,3,1,0
15641850,France,Male,40,98241.04,1,0,0
15770974,Germany,Female,37,170840.08,2,0,0
15803749,Germany,Female,41,87541.06,2,1,1
15684999,France,Female,26,62610.96,2,1,0
15770225,France,Male,36,0,2,1,0
15627484,France,Female,47,113328.93,1,0,0
15610337,Spain,Male,35,104832.49,1,0,0
15752488,Spain,Female,31,102289.85,1,1,0
15610056,Germany,Female,34,125227.82,2,1,0
15806049,Germany,Female,49,140510.89,1,0,0
15736069,Germany,Female,35,132253.22,1,0,1
15763662,Germany,Male,43,39043.29,2,1,0
15615575,France,Male,34,0,2,1,0
15691723,Spain,Male,55,99685.06,1,0,0
15774098,Germany,Male,38,125385.49,2,1,0
15750808,Spain,Male,46,131365.37,2,1,0
15744368,Spain,Male,58,98308.51,1,1,0
15610594,France,Female,37,0,2,0,0
15756125,Spain,Male,44,140856.16,2,0,0
15623277,France,Female,30,0,2,1,0
15795954,France,Male,35,172274.01,1,0,0
15671969,Spain,Male,36,0,2,0,0
15791268,Spain,Male,38,122447.76,1,0,0
15713655,France,Female,38,0,2,1,1
15633930,Spain,Female,56,157559.59,2,0,1
15712849,Germany,Male,41,126550.7,1,0,1
15639077,France,Female,30,158584.82,3,0,1
15808784,France,Male,28,163569.61,2,1,0
15648577,France,Female,31,0,1,1,1
15670345,Germany,Female,33,127211.45,1,0,0
15633112,Germany,Male,42,118199.97,2,0,1
15714397,Germany,Female,30,101014.08,2,1,0
15780038,Spain,Male,38,119208.85,1,0,1
15756305,France,Female,66,0,2,1,0
15578799,France,Female,58,53772.73,1,1,1
15800326,Spain,Female,39,0,2,0,0
15785485,Germany,Female,41,138878.81,1,1,0
15783958,Spain,Female,37,130922.81,2,0,0
15727546,France,Male,35,0,2,1,0
15739576,Spain,Male,20,0,2,1,0
15631333,Spain,Female,25,130866.19,1,0,0
15604782,Germany,Female,33,187257.94,1,1,0
15589643,Spain,Female,41,0,1,1,0
15585533,France,Male,36,147733.64,1,1,0
15681506,Spain,Male,43,0,2,1,0
15630551,France,Male,33,163139.27,1,1,0
15698349,Spain,Female,35,0,2,1,0
15776631,France,Female,36,119540.15,1,1,0
15762216,France,Female,41,129553.76,2,0,0
15623927,France,Male,55,0,2,1,0
15681402,Germany,Female,61,66101.89,1,1,0
15586264,France,Male,43,140431.98,1,0,1
15594685,France,Female,49,0,2,0,0
15812945,France,Female,29,0,1,1,0
15734628,France,Female,35,0,2,0,0
15629323,Germany,Female,37,116471.43,2,0,1
15666823,France,Male,39,0,2,0,0
15777553,France,Female,56,123785.24,1,0,1
15613097,France,Female,33,0,2,1,0
15622217,France,Female,38,88758.95,2,0,1
15703588,Germany,Male,25,153611.83,2,0,0
15570835,Germany,Female,57,112044.72,1,1,1
15679299,Spain,Female,27,123826.07,1,1,0
15808044,France,Female,65,106804.26,3,0,1
15579208,France,Female,48,0,2,1,0
15684951,France,Female,59,68892.77,2,0,1
15667620,France,Female,43,0,2,0,0
15582960,France,Female,33,125827.43,1,1,0
15590730,Spain,Male,34,0,2,0,0
15763747,France,Male,36,0,2,1,0
15778320,Germany,Female,40,148495.64,1,0,0
15642787,France,Male,37,133043.66,1,0,0
15624633,France,Male,45,74989.58,1,1,0
15766765,Germany,Male,39,60263.23,1,0,0
15783615,Germany,Male,50,129370.91,4,1,1
15640161,Germany,Male,44,157955.83,2,0,0
15619889,France,Male,26,0,1,0,0
15579166,France,Female,30,70729.17,1,1,0
15789097,France,Male,48,0,2,1,1
15674880,Spain,Male,50,0,2,0,0
15778157,Spain,Male,27,90721.52,2,0,0
15779064,France,Male,27,0,2,1,0
15801265,Spain,Female,45,57784.22,1,0,1
15589204,France,Male,33,131765.72,1,0,0
15664543,France,Male,40,0,1,1,1
15582714,Germany,Male,47,110022.74,1,1,1
15797595,France,Female,40,131569.63,1,1,0
15614034,Germany,Male,61,164523.5,2,1,0
15763171,Germany,Female,25,114330.95,1,1,0
15647266,Spain,Female,45,135923.16,1,0,0
15757577,France,Female,61,0,2,1,0
15736656,France,Female,49,0,2,1,0
15635078,Spain,Male,45,124693.48,1,1,0
15680141,Spain,Female,35,147936.42,1,1,0
15576945,France,Male,29,0,1,0,0
15602034,France,Female,34,126558.92,1,0,0
15732020,Germany,Male,57,106938.11,2,1,0
15611029,Germany,Female,33,140002.35,1,0,0
15621210,Germany,Male,46,123444.72,1,1,1
15569222,France,Male,32,147107.91,1,1,0
15664639,France,Male,19,128514.84,1,0,0
15724223,France,Female,55,0,1,0,1
15644621,Germany,Female,40,106756.01,2,0,0
15756056,Spain,Female,28,0,2,0,0
15700353,France,Female,37,0,2,0,0
15624388,Germany,Female,50,155393.32,1,1,1
15627212,France,Female,36,110414.48,1,1,0
15648005,Spain,Male,33,0,2,1,0
15681446,Germany,Female,37,157098.52,1,1,0
15775888,Germany,Female,38,85626.6,1,1,0
15749019,Germany,Male,45,93796.42,2,1,0
15709928,Spain,Female,41,0,2,0,0
15784676,France,Male,51,125268.03,2,0,0
15748116,France,Female,29,148143.84,1,1,0
15612193,Spain,Male,29,115545.33,2,0,0
15762984,Spain,Male,35,0,2,0,0
15613713,France,Male,30,44928.88,1,1,0
15664204,Spain,Male,29,0,2,1,0
15639415,France,Male,35,162442.35,1,0,0
15806332,Spain,Female,39,0,2,1,0
15614929,Germany,Male,28,96213.82,2,0,0
15695492,France,Female,29,156569.43,1,0,0
15635972,Spain,Male,36,0,2,0,0
15616380,Spain,Female,37,0,2,0,0
15581440,Germany,Female,48,110463.25,2,1,1
15654390,France,Male,33,154575.76,1,0,1
15660688,Spain,Female,35,0,2,0,0
15806307,France,Male,37,0,2,1,0
15647975,Germany,Male,26,147037.32,1,0,0
15595728,Germany,Male,41,119276.31,1,0,1
15735388,France,Female,25,108664.85,2,0,0
15788535,Spain,Male,44,0,1,0,0
15765902,Germany,Male,38,163034.82,2,1,0
15642345,Germany,Female,49,93059.34,1,0,1
15641250,Spain,Male,38,179581.31,1,0,0
15706163,Germany,Male,46,113625.93,1,0,1
15746708,Germany,Male,55,119961.48,1,0,1
15775203,France,Male,45,129209.48,1,0,0
15787907,Germany,Female,42,137227.04,3,0,1
15646764,Germany,Female,58,119024.75,2,0,1
15678284,France,Male,35,74623.5,3,0,1
15726791,Spain,Female,45,157929.45,1,1,1
15813144,France,Female,26,92606.86,2,0,0
15669342,Germany,Male,35,127862.93,2,0,0
15710366,Spain,Female,42,0,1,1,1
15614934,Germany,Female,37,142711.81,1,0,0
15588701,France,Female,38,0,2,0,0
15665438,France,Male,43,163159.85,1,1,0
15644896,Germany,Male,32,108586.86,1,1,0
15670205,Germany,Female,41,110624.99,1,0,0
15635776,Germany,Female,43,154846.24,2,1,0
15791053,Germany,Male,45,122917.71,1,1,1
15644005,France,Female,33,0,2,1,0
15796343,France,Female,31,82787.93,2,0,0
15751057,Germany,Male,32,102500.34,1,0,0
15623430,France,Male,34,0,2,0,0
15682600,Germany,Male,39,159492.79,1,0,1
15769312,Spain,Male,48,0,2,1,0
15708212,Spain,Female,54,118241.02,1,0,1
15650258,France,Female,35,113090.4,1,0,0
15604345,France,Female,22,65763.57,1,1,0
15578297,Germany,Female,43,125537.38,1,0,1
15671789,France,Male,31,94263.91,2,0,0
15726186,Spain,Male,29,133434.57,2,0,0
15764618,Spain,Female,39,0,1,1,0
15730738,Spain,Male,31,0,2,1,0
15637650,France,Male,50,94748.76,2,1,0
15606267,France,Female,38,98640.74,1,1,0
15625904,France,Male,26,74681.9,2,0,0
15654463,France,Male,34,0,2,0,0
15774151,Spain,Female,41,179915.85,1,0,1
15693259,France,Male,30,128207.23,1,1,0
15642468,France,Male,42,132739.26,2,0,0
15758531,France,Female,40,0,2,0,0
15728352,France,Male,27,120509.81,1,0,0
15637240,France,Male,46,124547.13,2,0,0
15595588,Spain,Female,39,0,2,1,0
15778395,Germany,Male,34,88815.56,2,0,1
15711825,Spain,Female,35,82231.51,2,0,0
15599251,Germany,Male,32,184715.86,2,0,0
15570004,France,Male,31,0,2,0,0
15656912,Spain,Male,51,0,1,1,0
15657342,Germany,Male,28,147972.19,1,0,1
15716284,France,Male,43,0,2,1,0
15672374,France,Male,52,170008.84,1,0,1
15732476,France,Female,27,0,2,1,0
15747724,Spain,Female,34,0,1,0,0
15633877,Spain,Female,42,95386.82,1,1,0
15672516,Germany,Male,51,90373.28,2,0,0
15607827,Germany,Male,34,133467.77,2,1,0
15751336,Spain,Male,30,0,2,1,0
15646539,France,Male,31,96288.26,1,0,0
15756901,France,Female,26,91547.84,2,1,0
15809286,Germany,Male,37,138292.64,2,0,1
15759021,France,Male,35,0,1,0,0
15725039,Spain,Male,32,71667.74,1,1,0
15579130,Germany,Female,43,118994.84,1,0,1
15754112,Spain,Male,55,0,2,1,0
15735522,Germany,Male,37,145610.07,2,0,0
15613326,France,Female,33,138162.81,1,0,0
15739502,Germany,Female,31,135020.21,2,1,0
15670914,France,Male,38,0,2,0,0
15604073,Germany,Female,25,135161.67,1,1,0
15806027,France,Female,52,0,1,0,1
15574886,France,Male,32,94486.47,1,1,0
15707120,France,Male,46,117640.39,1,0,0
15800845,Spain,Female,33,111379.55,1,1,0
15603914,France,Male,40,0,1,1,1
15722765,Spain,Female,57,136820.99,1,1,0
15783305,France,Female,46,98752.51,1,0,0
15574842,Germany,Female,25,158266.42,3,1,0
15607837,France,Female,29,105599.67,1,1,0
15714877,France,Female,29,0,2,0,0
15782941,France,Male,31,0,2,1,0
15630167,Spain,Female,39,139723.9,1,1,0
15759038,France,Female,41,141806.46,1,0,0
15661821,Germany,Female,49,132571.67,1,1,1
15728006,France,Male,40,180516.9,1,0,0
15712176,France,Male,31,0,2,1,0
15689351,Germany,Female,41,92805.72,1,1,1
15782247,France,Male,22,0,3,1,1
15769064,Germany,Male,39,135309.36,1,0,1
15718153,Spain,Female,74,128917.84,1,1,0
15613189,France,Female,52,56580.93,1,0,1
15661734,Germany,Male,42,131390.75,2,0,0
15592645,Spain,Male,37,0,2,0,0
15768387,France,Male,41,0,2,0,0
15792525,Germany,Female,61,97361.66,1,1,1
15586976,France,Female,42,0,1,0,1
15790659,Spain,Male,59,0,2,1,0
15691446,Spain,Male,29,0,2,1,0
15772632,France,Female,34,0,2,0,0
15706587,France,Male,57,0,2,1,0
15572461,Germany,Female,29,102714.65,2,0,0
15654409,France,Female,34,67816.72,1,1,0
15568025,France,Male,51,81710.46,1,1,0
15715769,France,Male,26,75237.54,1,1,0
15667458,Germany,Male,28,124023.18,1,0,0
15567980,Germany,Female,46,100727.5,1,1,1
15679294,France,Female,46,107238.85,2,0,0
15606507,France,Male,24,0,2,0,0
15578825,France,Female,29,139994.66,1,0,0
15619935,Spain,Female,59,126224.87,1,1,0
15636089,Germany,Female,51,145751.03,1,0,1
15727490,France,Male,47,0,1,1,1
15591766,Spain,Female,25,121166.89,1,1,0
15641629,Spain,Female,38,0,2,1,0
15813303,Spain,Male,88,0,2,1,0
15756920,France,Male,63,70655.48,1,0,1
15726403,Germany,Male,41,129901.21,1,0,1
15592765,France,Male,40,125470.81,1,1,0
15704442,France,Female,53,169406.33,4,1,1
15641136,France,Male,32,0,2,1,0
15725818,Germany,Male,40,107041.3,1,1,0
15612071,Spain,Female,32,95153.77,1,1,0
15719809,Germany,Male,32,145166.09,2,0,0
15716518,France,Female,27,0,2,0,0
15742210,France,Male,38,65962.63,1,1,0
15630617,Germany,Male,36,140418.81,1,1,1
15720838,Spain,Female,31,139799.63,1,1,0
15595537,Germany,Male,49,171787.84,2,0,0
15623196,France,Male,38,149238.97,1,1,0
15679249,Germany,Female,57,163146.46,1,0,1
15693199,France,Female,37,0,2,0,1
15661219,France,Male,32,0,2,0,0
15617136,Germany,Female,38,61482.47,1,1,0
15760294,France,Female,41,145150.28,1,0,1
15652808,France,Female,41,126670.37,1,0,0
15657139,France,Female,40,84390.8,2,1,0
15803790,Germany,Male,37,89728.86,2,1,0
15764105,France,Female,57,0,2,0,0
15672610,Spain,Male,40,118628.8,1,0,0
15766896,France,Male,37,0,2,0,0
15587735,France,Male,39,96863.13,1,1,0
15659501,France,Female,38,142263.45,1,1,0
15745001,Spain,Female,36,0,2,0,0
15651140,France,Female,32,0,1,0,0
15571148,Spain,Female,21,0,2,0,0
15776824,France,Male,28,122724.37,1,1,0
15633141,Germany,Female,35,174902.26,1,0,0
15764174,Spain,Female,26,0,2,1,0
15778155,Germany,Female,31,108914.17,1,1,1
15715920,Spain,Male,23,98052.66,1,1,0
15671917,France,Male,46,123873.19,1,1,0
15666548,Germany,Female,56,111920.13,3,0,1
15625623,France,Female,45,0,2,1,0
15748123,France,Male,20,0,2,1,0
15648735,France,Male,37,0,2,1,0
15634974,France,Female,37,75150.34,4,1,1
15713378,France,Male,38,0,2,0,0
15753370,Germany,Female,38,114753.76,1,0,0
15782659,France,Male,32,0,1,0,0
15583364,France,Female,32,111871.93,1,0,0
15625942,Spain,Female,45,0,2,0,0
15720284,Germany,Female,37,135927.06,1,0,0
15679642,Spain,Male,44,0,2,1,0
15628007,France,Male,33,0,2,0,0
15661974,France,Male,46,57037.74,1,1,0
15689341,France,Female,50,0,4,0,1
15607993,France,Female,52,79468.96,1,1,0
15693267,Germany,Female,34,121063.85,1,0,0
15769522,France,Male,51,118537.47,1,1,0
15755825,France,Male,39,0,2,0,0
15598175,Germany,Female,26,105082.07,2,0,0
15744327,France,Male,40,0,1,0,1
15798666,France,Female,36,0,2,1,0
15577064,Germany,Male,36,104702.65,2,0,0
15759436,France,Female,50,95813.76,3,1,1
15690231,Spain,Female,62,167026.61,2,1,0
15751561,Germany,Male,61,102453.26,1,0,1
15739068,Germany,Male,25,148045.45,2,1,0
15758056,France,Male,35,0,2,0,0
15742269,France,Female,24,0,2,0,0
15726490,Spain,Male,52,0,1,1,1
15738411,France,Male,34,104498.79,1,1,0
15727919,Spain,Female,29,0,2,0,0
15709396,France,Male,42,0,2,1,0
15654106,France,Male,26,149542.52,2,1,0
15621653,France,Female,29,87946.39,1,1,0
15598086,France,Female,45,68639.57,1,0,1
15752300,Germany,Male,47,148826.32,1,1,0
15658693,France,Female,60,0,2,1,0
15631838,France,Male,61,108166.09,2,1,0
15803804,Germany,Female,35,103214.71,1,0,0
15578809,Germany,Male,40,134760.21,2,0,1
15752026,France,Male,58,0,1,1,1
15723706,France,Female,33,90124.64,1,0,0
15752838,Spain,Male,38,0,2,1,0
15569571,Germany,Female,46,87361.02,2,0,1
15769703,Germany,Female,45,111257.59,1,0,1
15679770,France,Female,61,131583.59,4,1,1
15791102,Germany,Male,41,95020.8,3,1,1
15655192,Spain,Female,24,0,2,1,0
15709487,Germany,Male,34,80242.37,2,0,0
15687130,France,Female,43,0,1,1,0
15755178,France,Male,50,0,3,1,1
15634772,Spain,Female,59,122661.39,1,1,0
15617197,France,Male,50,0,2,1,1
15631240,France,Female,36,0,2,1,1
15784301,France,Male,42,0,2,0,0
15631310,France,Female,53,0,1,1,0
15756560,Spain,Female,46,81742.84,2,0,0
15732270,Spain,Male,71,0,1,1,1
15739357,Spain,Male,30,145127.85,1,0,0
15771540,France,Male,38,148912.44,1,0,0
15567486,Spain,Female,41,0,2,1,0
15714634,France,Male,26,89900.24,2,0,0
15727021,Germany,Female,30,119027.28,2,1,0
15650670,Germany,Female,40,105222.86,2,0,0
15711834,Spain,Female,30,0,1,0,1
15729763,Spain,Male,34,116114.93,1,1,0
15646566,France,Female,58,187911.55,1,1,0
15645463,France,Female,27,0,2,1,0
15672144,France,Female,38,144432.04,1,1,1
15596088,France,Female,50,77065.9,2,1,0
15614878,Germany,Female,29,180520.29,1,1,0
15635240,France,Male,42,0,2,0,0
15775905,Germany,Female,47,130024.87,1,1,1
15700657,Germany,Female,40,110086.69,1,0,0
15611905,Spain,Female,31,174853.46,1,0,0
15652527,France,Male,44,108724.98,1,1,0
15785865,France,Male,58,91285.13,2,1,0
15645942,Spain,Male,40,0,2,1,0
15688691,Germany,Female,51,110610.41,2,1,1
15592736,Germany,Male,54,102994.04,1,0,1
15673529,Spain,Male,36,59893.85,2,0,0
15724145,Germany,Male,29,149318.55,1,0,0
15704629,France,Female,32,116409.55,1,1,0
15597896,Germany,Male,30,127760.07,1,0,1
15731790,Germany,Female,38,132591.36,1,1,1
15634719,France,Male,31,0,2,0,0
15703205,France,Female,46,113402.14,2,1,0
15567333,France,Female,31,0,2,0,0
15754537,France,Male,40,0,1,0,0
15612030,France,Male,28,0,2,1,0
15573242,France,Male,50,136953.47,1,1,0
15601892,France,Male,33,0,2,1,0
15663885,France,Male,32,0,1,1,0
15701096,France,Male,44,123863.64,1,0,0
15710450,Spain,Male,22,120811.89,1,1,0
15790846,Germany,Male,38,148430.55,1,1,0
15658956,Germany,Male,40,47869.69,2,1,0
15755223,Germany,Male,53,150926.99,2,0,0
15787318,Germany,Female,47,103163.35,1,0,1
15737310,France,Male,29,130206.28,1,0,0
15763665,France,Female,28,136674.51,2,0,0
15668818,Spain,Female,40,200322.45,1,1,0
15765812,Spain,Male,48,0,2,1,0
15704844,Spain,Male,62,80927.56,1,1,0
15744582,France,Female,24,0,3,0,1
15616700,Spain,Female,41,0,2,1,0
15683521,Germany,Male,28,142574.71,2,0,0
15583049,Germany,Female,34,160426.07,1,1,0
15643752,France,Male,25,116160.23,1,0,0
15620398,Spain,Female,34,98683.47,2,0,0
15715707,France,Male,32,118829.03,2,1,0
15814209,France,Male,31,118870.92,1,0,0
15733768,France,Male,32,0,1,1,0
15755242,France,Female,46,0,1,1,0
15729412,France,Male,38,107192.38,1,1,0
15746564,France,Male,42,108010.78,1,1,0
15588446,Spain,Male,34,0,2,0,0
15665221,France,Male,26,129837.72,2,1,0
15640846,Germany,Female,58,106458.31,4,0,1
15700209,France,Male,63,97009.15,1,1,0
15658360,Spain,Male,35,122929.42,2,0,0
15602735,Germany,Male,45,152296.83,4,1,1
15724834,France,Female,30,0,2,0,0
15800062,Spain,Male,49,0,1,0,1
15685300,France,Male,35,128993.76,2,0,0
15760102,France,Female,36,0,1,0,0
15787026,Germany,Male,27,185267.45,2,1,0
15653696,France,Female,28,0,2,0,0
15788946,Spain,Female,29,116805.82,1,0,0
15600724,Germany,Male,29,129750.68,1,0,0
15574324,Germany,Female,29,129177.01,2,1,0
15707144,Germany,Male,25,82506.72,2,0,0
15775891,Germany,Male,48,107247.69,1,1,1
15711789,Spain,Female,42,0,1,0,1
15600879,Germany,Female,36,157780.93,2,0,0
15681196,France,Male,35,172170.36,1,1,0
15716000,Spain,Male,48,0,2,1,0
15766776,France,Male,41,0,1,1,0
15680278,Spain,Female,42,75361.44,1,0,1
15688637,France,Female,27,0,2,1,0
15591179,Spain,Male,30,0,2,1,0
15677435,France,Female,29,98263.46,2,0,0
15698619,France,Male,43,0,2,1,0
15581036,Germany,Female,40,109308.79,2,0,1
15622117,Spain,Female,31,0,2,0,0
15599301,Germany,Female,28,164365.44,1,1,0
15581548,Spain,Female,22,98800,1,0,0
15586870,France,Male,27,193125.85,1,1,0
15735263,France,Male,27,51522.75,1,1,0
15765322,France,Male,23,84284.48,2,1,0
15582944,Spain,Female,39,0,2,0,0
15687162,France,Male,51,119889.84,1,0,1
15644962,France,Male,21,137910.45,1,1,0
15612615,France,Female,37,0,2,0,0
15813439,France,Male,33,100116.82,1,0,0
15604544,Germany,Male,40,166082.15,2,1,0
15761348,France,Female,38,0,2,0,0
15785078,Spain,Male,26,0,1,0,0
15759874,France,Male,44,148595.55,1,0,1
15643658,Germany,Male,53,94078.97,2,0,0
15713267,Spain,Female,34,0,2,1,0
15737782,France,Male,29,0,1,1,0
15815490,Germany,Male,40,164948.98,3,0,1
15679410,France,Female,62,140549.4,1,0,1
15756241,France,Female,44,152509.25,1,1,0
15688409,France,Female,28,191864.51,1,0,1
15742272,France,Female,44,96418.09,1,0,1
15717898,Spain,Male,32,131945.94,1,1,0
15769582,France,Male,29,0,2,1,0
15635660,Germany,Male,30,142910.15,1,0,1
15576723,France,Female,37,0,2,1,0
15591577,France,Male,35,146311.58,1,1,0
15582325,France,Male,52,87894.26,1,0,1
15693947,France,Female,19,97445.49,2,0,0
15760446,France,Female,64,0,1,1,1
15611105,Spain,Male,35,0,2,1,0
15630920,France,Male,34,154485.74,2,0,0
15574910,France,Male,50,115625.07,1,0,0
15756472,France,Male,25,108396.67,1,0,0
15682890,Germany,Male,38,65095.41,2,1,0
15641994,Germany,Male,43,103018.45,1,0,1
15733297,France,Female,38,84764.79,1,1,0
15767793,France,Female,38,0,2,0,0
15725698,Spain,Female,35,115680.81,1,1,0
15813532,France,Female,39,0,2,0,0
15576760,Germany,Male,36,73088.06,2,0,0
15732102,Germany,Female,27,150905.03,2,0,0
15739046,Spain,Female,23,143054.85,1,1,0
15631927,Spain,Female,28,0,2,0,0
15672115,France,Male,60,0,2,1,0
15618765,Germany,Female,42,99948.45,1,1,0
15679148,France,Male,44,115451.05,2,0,0
15728474,Germany,Male,32,108235.91,1,1,0
15636999,France,Male,38,0,1,1,1
15754261,Spain,Male,42,98795.61,2,0,0
15629150,France,Female,37,0,2,0,0
15736274,France,Male,31,0,2,0,0
15627697,France,Male,34,0,2,1,0
15721585,Germany,Male,29,113146.98,2,1,0
15639946,Germany,Female,39,162532.14,3,0,1
15792176,Spain,Female,40,92053.44,1,1,0
15699450,France,Male,48,0,2,1,0
15729954,France,Female,28,0,3,0,1
15600103,Germany,Female,29,104944.1,1,1,0
15786200,France,Male,31,0,2,0,0
15797010,France,Female,31,0,2,0,0
15670172,France,Female,30,107879.04,1,1,0
15627352,Germany,Male,46,110356.42,1,0,1
15622494,France,Male,27,0,2,0,0
15585835,Spain,Female,34,109783.69,2,0,0
15595071,France,Male,22,149777,1,1,0
15628203,France,Female,38,104339.56,1,0,0
15667190,Spain,Female,21,85818.18,1,1,0
15780212,France,Male,37,212692.97,1,0,0
15766869,Germany,Male,37,89696.84,2,1,0
15775741,France,Female,28,0,2,1,0
15628170,Germany,Female,32,68067.24,1,0,0
15701318,Spain,Male,67,148564.66,1,1,0
15710928,France,Female,55,136354.16,1,1,0
15682547,France,Male,38,122214,1,1,0
15631170,France,Male,45,0,2,1,0
15648702,Germany,Male,70,119684.88,2,1,0
15783444,France,Female,39,135139.33,1,1,0
15809178,Germany,Female,42,146100.75,1,0,1
15806688,Spain,Female,56,123110.9,3,1,1
15576824,Germany,Female,44,111760.4,3,1,1
15675422,France,Female,32,110728.39,1,1,0
15681550,France,Female,41,121558.46,1,1,0
15812628,Germany,Female,38,120623.21,1,0,0
15597951,France,Female,58,114713.57,1,1,0
15807045,Germany,Female,37,103457.76,1,0,0
15581748,Germany,Male,57,101134.87,2,1,0
15770420,Germany,Male,46,78136.36,2,1,0
15608230,France,Male,23,0,2,0,0
15730339,Spain,Male,30,133446.34,1,0,0
15712584,France,Female,33,0,2,1,0
15592816,Germany,Female,48,108076.33,1,0,1
15641480,France,Male,32,131354.25,1,0,0
15708505,Germany,Female,37,62974.64,2,1,0
15791131,Germany,Female,30,143340.44,1,0,0
15618225,Germany,Male,36,116993.43,2,0,0
15644724,France,Male,31,58662.92,2,1,0
15662098,Spain,Male,41,128808.65,3,0,1
15723894,France,Male,45,137555.44,1,0,0
15787699,Germany,Male,34,142393.11,1,1,0
15687738,France,Female,38,0,2,0,0
15576126,France,Female,41,125785.23,1,1,0
15658889,France,Male,22,136444.25,1,0,1
15667046,Spain,Male,38,121527.4,1,0,0
15669957,Germany,Male,52,144696.75,1,1,0
15655794,France,Male,36,0,2,1,0
15599829,France,Female,35,0,2,1,0
15753332,Germany,Male,48,128140.17,1,0,1
15671124,France,Male,25,120383.41,1,1,0
15767474,France,Female,57,0,3,1,1
15720671,France,Male,42,129735.3,2,1,0
15626787,Spain,Female,31,185078.26,1,0,1
15774491,France,Female,28,0,2,0,0
15579647,France,Male,42,0,1,1,0
15625522,Spain,Male,31,0,2,1,0
15765806,France,Male,29,144591.96,1,1,0
15566708,France,Female,45,0,2,0,1
15668347,France,Male,36,0,2,0,0
15575214,France,Male,37,0,1,0,0
15591123,Germany,Male,68,100194.44,1,1,0
15573280,Germany,Male,50,145295.31,2,1,0
15589018,Germany,Male,28,106070.29,2,1,0
15654495,Germany,Female,47,120621.89,1,1,0
15597265,France,Male,38,0,2,1,0
15733876,France,Male,36,0,2,1,0
15677217,France,Male,30,0,1,1,0
15747265,Germany,Female,27,171283.91,1,1,0
15713379,France,Male,26,0,2,1,0
15730433,Germany,Female,38,128218.47,1,0,1
15693347,France,Female,32,0,2,1,0
15715465,Germany,Male,28,77776.39,1,0,0
15680736,Germany,Female,72,124978.19,2,1,0
15610765,France,Male,29,0,2,0,0
15650034,France,Female,28,0,1,1,0
15782468,Spain,Male,51,109799.55,2,1,1
15685109,France,Male,39,0,2,0,0
15776233,Germany,Female,61,125397.21,1,0,1
15761141,Spain,Female,71,0,2,1,0
15781702,Germany,Male,38,111347.37,2,1,0
15790235,Spain,Male,40,104291.41,2,1,0
15641416,Germany,Female,61,94867.18,2,1,1
15775234,France,Male,24,0,2,0,0
15659475,France,Female,33,135703.59,2,0,0
15642202,Germany,Female,37,106453.53,2,1,0
15771417,France,Male,43,132412.38,1,0,1
15585100,Germany,Female,40,124401.6,1,0,1
15700487,France,Male,46,118022.06,3,0,1
15726589,Germany,Male,39,82531.11,1,0,0
15747503,Spain,Male,44,184552.12,1,0,1
15595883,Germany,Male,39,127278.31,1,1,0
15663826,Spain,Female,66,0,1,1,0
15742820,France,Female,45,0,2,1,0
15624793,Germany,Male,23,184244.86,1,0,0
15597930,France,Male,52,59669.43,1,0,1
15665110,France,Female,25,79543.59,1,1,0
15770719,France,Female,39,151553.19,1,1,0
15731327,Germany,Male,27,166527.88,2,1,0
15576044,Germany,Male,28,150329.15,1,0,0
15775662,France,Male,43,121911.59,1,0,0
15646817,France,Male,51,156773.78,2,0,0
15596060,Spain,Male,29,127864.26,1,1,0
15723299,France,Male,53,113709.28,1,1,1
15636982,Germany,Female,43,79974.55,1,1,0
15751175,France,Female,44,0,2,1,0
15618936,France,Female,51,0,1,0,1
15787529,Spain,Male,38,0,1,0,1
15780128,France,Male,33,144427.96,2,0,0
15615991,France,Male,42,99263.09,1,1,0
15757001,France,Female,32,79368.87,2,1,0
15595388,France,Female,30,0,2,1,0
15699550,Spain,Female,34,0,2,1,0
15581620,France,Male,28,0,3,1,0
15600934,France,Female,52,125095.94,1,0,1
15738672,Germany,Female,40,162485.8,2,0,0
15721307,Germany,Male,37,95668.82,2,0,0
15619280,France,Male,25,0,2,0,0
15768244,Spain,Female,30,0,2,1,0
15806837,France,Male,37,0,1,0,0
15643496,France,Female,34,74197.38,2,0,0
15813916,France,Female,31,89688.94,1,1,0
15626385,Spain,Female,33,103121.33,2,1,0
15603582,Spain,Female,34,0,1,0,0
15764351,Germany,Female,59,120170.07,1,1,0
15667938,France,Male,32,149136.31,2,1,0
15576360,France,Male,40,141136.79,1,1,0
15628813,France,Female,43,152341.55,1,0,0
15584190,France,Male,36,120026.98,2,1,0
15716449,Spain,Male,33,132168.28,1,0,0
15759913,Germany,Male,43,85200.82,2,1,0
15701555,Spain,Male,53,84903.33,2,1,0
15758482,France,Female,32,0,2,0,0
15758171,France,Male,20,0,1,1,0
15680346,Spain,Male,40,0,1,0,0
15649124,France,Male,30,121535.18,1,0,0
15812917,Spain,Male,35,116662.96,2,1,0
15768455,France,Male,60,0,2,1,0
15703059,Germany,Female,49,124829.16,1,1,0
15646196,Spain,Female,36,155180.56,2,0,0
15585451,Germany,Female,32,108262.87,1,1,0
15714057,Spain,Male,40,0,2,0,0
15748473,France,Male,38,0,2,0,0
15785782,Spain,Male,48,0,1,1,1
15693233,Germany,Male,38,99812.88,2,1,0
15757521,France,Male,35,132164.26,1,1,0
15812513,Germany,Male,45,103583.05,1,0,1
15674950,Germany,Male,39,142406.43,2,0,0
15678572,Spain,Male,38,99842.5,2,0,1
15713608,France,Female,41,0,2,1,0
15579262,France,Male,41,0,1,0,0
15610426,France,Female,39,81042.42,1,1,0
15776454,France,Female,48,0,1,0,1
15771483,France,Male,40,0,2,1,0
15648489,France,Male,53,199689.49,1,1,1
15646609,France,Male,33,142645.43,1,0,0
15693203,Spain,Female,75,0,2,1,0
15813067,Germany,Female,45,110219.14,1,0,1
15769829,Spain,Male,51,0,2,1,0
15662434,France,Male,25,0,2,0,0
15773503,Spain,Male,32,0,2,0,0
15705890,France,Male,45,142072.02,1,0,0
15711398,France,Female,25,0,2,0,0
15752375,Germany,Male,33,149564.61,1,0,0
15659175,France,Female,43,0,2,0,0
15597033,Germany,Male,37,153366.13,1,1,0
15590228,France,Male,21,76467.16,1,1,0
15631848,France,Female,26,121508.28,1,1,0
15654211,Spain,Female,27,0,1,1,0
15707968,Spain,Male,36,73211.12,2,0,1
15594084,France,Male,22,0,2,0,0
15651093,France,Female,55,0,2,1,0
15798824,Spain,Male,38,92674.94,2,0,0
15671591,Spain,Male,52,96196.24,4,0,1
15707189,Germany,Female,36,114391.62,1,1,0
15733581,Germany,Male,32,80262.66,1,0,0
15641640,Spain,Female,33,173331.52,1,0,0
15585284,Spain,Female,35,147285.52,1,1,0
15617866,Spain,Male,67,119785.47,2,1,0
15667751,Spain,Female,36,140137.15,1,0,0
15669411,Germany,Female,52,107467.56,1,0,1
15789425,Germany,Female,37,98218.04,2,0,1
15570943,Germany,Female,35,133607.75,1,1,0
15685829,France,Male,37,0,2,1,0
15721917,France,Female,38,95139.41,1,1,0
15776047,France,Female,29,0,2,1,0
15716024,Spain,Male,42,0,2,0,0
15675328,France,Female,37,0,2,0,0
15604314,Germany,Female,26,97331.19,1,0,0
15658339,Germany,Male,37,139265.63,2,1,0
15630402,France,Female,31,0,1,1,0
15689616,Spain,Male,34,168094.01,1,0,0
15774224,Germany,Female,30,131563.88,2,0,0
15701291,France,Male,44,0,2,0,0
15719606,France,Male,50,0,2,0,0
15644119,France,Male,31,0,1,1,0
15646859,Germany,Male,47,107363.29,1,1,0
15606836,France,Female,33,94493.03,1,1,0
15664150,Germany,Female,29,170214.23,2,0,0
15624510,France,Male,52,139781.06,1,0,1
15810944,France,Female,35,0,2,0,0
15668575,Spain,Female,26,148610.41,3,1,1
15603246,France,Male,73,170241.7,2,1,0
15804002,France,Female,33,128306.83,1,1,0
15728773,France,Female,47,0,2,1,0
15598044,France,Female,35,0,1,1,0
15694829,Germany,Male,32,175454,1,1,0
15600575,Spain,Male,41,0,2,0,0
15727311,France,Female,22,100885.93,2,1,0
15570769,France,Male,69,93320.8,1,1,0
15606274,Germany,Male,38,63176.44,2,1,0
15746139,France,Male,33,139451.67,1,0,0
15704987,France,Female,52,49113.75,1,0,0
15628972,Germany,Male,32,123906.22,3,1,1
15697686,France,Female,40,0,2,1,0
15733883,France,Male,28,0,2,0,0
15617482,Germany,Female,52,131441.51,1,0,1
15704583,France,Male,56,0,1,0,1
15621083,France,Male,57,136325.48,2,1,1
15649487,Germany,Female,38,113150.44,2,0,1
15736760,Spain,Female,42,0,1,0,0
15714658,France,Female,33,0,2,1,0
15599081,Germany,Female,46,102785.16,1,1,0
15705113,Spain,Male,34,83264.28,1,0,0
15631159,Germany,Male,41,72252.64,2,1,0
15792818,Germany,Female,29,148051.52,1,0,0
15633531,France,Female,76,138489.66,1,1,0
15744529,France,Male,63,0,2,1,0
15669656,France,Male,32,111589.33,1,1,0
15581198,Germany,Female,39,122104.79,1,0,1
15729054,Germany,Male,32,96106.83,1,1,0
15573452,Germany,Male,42,115930.87,1,0,0
15776733,Germany,Female,37,124513.66,2,0,0
15724858,France,Female,54,0,1,0,1
15713144,Spain,Male,46,0,1,0,0
15690188,France,Male,33,0,1,1,1
15689425,Spain,Male,35,100988.39,2,0,0
15671766,France,Male,44,118577.24,1,1,0
15782806,Spain,Male,28,0,2,0,0
15764419,France,Male,27,0,2,1,0
15591915,France,Female,39,0,1,1,1
15772798,Spain,Female,28,0,2,1,0
15792008,Spain,Female,26,0,2,1,0
15715541,France,Female,42,113311.11,1,1,0
15639277,France,Female,41,0,1,0,0
15798850,France,Male,32,0,2,0,0
15776348,Germany,Male,20,124365.42,1,0,1
15727696,France,Male,42,147249.29,2,1,0
15793813,France,Male,36,103688.19,1,1,0
15694395,France,Female,29,138740.24,2,0,0
15764195,Spain,Male,39,111900.14,1,1,0
15744919,Spain,Female,37,152760.24,1,1,0
15671655,Germany,Male,31,143966.3,2,1,1
15654901,France,Male,51,141556.96,1,0,0
15649136,France,Female,43,0,2,1,0
15775562,France,Female,33,0,2,0,0
15807481,France,Female,46,0,1,1,0
15642885,France,Male,30,0,2,0,0
15789109,France,Female,41,0,1,1,1
15814004,France,Male,29,0,2,1,0
15673619,France,Male,25,162560.32,1,0,0
15595135,Germany,Female,29,123229.46,1,0,0
15583681,Spain,Male,31,76665.71,2,1,0
15605000,France,Male,38,140278.99,3,1,1
15718071,France,Female,51,0,2,1,0
15679760,France,Male,46,115764.32,2,0,0
15654574,Germany,Male,36,131142.53,2,0,0
15577178,France,Male,45,68375.27,1,0,1
15595324,Germany,Female,39,117833.3,3,0,1
15756932,Spain,Female,36,0,2,1,0
15726358,France,Male,34,0,2,0,0
15595228,France,Male,45,0,1,1,1
15782530,Spain,Male,30,111093.01,1,0,0
15592877,Spain,Male,42,132657.55,1,0,0
15651983,France,Female,56,128882.49,1,1,1
15746737,Germany,Male,59,69129.59,1,1,0
15774179,France,Male,37,0,2,1,0
15667265,France,Male,39,121404.64,1,1,0
15655123,Spain,Female,45,131355.3,3,0,1
15595917,France,Female,35,102097.33,1,1,0
15668385,France,Male,40,154863.15,1,1,0
15709476,Spain,Female,41,99945.93,2,0,0
15711218,Germany,Male,39,121704.32,2,0,0
15798659,Spain,Female,43,0,2,0,0
15663939,Germany,Male,35,138782.76,1,1,0
15694946,France,Male,35,0,2,1,0
15631912,France,Male,30,136291.71,1,0,0
15768816,Germany,Male,42,107856.57,2,0,0
15682268,Germany,Female,26,108348.66,1,0,1
15684801,France,Male,47,93871.95,3,0,1
15636428,Spain,Female,45,0,1,0,1
15809823,Germany,Male,19,125860.2,1,0,0
15699284,France,Male,49,172713.44,1,0,0
15786993,France,Female,51,0,2,1,0
15709441,Spain,Female,59,0,1,1,0
15710257,France,Female,39,130786.92,1,1,0
15582492,France,Female,29,112367.34,1,0,0
15575694,Spain,Female,45,91091.06,2,0,0
15756820,France,Female,26,106198.5,1,1,0
15766289,France,Male,47,142669.93,2,0,0
15593014,France,Male,33,112833.35,1,1,0
15584545,France,Female,40,0,2,1,0
15675949,Spain,Female,43,0,2,1,0
15672091,Germany,Female,32,104336.43,2,0,0
15801658,France,Male,55,104305.74,1,1,0
15706185,Germany,Male,47,140187.1,2,1,0
15789863,France,Male,39,0,2,0,0
15720943,France,Female,45,114959.12,1,0,1
15697997,France,Male,33,164704.38,1,1,1
15665416,France,Male,62,119096.55,1,1,0
15660200,France,Male,31,0,2,1,0
15619653,France,Male,47,0,1,0,1
15773447,Spain,Male,30,0,1,0,0
15739160,France,Female,41,115465.28,1,0,0
15689237,France,Female,27,0,2,0,0
15679297,Spain,Male,43,184926.61,1,0,0
15591433,Germany,Male,43,85957.88,2,0,0
15642725,France,Male,32,114084.6,1,1,0
15701962,Spain,Female,29,166930.76,2,0,0
15811613,France,Female,27,0,1,0,0
15741049,France,Male,29,0,2,1,0
15724423,France,Female,38,107193.82,2,0,0
15574305,France,Male,36,116275.12,1,1,0
15678168,Spain,Female,27,0,2,1,0
15697020,France,Male,39,91068.56,1,0,0
15610801,Germany,Male,41,123049.21,1,1,0
15745232,France,Female,39,0,2,1,0
15722758,France,Male,40,0,2,0,0
15792102,France,Female,42,137781.65,1,0,0
15675185,Germany,Female,48,108128.96,2,1,0
15801247,Spain,Male,39,105317.73,2,0,0
15725660,France,Male,20,80569.73,1,0,0
15638963,France,Female,22,174852.89,1,1,0
15800061,Spain,Female,45,89158.94,3,0,1
15578006,France,Female,85,0,2,1,0
15668504,France,Male,36,89800.14,1,1,0
15687491,Germany,Male,45,101207.75,1,0,1
15610403,France,Male,43,106086.42,2,0,0
15741094,France,Male,21,0,2,1,0
15807909,France,Male,47,0,2,0,0
15666141,Spain,Female,26,101440.36,2,1,0
15617134,France,Male,38,0,2,0,0
15783029,France,Male,34,106603.74,2,1,0
15622833,Germany,Female,29,130420.2,2,0,0
15746422,France,Female,38,0,1,0,0
15750839,Spain,Male,29,45022.23,1,1,0
15749130,Germany,Male,27,74298.43,1,1,0
15779862,Germany,Female,31,133003.03,1,1,1
15767871,Spain,Male,48,0,2,1,0
15679651,Spain,Female,37,136689.66,1,0,0
15576219,France,Male,32,0,2,1,0
15699247,France,Female,44,0,2,1,1
15619087,France,Male,53,102520.37,1,1,0
15605327,France,Male,35,0,2,1,0
15610140,France,Female,34,0,2,0,0
15791174,Spain,Male,67,88382.01,1,1,0
15602373,France,Male,44,115049.15,2,0,0
15762605,France,Male,58,104796.54,1,1,0
15598840,France,Male,33,123082.08,1,0,0
15744279,Spain,Female,58,0,2,1,0
15670619,France,Female,33,0,2,0,0
15599533,France,Female,43,0,2,1,0
15757837,Germany,Male,33,88311.48,2,1,0
15697574,France,Female,40,0,3,1,0
15578738,France,Male,32,71872.19,1,1,0
15762228,Spain,Male,35,110046.93,2,0,0
15614827,France,Male,42,104430.08,1,1,0
15789815,France,Female,28,0,2,0,0
15579781,Germany,Male,31,138653.51,1,0,0
15587013,France,Female,31,102575.04,1,1,0
15570932,France,Male,43,137780.74,2,1,1
15794661,Spain,Male,32,0,2,0,0
15581654,France,Male,32,0,2,1,0
15644296,France,Female,30,105209.54,1,0,0
15614420,Germany,Female,32,109570.21,2,1,0
15609653,Germany,Female,44,118715.86,1,0,1
15594577,France,Male,35,0,2,1,0
15584114,Germany,Female,43,153393.18,2,1,0
15673367,Germany,Male,33,132603.36,1,0,0
15685576,Spain,Female,36,0,2,1,0
15774727,Germany,Female,34,129398.01,2,0,0
15694288,Spain,Male,28,0,2,0,0
15603319,France,Male,29,151352.74,1,0,0
15759066,France,Female,44,136836.49,1,0,1
15814816,France,Male,40,91592.06,1,0,1
15724402,France,Female,30,0,2,0,0
15571059,France,Female,54,0,1,0,1
15674206,France,Female,22,0,2,1,0
15715160,France,Male,36,165536.28,2,1,0
15730448,Germany,Male,25,62482.95,1,1,0
15662067,France,Male,40,68155.59,1,0,0
15779581,Spain,Female,43,55853.33,2,1,1
15662901,France,Male,37,0,2,1,0
15689751,France,Female,31,79589.43,1,0,0
15667742,Spain,Male,41,100880.76,1,1,0
15738448,Germany,Female,25,174330.35,2,0,0
15680243,France,Male,19,143390.51,1,0,0
15745083,Germany,Male,59,91415.76,1,0,1
15708228,Germany,Male,30,134366.42,1,0,0
15628523,France,Female,24,0,2,1,0
15708196,Spain,Male,60,88786.81,1,1,0
15735549,Germany,Male,35,96814.46,2,1,0
15809347,Germany,Male,32,160680.41,1,0,0
15660866,France,Female,29,0,2,0,0
15766609,France,Female,47,0,2,0,0
15654230,Germany,Male,31,145537.21,1,0,0
15794566,France,Female,28,0,2,1,1
15800890,France,Female,45,0,2,1,0
15697424,Spain,Female,30,119370.11,1,1,1
15724536,Spain,Female,28,0,2,1,0
15735878,Germany,Female,47,134381.52,1,0,1
15707596,Germany,Female,74,114888.74,2,1,1
15657163,Germany,Male,42,149332.48,2,0,0
15622478,France,Female,40,105061.74,3,0,1
15779529,France,Male,32,0,2,1,0
15636023,France,Female,40,0,1,1,1
15582066,France,Male,21,0,1,1,0
15666675,France,Female,39,155062.8,1,1,0
15732987,Spain,Male,43,88798.34,1,0,0
15789432,France,Male,33,0,2,0,0
15663161,Germany,Female,51,143139.87,1,0,1
15694879,Spain,Female,23,0,2,0,0
15593715,Germany,Male,27,107027.52,1,0,0
15575002,France,Male,29,140720.93,1,0,0
15622171,France,Male,30,80964.57,2,0,0
15795224,France,Male,39,178585.46,1,0,1
15685346,Spain,Female,26,135889.13,1,1,0
15691808,France,Male,43,134919.85,1,0,0
15721007,Germany,Male,33,115130.34,1,0,1
15794253,Spain,Female,34,138190.13,2,1,0
15694453,Germany,Male,37,131519.49,2,1,0
15813113,Spain,Female,56,0,1,0,1
15614187,Germany,Female,39,126935.98,2,1,0
15619407,France,Male,39,133707.09,1,1,0
15646227,France,Female,27,97893.2,1,0,0
15660541,France,Male,34,127900.03,1,0,0
15753874,France,Male,37,143835.47,1,1,0
15617877,France,Male,44,0,2,1,0
15772073,France,Male,48,0,1,0,1
15701537,France,Male,60,0,1,1,1
15736228,France,Female,40,129596.77,1,1,0
15780572,Spain,Male,30,0,2,0,0
15769596,Germany,Female,24,110407.44,2,0,1
15586996,France,Female,76,0,2,1,0
15722061,Germany,Female,41,142015.76,2,0,0
15638003,Spain,Male,55,81370.07,1,1,0
15775590,Germany,Female,48,69329.47,1,0,1
15730688,France,Female,28,116755.5,2,1,1
15753102,Spain,Male,44,83870.33,1,0,0
15810075,France,Female,39,130694.89,2,1,1
15723373,Spain,Female,34,117451.47,1,0,0
15795298,Germany,Female,35,206868.78,2,1,0
15584320,France,Female,39,111695.62,1,0,0
15724161,France,Female,40,137285.26,4,0,1
15750056,France,Female,29,149218.39,1,1,0
15609637,France,Male,51,0,2,1,0
15794493,Spain,Male,32,0,2,1,0
15569641,Germany,Female,41,130701.29,1,0,1
15815236,Spain,Male,34,0,2,0,0
15811177,France,Female,31,167949.48,1,0,0
15680587,France,Male,23,131254.81,1,0,0
15672821,France,Male,28,0,2,1,0
15767681,Spain,Male,34,0,2,1,0
15600379,Spain,Male,34,86656.13,1,1,0
15801336,Germany,Female,37,114737.26,1,1,1
15721592,France,Female,38,0,2,0,0
15581282,France,Female,39,0,1,0,0
15746203,Germany,Male,62,119817.33,1,1,1
15583137,France,Female,48,130806.99,2,1,1
15680752,France,Female,49,0,1,1,1
15688172,Spain,Male,40,0,2,0,0
15791373,Germany,Female,35,80931.75,1,0,1
15589449,France,Female,56,0,3,1,1
15692819,Germany,Male,32,132178.67,1,0,0
15727467,France,Female,27,0,2,0,0
15734312,Spain,Male,43,0,2,1,0
15764604,France,Female,35,164769.02,3,0,1
15613014,Germany,Male,29,107233.85,2,0,0
15759684,France,Female,27,176227.07,2,1,0
15609669,France,Female,39,109949.39,2,1,0
15685536,France,Female,34,0,2,1,0
15750447,France,Female,60,117738.81,1,0,1
15663249,Spain,Female,37,133292.45,1,0,0
15638646,France,Female,43,160474.59,1,1,0
15734161,France,Male,43,0,2,0,0
15631070,Germany,Male,55,154393.43,1,1,1
15761950,Germany,Female,45,110827.49,1,1,1
15649668,Germany,Female,36,145750.45,2,1,0
15713912,Spain,Female,45,109044.3,1,1,0
15586757,France,Female,32,75170.54,1,1,0
15596522,France,Female,42,0,2,0,0
15625395,France,Female,28,105795.9,1,1,0
15760570,France,Male,32,0,2,0,0
15566689,Spain,Male,66,0,2,1,0
15725794,France,Female,49,0,1,0,1
15673539,France,Female,26,118097.87,1,0,0
15705298,Germany,Male,29,172693.54,1,0,0
15675791,France,Male,36,129440.3,2,0,0
15747043,Spain,Male,36,0,2,0,0
15736397,France,Male,23,96471.2,1,0,0
15678201,France,Female,46,0,1,1,1
15720745,Spain,Male,24,140197.18,1,1,0
15637593,France,Male,20,0,2,0,0
15598070,France,Female,33,135946.26,1,0,0
15787550,France,Male,69,0,2,1,0
15603942,Germany,Male,50,81290.02,3,1,1
15733973,France,Female,42,0,1,0,1
15596761,Germany,Male,60,113715.36,1,0,1
15652400,Spain,Male,56,168883.08,1,1,0
15717893,Germany,Male,36,143421.74,1,0,0
15622585,France,Male,26,153644.39,1,1,0
15733964,Spain,Female,53,109330.06,1,1,0
15753861,Germany,Female,27,115095.88,2,0,0
15747097,France,Male,35,0,1,1,1
15594762,Spain,Male,46,183276.32,1,1,0
15667417,France,Male,33,68193.72,1,0,0
15684861,France,Female,32,0,2,0,0
15742204,Germany,Male,31,139729.54,1,1,0
15623502,Spain,Female,56,98365.33,1,1,0
15774872,France,Male,36,0,2,0,0
15611191,Germany,Female,37,122453.97,2,1,0
15674331,Germany,Male,30,132174.41,2,0,0
15619465,Spain,Female,24,0,2,1,0
15575247,France,Male,30,0,2,0,0
15695679,Spain,Male,39,104349.45,1,0,0
15713463,Germany,Female,41,138881.04,1,0,1
15785170,Germany,Female,32,116968.91,1,0,0
15796351,Germany,Male,35,105346.03,2,1,0
15639576,France,Male,26,136623.19,1,0,0
15693264,France,Female,29,0,2,1,0
15589715,France,Female,66,0,1,0,1
15769902,France,Female,33,0,2,1,0
15587177,France,Male,36,124445.52,1,0,0
15814553,France,Female,34,68999.66,2,1,0
15601550,Spain,Male,36,85768.42,1,1,0
15664907,France,Male,47,0,1,0,1
15612465,Spain,Male,34,100628,2,1,0
15810800,Spain,Female,32,0,1,1,0
15665760,Spain,Male,38,0,2,1,0
15588080,France,Male,54,0,1,0,1
15776844,Spain,Female,19,0,2,0,0
15717560,France,Male,50,125647.36,1,0,1
15629739,Germany,Female,31,100375.39,1,1,0
15729908,France,Female,36,0,1,0,0
15716781,France,Male,24,171922.72,1,1,0
15646936,Germany,Female,32,146810.99,2,1,0
15768151,Germany,Female,45,109032.23,1,1,1
15579212,France,Male,57,0,1,0,1
15721835,Spain,Male,25,0,1,0,0
15800515,France,Male,35,128653.59,1,0,0
15591279,France,Male,37,80387.81,1,1,0
15587419,France,Male,58,0,2,1,1
15750335,Germany,Male,43,108508.82,3,0,1
15699619,France,Male,31,155978.17,1,0,0
15606472,France,Female,38,0,1,1,0
15778368,Germany,Male,50,121175.56,1,0,1
15671387,France,Female,29,89349.47,2,0,0
15573926,Spain,Male,38,86131.71,2,0,0
15709183,France,Female,58,102346.86,1,1,0
15577514,Germany,Female,36,121263.62,1,1,0
15778830,France,Male,31,0,2,0,0
15768072,Spain,Female,33,0,1,0,1
15768293,France,Male,51,0,2,1,0
15654456,Germany,Male,48,149726.08,1,0,1
15807525,France,Male,43,0,2,0,1
15574372,France,Male,35,161274.05,2,0,0
15671249,France,Female,33,0,2,0,0
15779744,Spain,Male,30,103138.17,1,1,0
15624755,Germany,Female,40,109628.44,1,0,0
15611430,France,Male,54,0,1,0,1
15774744,Germany,Male,33,97286.16,2,0,0
15629885,France,Female,33,118004.26,1,0,0
15708791,Spain,Male,32,85534.83,1,0,0
15793890,France,Female,59,0,1,1,1
15646091,Spain,Female,43,95140.44,2,0,1
15596984,France,Female,31,0,1,1,1
15800215,France,Male,25,0,2,1,0
15577806,Germany,Female,54,75900.84,1,1,0
15749381,France,Female,41,126619.27,1,0,0
15683758,France,Male,44,111833.47,1,0,0
15670615,Spain,Male,37,0,2,0,0
15715622,France,Female,57,238387.56,1,1,1
15707634,France,Female,32,108698.96,2,1,0
15806901,France,Female,39,112687.69,1,1,0
15775335,Germany,Female,48,81556.89,2,0,0
15724150,France,Male,48,136596.85,1,1,0
15627220,Germany,Female,43,98807.45,1,0,1
15672330,France,Female,31,0,2,1,0
15668521,France,Male,37,0,2,1,0
15807837,France,Female,30,107499.7,1,1,0
15592570,Spain,Female,23,0,2,0,0
15748589,France,Female,30,0,2,0,0
15635893,France,Female,28,0,2,1,0
15757632,France,Female,41,176024.05,2,0,0
15691863,France,Female,39,0,2,1,0
15706071,Germany,Male,39,127631.62,1,1,1
15654296,Spain,Female,19,0,1,0,0
15755018,Germany,Female,26,109819.16,2,0,0
15594041,Spain,Female,41,138734.94,1,0,0
15670587,Germany,Male,25,111363.1,2,0,0
15724527,France,Male,34,0,2,1,0
15801904,Germany,Male,28,143988,2,0,1
15658195,France,Male,34,118838.75,1,1,0
15630113,Spain,Male,35,161637.75,1,1,0
15784320,France,Female,44,133793.89,1,1,1
15676513,Germany,Male,35,71553.83,1,0,0
15574072,France,Female,62,0,1,1,0
15633854,France,Female,40,0,2,0,0
15618566,France,Female,38,0,2,1,0
15733014,France,Female,62,64667.95,2,1,0
15753343,France,Female,28,121164.11,1,1,0
15746076,Spain,Male,50,0,2,0,0
15608226,Spain,Male,72,98903.06,1,1,0
15605684,France,Female,31,104158.84,1,0,0
15638988,France,Male,54,0,2,1,0
15628767,Spain,Female,63,139529.93,2,1,1
15737977,France,Female,25,0,2,1,0
15758116,France,Male,53,64646.7,1,0,1
15575119,France,Male,71,0,2,1,1
15625126,France,Female,40,0,2,1,0
15567114,France,Male,35,118894.22,1,0,0
15672242,France,Male,24,0,1,1,0
15681327,France,Male,30,0,2,1,0
15802585,France,Female,41,68213.99,1,1,0
15740630,Spain,Female,31,0,2,0,0
15815420,Spain,Male,47,139196,1,1,0
15711468,France,Female,32,0,2,1,0
15799626,Germany,Male,50,126345.55,1,1,1
15659325,Spain,Male,40,0,2,1,0
15651352,France,Female,38,0,1,0,1
15684925,France,Female,43,0,2,0,0
15657439,France,Male,18,0,2,1,0
15574122,France,Male,34,129278.43,1,0,0
15720508,France,Male,31,119558.35,1,0,0
15599078,Germany,Female,41,92467.58,1,0,0
15702300,France,Male,27,0,2,0,0
15660735,Spain,Female,31,0,2,0,0
15671390,Spain,Male,36,0,2,0,0
15647385,Spain,Male,56,99340.83,1,0,1
15739223,Spain,Female,24,0,2,1,0
15631305,Spain,Female,28,126833.79,2,0,1
15809263,Germany,Male,29,109676.52,1,1,0
15640866,France,Female,29,0,1,1,0
15775663,Germany,Male,53,134729.99,2,1,0
15631800,France,Male,37,98431.37,1,0,0
15654292,Germany,Male,33,130368.31,2,0,0
15648320,France,Female,31,123974.96,1,0,0
15726747,France,Male,63,138082.16,1,1,0
15694510,France,Male,45,129855.32,1,0,0
15572291,France,Male,40,132308.22,1,0,0
15603465,Germany,Female,45,155447.65,2,0,1
15685628,Spain,Male,35,124268.64,2,1,0
15792729,Germany,Female,34,176311.36,1,0,0
15767414,France,Male,40,99886.42,2,1,0
15568044,France,Female,31,0,2,1,0
15751333,France,Female,36,0,2,1,0
15623062,Germany,Male,24,85089.3,1,1,0
15713621,Germany,Male,41,134318.21,2,1,0
15670668,Germany,Male,29,75395.53,2,1,0
15750638,Germany,Female,33,116765.7,1,0,1
15747878,Spain,Male,60,0,1,1,0
15726796,France,Male,38,111501.66,1,1,0
15754952,Germany,Female,48,76595.08,2,0,0
15652192,France,Female,33,160541.36,2,0,0
15681924,Germany,Male,38,129728.6,1,0,0
15763544,France,Male,47,0,2,0,0
15764431,Spain,Female,34,130929.02,4,1,1
15684010,Germany,Female,74,116800.25,1,1,0
15648881,Germany,Male,40,101016.53,1,1,1
15733303,France,Male,67,0,2,1,0
15643294,France,Female,33,190566.65,1,1,0
15749905,Spain,Female,47,0,1,0,1
15625175,Germany,Female,43,97067.69,1,1,1
15643967,France,Female,37,92208.54,1,1,1
15578251,France,Male,37,186347.97,2,0,0
15772573,Spain,Male,55,103176.62,1,1,0
15733234,France,Female,58,0,1,1,1
15721582,Germany,Female,40,77270.08,2,1,1
15628219,Germany,Female,37,111911.63,1,1,1
15571302,Germany,Male,72,94216.05,1,1,0
15637178,Spain,Female,45,0,2,1,0
15601184,Spain,Female,26,0,2,0,0
15629511,France,Male,49,106770.82,1,0,0
15570629,Germany,Female,72,138089.97,2,1,0
15665766,Germany,Male,39,133191.19,2,1,0
15693732,France,Female,66,0,2,1,0
15765982,France,Male,41,74135.85,1,1,1
15582016,Spain,Male,41,99208.46,2,0,0
15798024,Germany,Male,84,92242.34,1,1,0
15588622,Germany,Male,25,108380.72,1,1,0
15724863,Spain,Female,55,91893.32,1,0,1
15618213,France,Female,32,85757.93,1,1,0
15780411,France,Female,46,0,2,0,0
15725429,Germany,Male,33,96759.42,1,1,0
15600626,France,Male,30,0,2,1,0
15668460,France,Male,29,0,2,1,0
15576263,France,Female,22,0,1,0,0
15720354,France,Male,71,0,2,1,0
15691624,France,Male,33,132150.26,2,0,0
15793196,France,Male,41,0,2,1,0
15633352,France,Female,31,175443.75,1,0,1
15750874,France,Male,31,78990.15,1,1,0
15588923,France,Female,33,113743.37,1,0,0
15715745,France,Female,26,157624.84,1,1,0
15611800,France,Female,62,125163.62,2,1,0
15576928,France,Female,23,0,1,0,0
15793693,France,Male,60,0,1,1,0
15581252,Spain,Female,29,80922.75,1,0,0
15797760,France,Male,40,193354.86,2,0,0
15790564,Germany,Female,40,107648.94,2,1,0
15593736,Germany,Female,46,131769.04,1,0,1
15595937,Germany,Male,36,138992.48,2,0,0
15815628,France,Female,37,113899.92,1,0,0
15782802,Germany,Male,26,114450.32,1,1,0
15627412,France,Male,39,0,2,0,0
15734609,France,Female,37,0,2,1,0
15710689,Spain,Male,40,63609.92,1,0,1
15565806,France,Male,38,0,2,0,0
15815530,France,Female,42,75497.51,1,0,0
15632272,France,Female,42,0,2,0,0
15684103,France,Female,26,0,2,1,0
15654519,France,Male,31,0,2,1,0
15767722,France,Female,39,117704.73,1,0,0
15654346,Germany,Male,35,130463.55,2,1,0
15660147,Spain,Male,32,46161.18,1,1,0
15814998,Spain,Male,42,0,2,0,0
15802207,Germany,Male,43,110182.54,2,1,0
15658668,Spain,Male,49,0,2,0,0
15715079,France,Male,41,117221.15,1,0,0
15570360,France,Female,35,0,2,0,0
15674678,Germany,Female,43,79120.27,1,0,1
15780925,France,Male,37,177069.24,2,1,0
15688193,France,Male,36,61636.97,1,0,0
15778219,France,Male,26,0,1,0,0
15696514,Germany,Female,37,104414.03,1,0,0
15712303,France,Male,66,159732.02,1,1,0
15719090,Germany,Female,34,89437.03,1,1,0
15735632,France,Male,41,0,1,1,0
15619436,France,Female,32,0,1,0,0
15722404,France,Female,30,0,2,1,0
15662063,France,Male,36,142400.77,1,1,0
15745605,France,Female,47,88011.4,1,1,1
15636658,France,Male,36,0,2,1,0
15784130,Germany,Female,30,154870.28,1,1,0
15606755,Spain,Female,46,0,2,0,1
15801699,Spain,Male,43,0,2,1,0
15784097,Germany,Male,28,118402.25,2,0,0
15764654,France,Male,37,87374.88,2,1,0
15612092,Germany,Male,32,105397.8,1,0,1
15610903,Spain,Female,31,125341.69,1,0,0
15705777,Germany,Male,49,129164.88,1,1,0
15661936,France,Male,40,141004.46,1,0,0
15700864,France,Female,21,0,2,0,0
15722965,France,Male,57,89079.41,1,1,1
15737521,Germany,Male,40,103604.31,2,0,0
15814465,France,Male,24,182705.05,1,1,0
15580988,France,Male,29,0,2,1,0
15789974,France,Male,33,94598.48,1,0,1
15713370,Spain,Male,36,188241.05,2,0,1
15748673,France,Female,37,0,2,0,0
15754919,France,Female,40,0,2,1,0
15641662,Germany,Male,39,117469.91,2,0,0
15813422,Spain,Male,35,80790.74,1,0,0
15713596,France,Female,62,107735.93,1,1,0
15791216,Germany,Male,43,133379.41,1,0,1
15689031,Spain,Female,37,168066.87,1,0,0
15763704,Germany,Female,43,69014.49,2,0,0
15631339,France,Male,28,0,1,0,0
15771509,Germany,Female,42,98548.62,2,1,0
15769586,France,Female,49,0,2,1,0
15656096,Spain,Female,26,76554.06,1,1,0
15585280,France,Female,36,0,2,1,0
15743582,France,Female,27,107375.82,1,1,0
15761692,France,Male,40,122417.17,2,1,0
15627840,France,Female,42,0,1,1,1
15778861,Spain,Male,33,97188.62,1,0,0
15770554,France,Male,31,61297.05,2,1,0
15806956,Spain,Male,30,112666.67,1,0,1
15701908,Spain,Female,40,0,1,1,0
15736990,France,Male,28,157842.07,1,0,0
15743714,France,Male,46,91443.75,1,0,0
15807993,Germany,Female,30,110148.49,1,0,1
15644686,Spain,Female,34,53299.96,2,1,0
15677377,Spain,Male,37,0,2,1,0
15626412,Spain,Male,39,0,2,1,0
15643679,Germany,Male,28,70233.74,2,1,0
15728456,France,Male,33,0,1,0,1
15630661,Spain,Female,25,75212.28,1,0,0
15734044,France,Female,31,41299.03,1,1,0
15705001,Spain,Female,35,83286.56,1,0,0
15809817,Spain,Male,43,0,2,0,0
15809137,France,Male,29,0,1,0,1
15751593,Germany,Male,35,85668.59,1,0,0
15626491,France,Female,45,57327.04,1,1,0
15765461,Spain,Male,47,0,2,0,0
15568120,France,Female,37,69609.85,1,1,0
15787161,Germany,Male,46,129269.27,1,0,0
15812324,France,Male,27,0,2,1,0
15588944,France,Female,63,165350.61,2,0,1
15694253,France,Female,41,152105.57,2,1,0
15759566,France,Male,74,0,2,1,0
15675675,France,Female,32,106290.64,1,0,0
15802060,Germany,Female,30,100548.67,2,0,0
15660505,Germany,Male,46,106344.95,1,0,1
15782630,France,Male,35,137482.19,1,0,0
15700710,France,Female,37,116465.53,1,1,0
15742834,France,Male,45,0,1,1,0
15806511,Spain,Male,45,0,2,1,0
15608166,France,Male,36,127637.92,1,1,0
15614230,France,Female,34,0,2,1,0
15729958,France,Male,37,0,1,1,0
15800814,France,Male,35,81951.74,2,0,0
15674727,France,Female,42,147531.82,1,1,0
15657779,Spain,Male,18,0,2,1,0
15801395,France,Female,33,135120.72,1,0,0
15757911,Spain,Female,32,0,1,0,0
15665340,Spain,Female,37,0,2,1,0
15787151,France,Female,34,0,2,1,0
15757821,Spain,Male,18,0,2,0,0
15600688,France,Female,39,0,2,0,0
15594878,Spain,Female,41,28082.95,1,0,1
15569248,France,Female,43,0,2,0,1
15812706,Spain,Male,49,111087.5,1,1,0
15645045,France,Female,38,0,2,1,0
15766746,France,Male,35,127120.07,1,0,0
15700383,France,Female,35,115651.6,2,1,0
15632551,Germany,Male,31,77743.01,2,0,0
15795129,France,Female,30,0,2,0,0
15650545,France,Male,69,71996.09,1,1,0
15612769,France,Male,28,61581.97,1,1,0
15710853,France,Female,24,0,2,0,0
15623712,Spain,Female,42,0,3,0,1
15653251,France,Female,84,87873.39,1,0,1
15755077,Germany,Female,37,105617.73,2,1,1
15808557,France,Female,42,0,1,1,1
15614687,Germany,Female,44,148770.61,2,1,0
15626882,Spain,Male,37,94901.09,1,1,0
15748034,France,Male,29,174851.9,1,1,0
15632324,France,Male,59,0,2,1,0
15761023,Germany,Female,43,120847.11,1,0,1
15761453,France,Male,42,0,1,0,0
15646726,France,Male,43,0,1,0,0
15637169,Spain,Female,67,103267.8,1,1,0
15636024,Spain,Female,34,109699.08,1,1,0
15801218,France,Male,49,135133.39,1,1,1
15642655,Spain,Male,33,0,1,0,0
15690130,France,Female,32,137649.47,1,0,0
15653753,Spain,Male,43,113567.94,1,0,0
15641359,Spain,Female,35,0,2,0,1
15776827,Germany,Male,37,141547.26,2,1,0
15647725,France,Female,61,62055.17,3,0,1
15648455,Germany,Male,51,131156.76,1,0,0
15580629,France,Male,31,134837.58,1,0,0
15730161,France,Female,39,0,2,0,0
15626612,Spain,Male,40,104784.23,1,0,1
15662865,Spain,Male,36,0,2,1,0
15629094,France,Female,36,156948.41,1,1,1
15651823,France,Female,60,147751.75,1,0,1
15594827,France,Male,34,124619.33,2,1,0
15786392,France,Male,41,124182.21,1,0,0
15727353,France,Female,64,142028.36,1,0,1
15733777,France,Male,44,0,1,0,1
15614302,Germany,Female,31,125837.86,2,0,0
15723263,Germany,Female,34,117160.32,1,1,1
15687270,Spain,Female,61,0,2,1,0
15803121,France,Male,51,97565.74,1,0,1
15598700,Spain,Female,30,0,2,1,0
15741875,Spain,Female,25,104833.79,1,0,0
15631709,Spain,Female,31,101675.22,2,0,0
15672970,Spain,Male,20,0,2,1,0
15761670,France,Female,50,0,1,0,1
15706005,France,Male,46,174701.05,1,0,1
15790336,Germany,Male,36,71142.77,2,0,0
15754267,Germany,Male,31,108805.42,2,1,0
15791988,France,Male,68,0,2,1,0
15683375,France,Female,32,0,1,1,0
15625151,France,Female,66,116037.76,1,1,0
15635285,France,Male,28,0,2,1,0
15574296,France,Male,23,80673.96,2,0,0
15711618,Germany,Female,39,124640.51,1,0,1
15670943,Germany,Male,31,182275.23,2,0,0
15634359,Germany,Female,41,98635.77,1,0,0
15586629,France,Male,33,0,2,0,0
15588461,France,Male,35,0,1,0,0
15773221,Spain,Male,43,79757.21,1,0,1
15664227,Germany,Male,28,53053.76,1,1,0
15741745,France,Male,28,120911.75,2,1,0
15652626,France,Male,55,115285.85,1,0,0
15599410,France,Male,41,0,2,0,0
15571958,Spain,Male,40,221532.8,1,0,0
15785406,France,Female,51,105056.13,1,0,0
15687884,France,Male,37,88363.03,1,1,0
15621685,France,Male,29,123757.52,2,0,0
15628886,Spain,Male,56,123959.97,1,1,1
15699325,Germany,Female,62,114822.64,1,1,0
15578369,Germany,Female,37,145219.3,1,0,0
15654156,Germany,Female,32,106807.64,1,1,0
15707199,France,Male,36,148159.71,1,0,0
15671630,Germany,Female,40,99745.95,1,0,0
15632079,Germany,Female,37,156282.79,1,0,0
15767921,France,Male,41,0,2,0,0
15573599,France,Female,57,0,2,1,1
15747208,France,Male,50,0,1,0,1
15582762,Spain,Male,77,0,1,1,0
15772528,France,Female,47,121376.15,2,0,1
15755798,France,Male,33,111582.11,1,0,0
15788683,Germany,Female,34,129417.82,1,0,0
15616922,France,Female,26,0,2,1,0
15771855,France,Male,37,0,2,1,0
15601873,France,Female,36,0,1,0,0
15657868,Germany,Male,40,94607.08,1,0,0
15711716,France,Female,56,131368.3,1,0,1
15734246,France,Female,21,166883.07,2,1,0
15792151,Spain,Female,37,0,2,0,0
15770159,Germany,Male,25,172812.72,2,1,0
15747649,Germany,Female,36,126606.63,2,1,0
15639357,France,Male,46,134950.19,3,0,1
15738907,France,Female,60,96956.1,1,0,1
15663446,Germany,Female,29,107601.79,1,0,1
15750867,Germany,Female,46,92060.06,1,0,1
15715939,France,Male,33,0,2,0,0
15763806,France,Male,41,0,2,1,0
15637993,France,Male,36,137688.71,1,1,0
15720338,Spain,Male,55,85845.43,2,1,0
15627162,Germany,Male,27,125552.96,1,0,0
15596710,France,Female,33,167298.42,1,1,0
15781678,Spain,Male,31,55732.92,2,1,0
15634968,Germany,Female,37,110689.07,1,1,1
15609475,Spain,Female,39,98544.11,1,1,0
15573319,Germany,Female,35,178317.6,1,0,0
15738291,France,Female,48,115713.84,2,0,0
15782456,France,Male,46,143267.14,2,0,0
15794841,Spain,Male,19,89750.21,1,0,0
15684696,Spain,Female,26,116576.45,1,0,0
15629846,Germany,Female,47,143001.5,2,0,0
15674442,France,Male,23,157761.56,1,0,0
15571689,France,Female,37,0,2,1,0
15730469,Spain,Male,31,103430.11,2,1,0
15809320,Spain,Female,52,0,1,0,1
15684367,Spain,Male,27,0,2,0,0
15793049,Germany,Female,48,115115.38,1,0,1
15603665,Germany,Female,39,122501.28,2,1,0
15613623,Spain,Male,62,0,1,1,0
15569572,France,Male,42,0,2,1,0
15698791,France,Male,45,146758.24,1,0,0
15626233,France,Female,32,0,2,1,0
15607263,France,Male,55,0,1,1,1
15610900,France,Female,70,110738.89,1,0,1
15624775,France,Male,67,94203.8,1,1,0
15691703,France,Male,47,105792.49,1,1,1
15745355,France,Male,41,153198.23,1,1,0
15724955,France,Male,38,0,2,0,0
15628999,France,Male,79,61811.23,1,1,0
15654341,France,Male,34,101116.06,1,0,0
15744240,Germany,Female,46,74458.25,1,1,0
15632365,Germany,Male,33,142871.27,2,0,0
15729689,Germany,Male,35,98585.94,2,1,0
15759284,France,Female,37,0,1,1,1
15602124,France,Male,30,0,2,1,0
15661903,France,Female,43,80764.03,1,0,1
15664668,France,Female,42,144801.97,1,1,1
15736431,Spain,Male,27,0,2,0,0
15748639,Germany,Male,35,110053.62,2,1,0
15628123,France,Female,28,118890.81,1,1,0
15602731,France,Male,31,0,1,0,1
15794137,Germany,Female,37,151218.98,1,1,0
15748696,France,Male,42,150507.21,1,1,0
15725068,Spain,Female,21,0,2,1,0
15807340,Germany,Male,33,131023.76,2,0,0
15586133,Germany,Female,44,122314.5,1,0,1
15576185,France,Male,29,0,2,1,0
15660809,France,Male,28,0,2,1,0
15616666,Germany,Female,52,111739.4,2,1,0
15706904,France,Male,43,113882.31,1,1,0
15606915,France,Male,24,98148.61,1,0,0
15749693,France,Female,32,0,2,0,0
15791743,France,Male,32,59271.82,1,1,0
15796480,France,Female,31,0,2,1,0
15790442,Spain,Male,33,0,2,1,0
15609458,France,Male,30,69413.44,1,1,0
15593897,Spain,Male,25,160599.06,2,1,0
15604576,Spain,Male,22,0,1,1,0
15666270,France,Female,40,147803.48,1,0,1
15572626,Spain,Male,44,0,2,1,0
15727197,France,Female,52,170228.59,2,0,1
15714006,France,Female,35,133111.73,1,1,0
15642137,Spain,Female,39,0,2,0,0
15665327,France,Male,18,176139.5,2,0,0
15626806,France,Female,32,0,2,1,0
15662578,Germany,Male,35,110245.13,1,1,0
15790829,France,Female,45,0,2,0,0
15654959,Spain,Male,67,158719.57,1,1,0
15760244,France,Female,76,160979.68,1,1,0
15715394,Spain,Male,35,123557.65,2,1,0
15722246,France,Female,60,0,1,1,1
15609704,France,Female,33,0,1,0,1
15757628,France,Male,40,112896.86,1,1,0
15633586,France,Female,39,120962.13,1,0,0
15565796,Germany,Male,48,96048.55,1,0,0
15717935,France,Female,21,0,2,1,0
15577700,France,Male,37,185063.7,2,1,0
15747345,France,Female,22,118064.93,2,1,0
15678317,France,Male,46,0,2,1,0
15698335,France,Female,73,0,1,1,0
15768451,Germany,Male,40,149131.03,3,1,1
15753213,France,Female,34,0,2,0,0
15769645,France,Female,35,0,1,1,0
15657565,Spain,Female,44,125512.98,2,0,0
15620323,Spain,Female,42,83492.07,2,0,0
15679983,France,Male,34,0,1,0,0
15812616,France,Female,49,0,1,0,1
15601796,France,Male,30,125739.26,1,1,0
15729489,Germany,Female,34,98592.88,1,1,1
15613216,Spain,Female,39,141789.15,1,0,0
15657937,Germany,Male,22,112949.71,1,0,0
15815428,France,Male,34,105057.33,1,0,0
15640409,Germany,Female,46,89087.89,1,1,1
15699492,Germany,Female,27,147435.96,1,0,0
15623536,Germany,Male,39,154439.86,1,0,0
15707551,France,Male,30,73054.37,2,1,0
15577999,France,Female,62,124678.35,1,0,1
15788775,Germany,Male,40,152576.25,2,0,0
15758362,France,Female,41,152243.57,1,1,0
15807961,France,Male,25,0,1,0,0
15710978,Germany,Male,42,88120.97,2,1,0
15703541,Germany,Female,51,143930.92,1,1,1
15626474,France,Female,31,0,2,0,0
15608344,Germany,Female,29,137059.05,3,0,1
15768367,France,Female,27,186558.55,1,1,1
15806210,Spain,Male,66,115654.47,2,1,0
15697702,Spain,Male,29,0,2,0,0
15689152,Spain,Male,38,126152.84,1,0,0
15568573,Germany,Female,51,105701.91,1,1,1
15689598,France,Male,46,0,1,1,1
15713374,Germany,Male,67,157094.78,1,1,0
15679733,Germany,Male,40,113228.38,2,1,0
15759274,France,Female,32,0,1,1,0
15607748,Germany,Male,37,108432.88,2,1,0
15607577,Spain,Male,27,0,1,1,0
15813697,Germany,Female,44,120702.67,2,1,0
15801125,France,Female,32,0,1,0,0
15777855,France,Male,45,0,2,1,0
15635396,Germany,Female,29,139106.19,1,0,1
15698031,Germany,Female,39,101851.8,2,0,0
15678944,Germany,Female,32,130935.56,1,0,1
15718507,Germany,Male,37,116509.99,1,1,1
15808334,Germany,Female,37,93124.04,2,1,0
15804709,Germany,Male,35,111578.18,1,0,1
15645835,France,Male,32,0,2,1,0
15738166,France,Female,39,86546.29,1,1,0
15675360,France,Male,33,0,1,1,0
15793042,France,Male,39,129669.32,2,0,0
15630106,Spain,Male,29,0,2,0,0
15810385,Spain,Female,36,164557.95,1,1,0
15578211,France,Male,23,0,2,1,0
15572792,Spain,Male,35,118989.92,1,1,0
15620030,France,Male,29,0,1,0,0
15783541,France,Male,31,0,2,1,0
15679284,Spain,Female,45,79259.75,1,0,0
15582910,France,Male,38,112230.38,1,0,1
15688337,France,Male,40,118129.87,1,1,0
15734970,Spain,Male,38,86824.09,1,0,0
15759140,France,Female,64,128306.7,1,1,0
15643042,Germany,Female,40,117641.43,2,0,0
15773868,Germany,Female,37,125734.2,2,0,1
15615820,France,Male,49,103302.37,1,1,0
15730273,France,Male,27,0,1,0,0
15724890,Spain,Male,36,82696.09,2,0,0
15765952,France,Male,29,145471.37,1,0,0
15685920,Spain,Male,34,101506.66,1,0,0
15663263,France,Male,47,156265.31,2,0,0
15568953,France,Male,27,128554.98,1,1,0
15643361,Germany,Male,34,139959.55,2,1,0
15699486,Spain,Male,34,132944.53,1,1,0
15747854,France,Female,35,0,3,1,0
15691785,France,Male,61,0,1,0,1
15709004,Germany,Male,22,93547.23,2,1,0
15652218,France,Male,33,152302.72,1,0,0
15697127,France,Female,31,147674.26,1,1,0
15658486,Spain,Female,59,148021.12,1,1,0
15694160,France,Male,37,0,2,0,0
15685290,Germany,Male,46,142360.62,2,0,1
15701042,Germany,Female,27,151027.56,1,0,0
15680449,Germany,Female,44,138843.7,1,0,1
15599860,Spain,Female,26,109958.15,1,1,1
15723169,France,Female,31,138857.59,1,0,0
15803842,Germany,Female,45,105426.5,2,1,0
15728224,Germany,Female,41,149155.53,2,0,1
15644174,Germany,Male,27,135096.05,1,1,1
15707110,Germany,Male,28,170890.05,2,0,0
15765415,Spain,Female,45,89122.3,1,1,0
15756751,Spain,Female,54,78126.28,1,1,1
15795151,France,Female,38,123894.43,1,0,0
15632859,France,Male,36,0,2,1,0
15584037,Germany,Male,58,106913.43,1,0,1
15621409,France,Male,32,127845.83,1,0,0
15581102,France,Female,22,0,2,1,0
15578096,France,Male,26,106397.75,1,0,0
15669887,France,Female,51,0,1,1,1
15621834,Spain,Female,43,0,2,0,0
15655341,Spain,Female,35,166492.48,1,0,0
15685314,France,Female,28,0,2,1,0
15653997,Spain,Male,31,114493.68,1,0,0
15629551,Germany,Female,44,126104.98,2,1,0
15651264,Germany,Male,51,124425.99,1,0,1
15760825,France,Female,40,0,2,0,0
15597394,Spain,Male,34,0,1,0,0
15740383,Spain,Female,38,0,2,0,0
15670562,France,Male,30,101140.76,1,1,0
15698117,Germany,Male,41,150844.94,1,1,0
15694805,Spain,Male,35,115024.5,1,1,0
15746802,France,Female,30,131286.46,1,0,0
15589428,France,Female,42,0,2,0,0
15790267,France,Female,40,141267.67,1,1,0
15665402,Spain,Male,73,137761.55,1,1,0
15642093,France,Male,30,0,2,0,0
15666181,France,Male,33,98064.97,1,0,0
15602554,France,Female,31,114519.57,2,1,0
15724251,Germany,Female,29,101012.77,1,0,1
15740147,France,Female,44,0,1,1,0
15718289,Germany,Male,46,82291.1,1,0,1
15763148,France,Male,39,84719.98,1,0,0
15685245,Spain,Female,56,0,2,1,0
15626985,France,Female,39,104386.53,1,0,0
15585823,France,Male,31,128131.73,1,0,0
15728167,France,Male,44,122806.95,1,0,0
15762928,Spain,Male,44,0,1,0,0
15751774,France,Male,76,112510.89,1,1,0
15654733,Germany,Male,57,117056.46,1,0,1
15809777,Germany,Female,55,131778.66,1,1,0
15744200,France,Female,36,70784.27,1,0,0
15720713,France,Female,29,0,2,1,0
15695356,France,Male,46,0,2,0,0
15653315,Spain,Female,35,0,2,0,0
15604792,Germany,Male,38,140752.06,2,1,0
15704819,Spain,Female,39,92126.26,2,0,0
15670859,Germany,Female,39,93148.74,2,1,0
15602797,Spain,Female,49,110132.55,3,1,1
15662533,Spain,Female,23,0,2,0,0
15778154,Germany,Male,50,122227.71,1,1,1
15806230,Germany,Male,40,121647.54,2,1,1
15662884,Germany,Male,58,110597.76,1,1,1
15750778,France,Female,60,120731.39,4,1,1
15717185,France,Male,28,0,2,1,0
15677804,Spain,Male,38,0,3,1,1
15568915,France,Male,38,153722.47,1,0,0
15736495,France,Male,34,114088.32,1,0,0
15737354,France,Female,48,0,2,1,0
15667889,France,Female,37,0,2,0,0
15577831,Germany,Male,41,152532.3,1,0,0
15729836,Spain,Male,32,0,2,0,0
15775293,France,Male,34,143292.95,1,0,0
15697597,France,Male,26,149144.61,1,1,0
15639669,France,Male,36,127157.04,1,1,0
15631392,Germany,Male,43,84673.17,2,1,0
15580935,Germany,Male,33,135962.4,2,0,0
15590344,Germany,Male,32,151691.44,2,1,0
15653306,Germany,Female,32,88335.05,1,0,0
15805025,France,Female,45,139859.23,1,1,0
15658449,France,Male,45,43134.65,1,1,0
15694450,France,Male,42,99580.13,1,0,0
15605666,France,Female,34,110717.38,1,1,0
15615126,France,Female,37,0,2,0,1
15726588,Spain,Female,36,0,2,0,0
15645095,France,Female,28,0,1,0,0
15808960,Germany,Male,40,108197.11,2,0,0
15729435,France,Male,40,0,2,1,0
15656840,France,Female,29,104450.86,1,1,0
15659149,France,Male,39,0,2,0,0
15585490,France,Female,34,0,1,1,0
15674929,France,Female,31,0,2,0,0
15746341,France,Male,40,0,2,1,0
15662091,Spain,Male,21,116099.82,1,1,0
15620123,France,Male,39,111169.91,1,0,0
15616240,Spain,Male,37,0,2,1,0
15624186,Germany,Female,25,123616.43,1,1,0
15605036,Spain,Female,37,155619.58,1,1,0
15805151,Germany,Male,31,89558.39,2,1,0
15753847,Spain,Male,45,0,1,1,1
15653222,Germany,Female,32,131938.92,2,1,0
15757541,France,Female,33,151772.63,2,0,1
15726945,France,Female,72,0,2,1,0
15794276,France,Female,64,0,1,1,0
15568328,France,Female,22,0,2,1,0
15604355,France,Male,39,97700.02,1,1,0
15735788,France,Male,31,0,2,1,0
15618255,Germany,Female,56,103244.86,2,0,1
15720941,Germany,Male,34,147833.3,2,1,0
15769110,France,Female,46,0,2,0,0
15576094,France,Male,71,0,2,1,0
15756150,France,Female,39,0,2,0,0
15719579,Germany,Female,33,84521.48,2,1,0
15748854,Germany,Female,28,91938.31,1,0,0
15612455,Germany,Male,45,124240.93,1,1,0
15664802,France,Female,42,0,2,0,0
15735687,Spain,Male,37,157084.99,1,0,0
15664734,Germany,Female,25,108244.82,2,1,0
15767894,France,Female,21,0,2,1,0
15666884,Germany,Female,41,82161.7,2,0,0
15750156,Germany,Male,59,104568.41,1,0,1
15751120,France,Female,36,119912.46,1,0,0
15575748,France,Male,36,68881.59,2,1,0
15714610,Spain,Male,30,0,2,1,0
15720305,Spain,Female,40,86376.29,1,1,1
15678129,Spain,Female,45,150840.03,2,0,0
15566633,Germany,Male,55,155059.1,2,1,0
15680436,France,Female,29,0,2,0,0
15674343,France,Male,44,78128.13,2,1,0
15658890,Germany,Male,46,98899.76,2,1,0
15599004,Spain,Male,37,0,1,1,0
15726487,France,Male,63,160982.89,1,1,0
15698716,France,Female,70,87926.24,2,0,1
15710527,France,Female,35,0,1,1,0
15655590,Spain,Male,46,79385.21,2,0,0
15732266,Germany,Male,53,127997.83,1,0,1
15669326,France,Male,44,168396.34,1,1,0
15672246,Germany,Male,43,134896.03,1,1,0
15620276,Spain,Male,36,0,3,1,0
15640258,France,Female,50,94238.75,2,1,1
15740283,France,Male,29,0,2,0,0
15759717,Spain,Female,39,0,2,0,0
15620268,Germany,Male,43,212696.32,1,0,0
15743871,France,Male,59,0,2,0,1
15614491,France,Male,39,139153.68,2,0,0
15595047,France,Male,41,0,2,0,0
15732334,France,Female,40,0,2,0,0
15701206,Spain,Male,44,0,2,0,0
15581280,Germany,Male,29,92887.13,1,1,0
15651943,Spain,Female,65,0,2,1,0
15609545,France,Male,29,83442.98,1,1,0
15658548,Germany,Female,36,144773.29,2,0,0
15626008,Germany,Female,52,111973.97,1,1,1
15774133,France,Female,35,178032.53,1,1,0
15763798,France,Male,23,140007.19,1,1,0
15758013,France,Male,37,98400.61,2,0,0
15705765,Spain,Female,46,0,2,0,0
15648362,Germany,Male,45,108924.33,2,0,1
15761102,Spain,Female,32,132835.56,1,0,0
15610165,France,Female,26,0,2,1,0
15723717,Germany,Male,41,118334.44,1,0,1
15654611,Germany,Female,25,81732.88,2,0,0
15659736,Germany,Male,66,121411.9,1,0,1
15603170,France,Male,32,121455.65,1,0,1
15786167,Spain,Male,20,0,2,1,0
15671915,France,Male,46,0,2,1,0
15794792,France,Female,31,117989.76,1,1,0
15652789,Spain,Male,40,0,2,1,0
15739168,France,Female,31,137411.29,1,1,0
15719950,France,Male,61,73688.2,1,1,0
15743818,Spain,Male,58,122330.7,2,1,0
15717937,Germany,Male,43,99906.89,1,0,0
15602841,Spain,Female,28,0,2,1,0
15619972,France,Female,47,167664.83,1,0,1
15796114,France,Female,34,141525.55,1,0,0
15633546,Spain,Female,33,124832.51,1,0,0
15758755,France,Female,34,132121.71,1,1,0
15695168,France,Male,39,0,2,0,0
15754342,Germany,Female,60,78539.84,1,1,0
15756610,Germany,Female,38,123770.46,1,0,1
15640917,France,Male,43,0,2,1,0
15663164,Germany,Male,49,116150.65,3,1,1
15616811,France,Male,47,160729.1,1,1,0
15610781,France,Female,29,88378.6,1,0,0
15600911,France,Male,33,182888.08,1,0,0
15629603,France,Male,31,0,2,1,0
15714981,France,Male,37,0,1,1,1
15775892,Spain,Female,23,85600.08,1,0,0
15782778,France,Male,35,0,2,1,0
15786643,France,Male,32,0,2,1,0
15595657,Germany,Male,40,95001.33,1,1,0
15743673,Spain,Male,27,113873.22,1,1,1
15634310,France,Male,30,0,2,0,0
15790809,Spain,Male,40,74896.92,1,0,0
15668695,France,Female,22,89492.62,1,0,0
15669281,Spain,Male,38,128718.78,1,0,0
15621031,Spain,Male,27,0,2,0,0
15720071,France,Female,49,0,1,0,1
15792180,Germany,Male,22,144954.75,2,0,0
15813894,Spain,Male,21,0,2,0,0
15669490,Germany,Male,37,94001.61,2,0,0
15783030,France,Female,40,0,1,0,1
15695792,France,Male,65,0,1,1,0
15575676,France,Male,24,0,2,1,0
15627665,France,Male,46,0,1,0,1
15814092,France,Female,44,0,1,1,1
15695225,Spain,Male,38,0,2,1,0
15615091,France,Male,24,0,2,1,0
15794345,Spain,Male,38,0,2,1,0
15726484,France,Male,37,141546.35,1,1,0
15650442,Germany,Female,32,141528.88,1,1,1
15714256,France,Male,30,109805.3,1,1,0
15778752,France,Male,32,86614.06,2,1,0
15601659,Germany,Female,59,91680.1,2,0,1
15602811,Germany,Male,38,38848.19,2,0,0
15779414,Spain,Male,40,153639.11,1,1,0
15763097,Spain,Male,80,0,2,1,0
15633666,Spain,Female,33,123870.07,1,0,0
15718789,France,Male,30,0,2,0,0
15690620,France,Male,39,46323.57,1,0,0
15737071,France,Female,60,162039.78,1,1,1
15665062,France,Male,19,110928.51,1,1,0
15600692,France,Male,38,0,2,0,0
15792064,Germany,Male,53,114421.55,1,0,1
15811486,Germany,Female,29,130036.21,2,1,0
15626141,France,Female,26,151510.17,2,1,0
15738546,Spain,Female,41,0,2,1,0
15677052,France,Female,59,0,2,1,1
15656454,France,Male,37,83568.55,1,0,0
15645496,France,Female,43,139972.18,1,0,0
15612505,Spain,Male,45,100212.13,1,0,0
15708513,France,Female,39,90217.07,1,0,0
15685654,Spain,Male,66,0,2,1,0
15732307,Germany,Male,33,124067.32,1,1,0
15726814,Spain,Male,46,0,2,1,0
15653776,Germany,Female,57,162082.31,4,0,1
15597914,Germany,Female,51,117306.69,4,1,1
15631603,France,Male,32,122889.88,1,1,0
15789753,France,Male,40,148790.61,1,1,0
15678034,France,Male,46,180226.24,1,0,1
15690209,Germany,Female,32,104857.19,2,0,0
15592091,Spain,Male,31,166833.86,2,1,0
15647453,France,Male,42,102936.72,1,0,0
15697100,Germany,Female,48,108736.52,1,0,1
15811290,Germany,Male,44,129974.79,2,1,0
15629187,France,Male,38,85982.07,1,0,0
15758073,France,Female,20,134397.61,1,0,0
15640769,France,Male,63,137841.53,1,1,0
15606641,Germany,Male,56,100260.88,3,1,1
15718280,Germany,Male,39,139822.11,2,1,0
15764335,Germany,Female,41,123151.51,2,0,0
15634218,Germany,Male,27,95331.83,2,0,0
15808760,Spain,Female,42,0,1,1,0
15648461,Spain,Male,37,138162.41,2,1,0
15593555,France,Male,38,0,2,1,0
15569079,Germany,Male,48,126066.26,1,0,1
15800736,Spain,Female,42,96763.89,1,1,0
15792607,France,Female,38,0,2,0,0
15640034,France,Male,42,139561.46,1,0,1
15807563,France,Female,52,0,1,0,1
15684461,Spain,Female,31,0,1,0,1
15580134,Spain,Male,27,172463.45,1,1,0
15679075,France,Male,37,107798.85,1,0,0
15742504,France,Male,36,70181.48,2,0,0
15567328,Spain,Male,38,177997.07,1,1,0
15698294,Spain,Male,31,0,2,0,0
15607142,France,Male,32,0,1,1,0
15738516,Spain,Female,36,0,1,0,0
15806403,France,Male,37,0,2,0,0
15656707,Spain,Male,21,123200.78,1,1,0
15653715,France,Female,63,0,2,1,0
15806184,Spain,Male,33,0,2,1,0
15585734,Germany,Male,41,137742.9,2,1,0
15725639,France,Female,63,116270.72,1,1,0
15618401,Germany,Male,41,113220.2,2,1,0
15785385,Spain,Male,51,0,2,0,0
15734762,France,Female,56,115895.22,3,0,1
15767129,France,Female,60,121730.49,1,1,0
15797204,Spain,Female,28,113811.85,2,1,0
15769272,France,Female,26,136214.08,1,0,0
15771966,France,Male,39,146200.01,1,0,0
15691952,France,Male,37,106242.67,1,1,0
15593250,France,Female,29,0,2,0,0
15605333,Spain,Male,31,0,1,0,0
15800083,France,Male,45,24043.45,1,1,1
15575691,France,Female,58,0,2,1,0
15689886,Germany,Male,39,132287.92,3,1,1
15809838,Spain,Male,30,0,2,0,0
15736154,France,Female,44,0,2,1,0
15767391,Germany,Female,32,90322.99,2,1,0
15704910,Spain,Male,23,0,2,0,0
15656613,France,Female,34,131283.11,1,0,0
15611551,Spain,Male,48,131659.59,2,1,0
15732430,Spain,Female,54,120952.74,1,0,0
15741865,France,Female,38,153166.17,1,1,0
15634143,Spain,Male,30,53291.86,1,0,0
15609676,France,Female,35,167924.95,1,0,0
15761600,France,Male,43,86394.14,1,1,0
15676404,France,Female,50,0,1,0,1
15659236,Spain,Male,33,0,2,1,0
15690440,Spain,Male,47,0,2,1,0
15694601,France,Female,31,158978.79,1,0,0
15812262,Germany,Female,37,100431.84,1,0,1
15762821,Spain,Male,33,0,2,1,0
15669301,Germany,Female,29,150358.97,1,0,1
15672640,Spain,Female,45,114347.85,2,1,0
15750458,France,Female,39,0,2,1,0
15627251,France,Male,34,134007.9,1,1,0
15764294,Germany,Male,31,98899.91,1,1,0
15659962,France,Male,60,0,2,1,0
15788536,Germany,Male,40,137430.82,2,0,0
15596979,France,Female,47,0,2,1,0
15681220,France,Female,37,0,2,1,0
15635097,Germany,Male,39,188976.89,2,1,0
15780779,Spain,Female,40,0,2,0,0
15798470,Spain,Female,48,75990.97,1,0,1
15760880,France,Male,29,0,2,1,0
15616929,Spain,Male,62,112181.08,1,1,0
15758775,Spain,Male,34,97208.46,1,1,0
15663386,Spain,Female,26,0,2,0,0
15621267,France,Male,32,0,1,0,0
15720509,France,Male,34,150856.79,1,1,0
15693322,Germany,Female,37,146748.07,1,1,0
15589544,Spain,Female,57,0,2,1,0
15772030,Spain,Male,33,0,2,1,0
15693337,Spain,Male,41,148863.17,1,1,0
15676571,France,Male,55,0,1,0,1
15701392,Spain,Male,28,0,2,1,0
15741092,Spain,Male,34,153360.02,1,0,0
15643865,France,Female,40,92055.36,1,1,1
15769389,Germany,Female,39,124723.92,1,0,0
15807768,Germany,Male,28,103033.83,1,1,0
15801630,France,Male,40,0,2,0,0
15705034,Spain,Male,40,0,2,1,0
15763107,France,Female,30,0,1,1,0
15667085,France,Male,33,0,2,1,0
15647008,Germany,Male,54,116726.22,1,0,1
15584505,France,Female,23,113923.81,2,0,0
15748068,Spain,Female,31,0,2,1,0
15663964,France,Male,37,0,2,0,0
15782311,France,Male,28,0,2,1,0
15588197,France,Male,36,0,2,0,0
15610105,Germany,Female,21,121827.43,2,1,0
15606133,Spain,Male,42,0,2,1,0
15599403,France,Male,60,125389.7,2,1,0
15648225,Spain,Female,38,103895.31,1,1,0
15608406,France,Male,26,111128.04,1,0,1
15633378,Spain,Female,49,0,2,0,0
15664759,Spain,Male,32,0,2,0,0
15625545,Spain,Male,52,0,1,1,1
15772148,Germany,Female,37,151242.48,1,1,0
15810829,France,Male,48,0,1,0,1
15731669,France,Male,39,129709.62,1,0,0
15738634,France,Male,47,83347.25,1,1,0
15737571,Spain,Female,28,84121.04,1,1,0
15667602,Spain,Male,33,0,2,0,0
15684147,France,Male,43,102338.19,1,1,0
15789874,France,Female,29,87375.78,2,0,0
15757952,France,Male,44,0,3,0,1
15698732,Germany,Male,51,104677.09,1,0,0
15714355,Germany,Male,32,121669.23,1,1,0
15599090,Germany,Male,40,108407.34,1,1,0
15762048,Germany,Female,33,154969.79,2,1,0
15790596,Spain,Male,39,141829.67,1,1,0
15609623,France,Female,63,0,1,0,1
15711901,France,Male,45,109162.82,1,1,0
15779809,France,Male,44,87471.63,1,1,0
15729018,France,Female,33,147229.65,1,1,0
15698246,France,Female,24,0,2,1,0
15712409,Germany,Male,66,182532.23,2,1,0
15758306,France,Male,32,0,2,1,0
15621435,France,Female,39,160903.2,1,0,0
15566295,France,Female,33,138053.79,2,0,0
15569098,France,Male,44,153548.12,1,0,1
15662532,Germany,Male,31,149085.9,2,1,0
15664001,Germany,Female,53,95231.91,1,0,1
15703437,France,Male,34,0,2,0,0
15708003,Spain,Male,41,85109.21,1,0,0
15599452,Germany,Female,43,125338.8,2,0,0
15719793,Spain,Male,62,0,2,1,0
15771580,France,Female,38,106831.69,1,1,0
15732268,France,Male,29,159597.45,1,0,0
15722350,Germany,Female,37,147361.57,1,1,0
15611371,France,Male,43,176134.54,1,1,0
15673584,France,Female,74,0,2,1,0
15636396,France,Female,35,0,2,1,0
15706170,France,Male,34,84055.43,1,0,0
15725478,France,Male,60,0,2,1,0
15654562,Spain,Female,45,174088.3,4,0,1
15737509,Spain,Male,34,199229.14,1,0,0
15690796,France,Male,37,0,1,0,0
15716728,Spain,Female,42,0,2,1,0
15605665,Germany,Female,69,78833.15,2,1,0
15748481,France,Female,27,0,1,0,0
15757777,France,Female,35,0,2,1,0
15747808,France,Male,29,102540.61,1,1,0
15810593,France,Male,51,0,3,1,0
15693376,Spain,Male,43,0,2,1,1
15579808,Germany,Female,39,129401.87,1,1,0
15598275,France,Female,32,0,2,1,0
15737080,France,Female,32,0,2,1,0
15668580,Spain,Male,33,0,2,1,0
15569438,Germany,Male,36,106702.94,2,0,0
15675842,Spain,Male,26,139584.57,1,0,0
15577587,Germany,Male,52,121016.23,1,1,1
15625592,France,Male,26,0,2,1,0
15635141,Germany,Male,59,118210.42,2,0,1
15642570,Spain,Male,35,0,2,0,0
15702175,France,Female,29,148654.84,2,1,0
15677785,Spain,Male,32,136963.12,1,0,0
15786153,Germany,Male,47,137774.11,2,0,0
15759499,France,Female,32,111156.52,1,1,0
15659568,Spain,Female,31,121237.65,1,1,0
15715597,France,Male,36,97234.58,1,0,0
15610147,France,Male,60,0,2,1,0
15802362,Spain,Male,45,0,2,1,0
15660524,Germany,Female,54,97382.53,1,1,0
15747168,Germany,Female,47,103108.8,1,1,1
15796910,Spain,Female,57,0,1,0,1
15707674,France,Female,58,131852.81,1,0,1
15565706,Spain,Male,35,0,1,1,1
15587596,Spain,Female,39,107553.33,1,0,0
15751943,Spain,Female,43,0,2,0,0
15621227,Germany,Female,46,161806.09,1,1,0
15757588,France,Male,30,0,2,0,0
15640922,France,Female,52,0,1,1,0
15567557,France,Male,27,128243.03,1,1,0
15670103,France,Female,38,126645.13,1,1,0
15720929,France,Female,47,62094.71,3,0,1
15732774,France,Male,37,112291.34,1,0,0
15628558,France,Female,44,89188.83,1,1,0
15729201,France,Male,55,0,1,0,1
15731117,Spain,Male,28,109161.25,1,0,0
15615207,Spain,Male,47,0,1,1,1
15773512,Spain,Female,25,0,1,1,0
15572145,France,Female,34,0,2,0,0
15642710,France,Male,26,0,2,0,0
15574213,France,Female,53,158271.74,1,1,1
15718852,France,Male,56,96951.21,1,1,0
15583840,Germany,Male,35,121863.61,1,1,1
15782418,Germany,Female,19,83495.11,1,1,1
15813504,Germany,Female,25,146566.01,1,1,0
15711314,Spain,Female,45,0,1,0,1
15621064,Germany,Male,23,186101.18,2,1,0
15627847,France,Male,40,0,1,0,1
15588090,Germany,Female,51,107494.86,2,0,1
15735270,Spain,Male,47,0,1,0,1
15671804,Spain,Male,36,146943.38,2,1,0
15753215,Spain,Female,36,0,2,0,0
15789941,France,Female,36,125130.28,1,0,0
15691061,France,Female,37,0,2,1,0
15808326,France,Female,34,0,2,1,0
15566660,France,Female,41,0,3,0,0
15778947,France,Male,36,0,2,1,0
15632977,France,Male,47,0,2,0,0
15591747,France,Male,32,0,2,0,0
15567335,France,Female,42,0,2,1,0
15609299,France,Male,29,150685.79,1,0,0
15669945,France,Male,35,141359.37,2,0,0
15736271,France,Female,29,0,1,0,0
15710390,France,Female,39,94631.26,2,1,0
15756481,France,Female,39,118336.14,1,0,0
15736730,France,Female,45,0,1,1,0
15626040,Spain,Male,63,0,2,1,0
15746553,Germany,Male,50,124233.24,1,1,1
15622518,France,Female,26,51116.26,1,1,1
15684908,Germany,Male,64,91869.69,1,1,0
15569446,France,Female,34,122338.43,2,0,0
15777504,France,Female,30,0,1,1,0
15677906,Spain,Female,54,0,1,1,0
15703292,France,Male,26,86270.93,2,1,0
15712938,France,Male,44,0,2,1,0
15631359,France,Female,38,117289.92,1,0,0
15720847,France,Male,35,0,2,1,0
15787830,Germany,Male,33,153663.27,1,0,0
15599869,Spain,Female,29,0,1,1,0
15592078,Germany,Female,27,123599.49,2,0,0
15596228,France,Male,29,0,2,0,0
15578462,Spain,Female,76,134208.25,1,1,0
15756894,France,Male,29,0,1,1,0
15796167,Germany,Male,35,98556.89,2,0,0
15664808,Spain,Female,37,0,3,0,0
15664555,France,Male,40,0,4,1,1
15607278,Spain,Female,46,134593.79,1,1,0
15585222,France,Male,41,0,2,1,0
15750299,Spain,Male,24,68781.82,1,1,0
15761294,Germany,Female,56,137464.04,1,0,1
15810454,France,Male,32,147307.91,1,1,0
15673984,France,Female,35,0,1,0,1
15609319,France,Female,41,145754.91,1,1,0
15709941,France,Male,46,0,3,0,1
15580252,France,Male,44,112610.77,1,1,0
15741275,France,Female,57,71481.79,2,1,0
15707132,France,Male,33,0,2,1,0
15600708,Spain,Female,34,77826.8,1,1,0
15804787,France,Male,75,87140.85,1,1,0
15690021,Germany,Female,42,132002.7,1,1,1
15763895,France,Male,32,178011.5,2,0,0
15623478,Germany,Female,32,102954.68,2,1,0
15797910,Germany,Male,51,123783.25,1,1,0
15577751,Germany,Male,30,101802.67,1,0,0
15781777,France,Male,33,148659.48,1,0,0
15740527,Germany,Female,62,142724.48,1,1,1
15721251,Spain,Female,41,112152.89,1,1,0
15602994,France,Female,53,89550.85,1,1,0
15750769,France,Male,35,75915.75,1,0,0
15740175,Germany,Female,42,118889.66,2,0,0
15679968,France,Male,40,118788.57,1,0,0
15694404,France,Female,42,156555.54,1,1,0
15657529,Germany,Male,53,99141.86,1,1,1
15762882,Germany,Female,31,61211.18,1,1,0
15642579,Spain,Female,37,128932.4,1,1,0
15598884,Spain,Female,23,0,1,1,0
15770185,France,Male,32,80728.15,1,0,0
15800287,Spain,Female,46,127660.46,2,0,1
15665861,Spain,Male,44,106070.89,1,1,0
15662203,Germany,Female,42,137560.38,2,1,0
15616454,Germany,Female,34,111905.43,1,1,1
15702788,France,Male,40,126212.64,1,0,0
15778149,Spain,Male,68,0,2,0,1
15680001,France,Male,38,111835.94,2,0,0
15711991,France,Male,30,0,2,0,0
15633834,Germany,Female,28,99705.69,2,0,0
15765266,France,Male,32,0,2,0,0
15791867,Germany,Male,44,108895.93,1,0,1
15675380,Spain,Male,56,154669.77,1,1,1
15770576,Spain,Male,50,128061,2,1,0
15775294,France,Female,31,0,2,0,1
15727059,France,Female,40,0,2,0,0
15702499,Spain,Male,46,190678.02,1,1,0
15611699,France,Female,40,0,1,0,0
15654000,France,Female,35,0,1,0,1
15657881,France,Male,38,136712.91,1,1,0
15719991,Spain,Female,52,154733.97,1,0,1
15720687,France,Female,41,112609.91,1,0,1
15687079,Spain,Male,69,115462.44,1,0,0
15582276,France,Male,34,133501.36,1,1,0
15763980,Germany,Male,30,58668.02,1,1,0
15720774,Spain,Male,44,89118.26,1,0,1
15592194,France,Female,28,0,2,0,0
15803685,Germany,Female,77,76510.52,2,1,0
15759456,Spain,Male,34,140694.78,2,0,0
15611544,Germany,Male,36,95448.32,2,0,0
15794257,France,Male,34,91562.99,1,1,0
15681697,France,Male,31,72541.48,1,0,0
15579566,Spain,Female,43,120867.18,1,0,1
15577970,France,Male,34,0,1,0,0
15727489,Spain,Female,45,157320.51,1,0,0
15764284,Spain,Male,27,0,3,1,0
15581811,Germany,Female,30,139676.95,2,1,0
15622527,France,Female,55,0,1,1,0
15753362,Spain,Male,60,0,2,1,0
15666652,France,Female,19,0,2,1,0
15789714,Spain,Male,21,103000.94,1,1,0
15771543,Germany,Male,31,134237.07,1,1,1
15748327,Germany,Male,34,118235.7,2,0,0
15754649,Spain,Female,57,0,2,1,0
15810460,Spain,Female,64,0,3,1,1
15771742,Germany,Male,38,115442.19,2,0,1
15642160,France,Male,38,0,2,0,0
15798439,Spain,Male,25,0,1,1,0
15605293,France,Female,43,0,2,1,0
15692631,Spain,Female,44,115557,1,1,0
15665376,Germany,Female,35,166518.63,2,0,0
15772412,Spain,Male,30,135370.12,1,1,1
15654577,Germany,Male,54,92877.33,1,0,1
15585427,France,Female,26,102073.67,2,0,0
15584536,Germany,Male,46,97042.6,1,1,1
15585853,Spain,Male,41,0,1,0,1
15645271,Germany,Male,24,108528.07,2,0,1
15579387,Germany,Female,44,79064.85,2,1,0
15623107,Spain,Male,45,74274.87,3,0,1
15754072,Spain,Female,36,0,2,0,0
15666163,France,Male,43,100421.1,1,1,0
15765192,France,Male,26,84006.88,2,0,0
15804822,France,Female,31,0,2,0,0
15612893,Spain,Male,45,0,1,0,0
15593636,France,Female,39,80293.81,1,0,0
15693326,France,Female,42,125437.14,2,0,0
15809901,France,Male,36,0,2,0,0
15759751,France,Male,48,0,2,1,0
15605425,Germany,Female,44,127536.44,1,0,0
15801934,France,Male,66,0,2,1,0
15592000,Germany,Female,48,82794.18,1,0,1
15618695,Spain,Female,22,108117.1,1,1,0
15637110,Spain,Female,35,0,1,0,0
15727408,Germany,Male,27,61688.61,2,0,0
15716328,France,Female,40,0,2,0,0
15669060,France,Male,74,0,2,0,0
15675854,Spain,Male,50,159304.07,1,1,1
15621116,Germany,Male,33,138664.24,1,0,0
15781495,France,Female,22,126362.57,2,1,0
15740470,France,Male,39,160652.45,2,0,0
15714391,France,Female,35,183572.84,1,1,1
15730137,France,Male,31,88421.81,1,0,0
15596455,Spain,Female,45,0,1,0,1
15717290,Germany,Male,41,112871.19,2,1,0
15616555,Germany,Male,41,60880.68,1,0,0
15659820,France,Female,34,0,2,0,0
15696301,France,Female,37,101455.7,1,0,1
15771087,France,Female,71,88084.13,2,1,0
15808831,France,Male,29,0,2,1,0
15812241,Germany,Male,59,127197.14,1,0,1
15680370,France,Male,39,0,2,1,0
15780561,France,Female,39,83456.79,2,0,0
15800784,France,Male,42,98298.18,1,1,0
15715796,France,Male,37,0,2,1,0
15605375,France,Male,35,86911.8,1,0,0
15621520,Germany,Female,42,139707.28,1,0,0
15665460,Spain,Female,67,0,2,1,0
15801152,Spain,Female,39,142876.98,2,0,0
15756425,France,Male,30,146301.31,1,0,0
15674328,France,Female,40,47364.45,1,1,1
15742404,France,Male,38,0,2,0,0
15757140,France,Male,51,58137.08,1,1,0
15570051,Germany,Female,38,179886.41,2,0,0
15669175,Germany,Male,24,107637.97,2,1,0
15790324,France,Female,20,167685.56,1,0,0
15691119,Germany,Male,68,136525.99,1,0,0
15743478,Germany,Male,39,52106.33,2,1,0
15707007,France,Female,39,0,1,0,0
15572547,France,Female,45,104930.38,1,0,1
15567063,Germany,Female,34,106434.94,1,1,1
15689633,Spain,Female,38,112803.92,1,0,0
15720637,Germany,Female,46,120530.34,1,0,1
15616859,Germany,Female,43,113641.49,4,0,1
15766166,Spain,Male,43,145081.72,1,1,0
15617655,Spain,Female,35,0,2,1,0
15623450,Germany,Female,27,135842.89,1,1,0
15796612,France,Female,31,112203.25,1,0,0
15795963,France,Male,34,129895.19,1,1,0
15781598,Germany,Male,41,149049.92,1,1,1
15691871,Germany,Male,42,153279.39,1,1,0
15740345,Spain,Male,42,41473.33,1,0,1
15662626,France,Female,40,0,2,0,0
15596575,Germany,Male,39,113193.51,2,1,0
15657321,Germany,Male,27,113174.21,2,0,0
15575955,France,Female,24,0,2,0,0
15743893,France,Male,42,164951.56,1,0,0
15697270,Spain,Male,27,153325.1,1,1,0
15644356,Spain,Female,47,134032.01,1,0,0
15677586,Germany,Female,32,125445.04,2,1,0
15571261,Germany,Female,35,126077.43,2,1,0
15698758,Spain,Female,31,0,2,1,0
15787014,Germany,Female,28,90371.09,1,1,0
15739857,France,Female,40,0,2,1,0
15774630,Germany,Female,47,142802.02,1,1,0
15805523,France,Female,28,90537.16,1,1,0
15749557,France,Female,44,0,2,1,0
15681180,France,Female,23,156123.73,1,0,0
15742028,France,Female,35,0,2,0,0
15686463,France,Male,38,141074.59,1,0,1
15654379,Spain,Male,59,0,2,1,0
15783629,Germany,Female,42,117899.95,2,0,0
15751193,Spain,Male,33,0,2,1,0
15724099,France,Male,26,166257.96,1,1,0
15568429,Spain,Female,46,0,2,0,0
15648967,Germany,Female,64,169362.43,1,0,1
15664498,France,Male,26,205962,1,0,0
15779522,France,Female,24,0,2,0,1
15583850,Germany,Male,68,126061.51,2,1,0
15696539,France,Female,21,105627.95,1,1,0
15760121,France,Male,32,100606.02,1,0,0
15628279,France,Female,38,0,2,1,0
15766163,France,Male,38,0,2,1,0
15566467,Germany,Female,32,138171.1,2,1,0
15639049,France,Female,31,139395.08,1,1,0
15736413,France,Male,29,0,2,1,0
15634815,France,Female,37,0,2,1,0
15716381,Germany,Female,50,109062.28,1,1,1
15708162,Germany,Female,40,89994.71,2,1,0
15569364,France,Male,36,0,2,0,0
15791191,France,Male,59,103996.74,1,1,0
15621205,France,Male,34,175111.11,1,1,0
15704788,Spain,Female,49,66079.45,2,0,1
15775756,Germany,Male,33,148055.74,1,0,0
15641312,France,Male,36,0,1,1,1
15782531,Spain,Female,31,0,2,0,0
15724428,France,Male,40,0,2,0,0
15743617,Germany,Male,47,95994.98,1,0,0
15585839,France,Male,37,0,2,0,0
15658158,Germany,Female,23,110741.56,1,0,0
15637678,France,Male,35,0,1,0,0
15701809,Spain,Female,28,0,1,0,0
15676937,Spain,Female,32,0,2,1,1
15778975,Germany,Female,70,96947.58,3,0,1
15710375,France,Male,41,0,2,0,0
15579914,Germany,Male,30,109786.82,2,1,0
15595160,Spain,Male,35,0,2,1,0
15595391,France,Male,31,0,2,0,0
15630363,France,Female,39,102721.49,1,0,0
15692443,Spain,Male,33,69478.57,1,0,1
15593795,Germany,Female,53,156674.2,1,0,1
15642824,Spain,Female,56,174506.1,2,1,1
15683524,Germany,Female,23,166070.48,2,0,0
15713532,Germany,Female,29,105957.44,1,0,0
15719827,France,Male,36,0,1,0,0
15578435,France,Male,40,110340.68,1,1,0
15723028,France,Male,33,0,2,0,0
15595609,Germany,Male,52,135870.01,2,0,0
15622443,France,Male,31,0,2,1,0
15579112,France,Male,47,0,2,1,0
15648479,France,Female,45,0,2,0,0
15659234,France,Male,30,85704.95,1,1,0
15811970,France,Female,42,0,2,1,0
15774192,Germany,Female,38,105435.74,1,0,1
15595136,France,Female,37,0,2,1,0
15630580,Germany,Male,34,108513.25,2,1,0
15660646,France,Male,35,156687.1,1,0,0
15614365,Germany,Male,31,150604.52,1,0,0
15776128,France,Female,44,155114.9,1,0,0
15787035,France,Female,35,0,2,1,0
15792646,Spain,Female,64,91216,1,1,0
15726832,Germany,Male,61,141784.02,1,1,0
15773260,France,Female,32,127763.24,1,0,0
15624437,Spain,Female,32,0,2,1,0
15717138,Spain,Male,31,82613.56,2,0,0
15657317,France,Female,32,69423.52,1,0,0
15626948,France,Female,42,86167.82,1,0,0
15758901,Spain,Female,47,0,1,0,1
15777759,France,Male,30,131406.56,1,1,0
15773322,Germany,Female,44,121898.82,1,0,0
15697318,Germany,Male,32,77487.2,1,0,0
15678916,France,Female,75,0,1,0,0
15632118,Spain,Male,45,164450.94,1,0,1
15788118,France,Male,33,138705.02,2,0,0
15788930,Spain,Male,37,132730.17,1,0,0
15628583,France,Female,30,0,2,1,0
15635177,Spain,Female,66,0,1,1,0
15587690,France,Male,28,116498.22,1,0,0
15627630,France,Female,41,0,2,0,0
15610930,Germany,Female,35,139979.07,1,0,0
15657747,Germany,Female,43,127216.31,2,1,0
15568006,France,Female,45,0,4,0,1
15751748,France,Male,51,148222.65,1,0,1
15722212,France,Female,41,0,2,0,0
15658670,France,Female,38,0,2,0,0
15761654,Spain,Male,30,134152.29,1,1,0
15812210,Germany,Female,32,111537.23,4,1,1
15787051,Spain,Female,39,119565.92,1,0,0
15642991,Spain,Female,29,0,2,0,0
15713769,Spain,Male,38,0,1,1,0
15605826,Germany,Male,46,121063.8,3,0,1
15648898,Spain,Female,27,124995.98,1,1,0
15705309,Spain,Male,39,0,2,0,0
15734202,Germany,Female,52,86891.84,1,0,0
15658852,France,Male,38,0,2,1,0
15612633,Spain,Male,43,78022.61,1,1,0
15604818,France,Male,34,154495.79,1,0,0
15593900,France,Male,38,189443.72,1,1,0
15624995,Spain,Female,31,152926.6,1,1,0
15570087,France,Female,44,142989.69,1,1,1
15802617,Germany,Male,43,115371.94,2,0,0
15656029,France,Male,37,0,2,1,0
15739194,Spain,Male,38,178056.54,2,0,0
15607275,Spain,Male,39,206014.94,2,1,1
15629475,France,Male,41,0,2,0,0
15635034,Germany,Male,37,101191.83,1,1,1
15756333,France,Female,55,0,2,1,0
15777436,Spain,Female,31,0,2,0,0
15676835,Spain,Male,33,0,2,0,0
15574206,France,Female,37,0,2,1,0
15613017,Germany,Male,32,149814.54,1,0,0
15815131,Spain,Female,36,115617.24,1,1,0
15585455,France,Male,28,0,2,0,0
15692929,Germany,Female,42,113657.41,2,1,1
15758081,Spain,Male,39,138160,1,1,0
15667476,Germany,Female,36,117700.86,1,0,0
15738248,France,Female,37,0,2,0,0
15672152,Germany,Male,37,122506.38,1,1,1
15673372,France,Female,58,0,1,1,1
15587611,France,Male,59,0,2,0,1
15803415,France,Female,39,166501.17,2,0,0
15715673,Spain,Female,46,89743.05,1,0,1
15655648,France,Female,25,0,2,0,0
15763613,France,Male,30,0,2,0,0
15660385,France,Male,39,0,2,0,0
15733261,Spain,Female,35,0,1,0,1
15796231,France,Female,18,98894.39,1,1,0
15624866,Germany,Male,37,168735.74,2,0,0
15623730,France,Male,34,0,1,1,0
15668248,Germany,Female,62,133201.17,1,0,1
15694518,Spain,Female,36,0,2,0,0
15638028,Germany,Male,31,127237.25,2,1,0
15795895,Germany,Male,36,117864.85,2,0,0
15694376,Germany,Female,64,153469.26,3,0,1
15669204,Germany,Male,23,93911.3,2,0,0
15773779,Spain,Female,46,76597.79,1,1,0
15580682,France,Female,40,79927.36,2,1,0
15768530,Spain,Female,27,0,2,1,0
15672875,Germany,Male,32,40172.91,1,1,0
15617082,France,Male,33,115195.58,1,1,0
15760514,Germany,Female,43,116644.29,2,1,0
15761775,Germany,Male,20,180293.84,2,1,0
15799964,Germany,Female,30,139872.81,1,0,0
15693906,France,Female,24,34547.82,1,1,0
15739514,France,Female,32,0,2,1,0
15756926,Germany,Male,29,96462.25,2,1,0
15770984,Spain,Female,40,130334.35,2,1,0
15703979,Germany,Male,39,119688.81,1,0,0
15801821,France,Male,38,0,2,0,0
15711028,France,Male,52,0,3,1,1
15791842,France,Female,32,71187.24,1,1,0
15746127,France,Female,47,0,2,0,0
15663625,France,Male,37,0,2,0,0
15604891,Spain,Female,38,0,2,0,0
15589666,France,Female,39,136422.41,1,1,0
15627881,France,Male,30,0,2,1,0
15664895,France,Female,25,0,2,1,0
15676094,France,Female,34,0,1,1,0
15761720,France,Male,41,153238.88,1,0,0
15611961,France,Male,35,0,2,0,0
15680167,France,Female,78,47536.4,1,1,0
15762543,France,Female,32,0,2,0,0
15658475,France,Male,36,142882.49,1,0,1
15779743,France,Female,44,0,2,0,0
15661532,France,Female,31,160566.11,2,0,0
15782360,Germany,Male,65,131935.51,1,1,1
15767908,France,Male,38,127678.8,2,0,0
15677105,Germany,Female,46,105214.58,1,0,1
15641474,France,Male,46,139859.54,1,0,0
15624451,France,Female,38,0,2,0,0
15577985,France,Female,34,112324.45,2,1,0
15571666,Germany,Male,30,134497.27,1,0,0
15783691,Spain,Female,35,120171.58,1,0,0
15671172,France,Male,23,106012.2,2,1,0
15731760,France,Male,25,0,1,1,0
15585599,France,Female,34,0,2,1,0
15784958,France,Female,55,0,4,1,1
15734524,France,Male,51,0,1,0,1
15614103,Germany,Male,42,119839.69,1,1,1
15794895,Spain,Male,34,0,2,1,0
15772381,Germany,Male,38,92219.21,1,0,0
15710553,Germany,Male,48,142055.41,2,1,0
15649292,France,Female,49,29602.08,1,0,1
15792565,France,Female,46,0,2,1,0
15718245,France,Male,34,0,2,1,0
15703117,France,Female,44,0,2,1,0
15758136,France,Male,37,141803.77,1,1,0
15799932,France,Male,24,0,2,1,0
15633516,France,Male,42,0,1,1,0
15622532,France,Female,47,126589.12,2,1,1
15798960,France,Male,33,108393.35,1,1,0
15698664,Spain,Male,43,115643.58,2,0,0
15703614,Spain,Male,48,132876.23,1,0,0
15699195,France,Female,24,110949.41,1,1,0
15710543,France,Male,46,130666.2,1,1,1
15695499,France,Female,45,103821.47,2,1,0
15622321,France,Female,32,0,1,1,0
15715744,France,Male,39,0,1,1,0
15788151,Spain,Male,32,132187.73,2,1,0
15687153,Germany,Male,49,98649.55,1,0,1
15684958,Germany,Male,38,126444.08,2,1,0
15706116,Germany,Female,30,154159.51,1,0,0
15740557,France,Female,43,0,2,0,0
15707291,Germany,Male,48,129250,2,1,0
15583353,Spain,Female,45,0,1,0,1
15761024,France,Female,33,167733.51,2,1,0
15630709,Germany,Female,31,56116.3,2,0,0
15639590,France,Female,30,141581.08,1,0,0
15659399,Germany,Male,50,139675.07,2,0,0
15567078,France,Female,27,66201.96,1,1,0
15696373,France,Female,44,0,2,0,1
15786617,Germany,Male,34,133658.24,1,0,0
15657449,Germany,Male,25,136202.78,1,0,0
15672594,France,Female,60,131778.08,1,0,1
15714240,Spain,Male,74,0,2,0,0
15782144,France,Female,34,0,2,1,0
15665008,Germany,Female,26,42712.87,2,1,0
15581733,France,Female,28,0,2,0,0
15751392,Spain,Female,57,0,2,0,1
15785815,Germany,Male,31,142631.54,2,1,0
15664214,France,Male,33,141204.65,2,0,0
15579996,Germany,Female,25,131402.21,1,0,0
15675252,Spain,Female,39,92636.96,2,1,0
15579617,France,Female,51,0,2,1,1
15593976,Germany,Female,31,102088.68,4,0,1
15716041,Spain,Male,39,0,2,1,0
15654489,France,Female,38,134887.53,1,1,0
15736302,France,Male,48,0,2,1,0
15805909,Spain,Male,28,159900.38,1,0,0
15572762,Germany,Female,50,102278.79,2,0,0
15724632,France,Female,41,0,2,1,0
15670416,France,Female,43,0,1,1,0
15749528,Spain,Male,58,0,2,1,0
15578783,Germany,Male,35,76989.97,1,1,0
15580719,France,Female,23,0,2,1,0
15656293,France,Male,35,0,2,0,0
15691875,Germany,Female,39,114491.82,1,0,0
15596870,Germany,Male,54,144768.94,1,0,1
15780770,France,Male,31,145056.59,1,1,0
15751491,Germany,Male,50,117206.3,1,0,1
15706200,Germany,Male,41,138014.4,2,0,0
15808674,Germany,Female,45,128352.59,3,1,1
15641411,France,Female,23,112568.31,1,1,0
15764661,France,Male,33,0,1,0,0
15689492,Germany,Male,41,176958.46,2,1,0
15602405,Germany,Female,38,99167.54,1,0,0
15610271,Spain,Female,42,103210.27,1,0,0
15791780,Germany,Female,48,104478.12,3,1,1
15589147,Spain,Male,61,125921.37,1,1,0
15756975,Spain,Female,35,0,2,1,0
15729582,Germany,Male,48,80697.44,1,0,0
15742971,France,Female,44,161887.81,2,0,0
15568046,France,Male,24,109558.36,1,0,0
15694890,France,Male,38,124271.26,1,0,0
15736963,France,Male,43,0,2,1,0
15646490,Spain,Male,42,190569.23,1,1,0
15607314,Spain,Male,53,143923.96,1,0,1
15576745,France,Male,48,96542.16,2,1,0
15669606,France,Male,33,0,2,0,0
15737832,Spain,Male,45,139825.56,1,0,1
15681990,Germany,Male,24,111769.14,2,0,0
15758050,Spain,Male,37,0,2,0,0
15787848,Spain,Male,30,113672.18,2,0,0
15713594,France,Female,32,147256.86,1,0,0
15588186,Spain,Male,45,107023.03,1,0,0
15786739,France,Male,37,125529.55,1,1,0
15699467,Spain,Female,41,0,1,0,0
15680706,Germany,Male,48,131834.8,1,0,1
15645717,France,Male,62,0,2,1,0
15748597,Spain,Male,56,99529.7,1,1,1
15773709,Spain,Male,35,0,2,1,0
15629787,France,Male,27,107303.72,2,0,0
15661007,France,Male,33,72783.42,1,0,0
15686812,Spain,Female,44,0,1,1,0
15754113,France,Female,35,0,2,1,0
15749489,Germany,Female,22,115743.6,1,0,0
15574352,France,Male,43,161256.53,1,1,0
15701281,France,Male,27,0,2,1,0
15811985,Spain,Male,44,0,2,0,0
15713505,France,Male,31,0,2,1,0
15685653,Germany,Female,40,162261.01,2,0,0
15758831,France,Male,39,74896.33,1,0,0
15618774,France,Male,54,0,1,0,1
15764448,Germany,Male,35,144037.6,1,0,0
15611024,France,Female,23,93522.2,1,1,0
15738220,Spain,Male,38,0,2,0,0
15805764,France,Male,18,0,2,1,0
15580487,Germany,Male,38,106922.92,2,1,0
15675787,France,Male,26,112972.57,1,0,0
15583580,Germany,Female,35,123042,1,0,1
15780654,Germany,Female,33,100488.92,2,1,0
15695034,France,Female,44,123322.15,1,0,0
15805671,France,Male,32,0,1,1,0
15790658,Spain,Male,42,68683.68,1,1,0
15578648,Germany,Male,49,59532.18,1,0,0
15734987,France,Female,43,140260.36,2,0,0
15721740,Germany,Male,50,88302.65,1,1,0
15641822,France,Female,19,0,2,1,0
15765650,Germany,Male,40,114655.58,1,0,0
15788556,France,Female,42,148283.94,1,1,1
15576550,Spain,Female,38,0,1,0,1
15622230,France,Female,35,0,2,1,0
15653937,Germany,Female,53,123916.67,1,0,1
15743538,France,Female,31,0,2,0,0
15591740,France,Female,54,0,2,1,1
15650086,France,Male,43,165896,2,0,0
15718773,France,Female,32,0,2,0,0
15615140,France,Male,36,111168.97,1,1,0
15644361,France,Female,40,103549.24,1,0,1
15774536,France,Female,32,0,2,0,0
15618661,France,Male,30,103804.97,1,1,0
15605020,France,Male,45,165901.59,2,0,1
15762134,Germany,Male,59,119152.1,2,1,0
15685279,Spain,Female,57,122950.31,1,1,0
15582849,France,Female,51,0,1,1,1
15655410,Germany,Male,49,133384.66,1,0,1
15649129,France,Male,32,0,2,0,0
15702380,Spain,Male,64,0,2,1,0
15759067,Germany,Female,37,158411.95,4,1,1
15683027,Germany,Male,29,122028.65,2,1,0
15597487,France,Female,35,0,1,1,0
15763256,Germany,Female,64,128751.65,2,0,1
15620111,France,Male,54,133436.52,1,0,0
15623053,Spain,Male,40,123177.01,1,0,0
15595592,France,Female,59,0,1,0,1
15740072,France,Female,37,120328.88,2,1,0
15778005,France,Female,39,130147.98,1,0,1
15583278,Spain,Female,36,92716.96,1,1,0
15601263,Spain,Female,48,0,2,0,0
15709222,Spain,Male,34,0,1,1,0
15713949,France,Male,40,76914.21,1,0,0
15717706,France,Female,32,106045.92,2,1,0
15756071,France,Male,34,103133.26,1,1,0
15696564,France,Male,38,145974.79,2,1,0
15657637,Spain,Female,36,0,3,0,0
15755863,Spain,Female,49,0,2,1,0
15719858,Spain,Female,38,0,2,1,0
15688876,Spain,Male,39,0,2,1,0
15698528,Spain,Female,31,0,1,1,1
15770345,Spain,Female,31,139183.06,1,1,0
15761506,Spain,Male,19,0,2,0,0
15716619,Germany,Female,36,74974.89,1,1,0
15788367,Spain,Male,44,61691.45,1,1,0
15709451,Germany,Female,35,121952.75,2,1,0
15640421,France,Female,35,0,1,1,0
15580068,Spain,Male,35,0,2,1,0
15677123,Spain,Male,37,0,2,1,0
15619801,France,Female,33,80107.83,2,1,0
15582246,Spain,Female,45,0,2,1,0
15711843,Germany,Male,40,147856.82,3,0,1
15680046,Spain,Male,36,0,2,0,0
15804131,Spain,Female,53,65407.16,2,0,1
15722611,France,Female,53,114233.18,1,1,0
15729224,France,Female,37,0,2,0,0
15811588,Spain,Female,53,187602.18,1,0,1
15702138,France,Female,22,156834.34,1,0,0
15749799,France,Female,34,0,2,1,0
15752885,France,Male,42,157498.9,1,1,0
15674932,Spain,Female,44,0,2,0,0
15743828,France,Male,41,0,1,1,1
15642022,Spain,Male,34,0,1,0,0
15746461,Spain,Male,35,0,2,0,0
15809991,Spain,Male,19,130274.22,1,1,0
15787322,France,Female,41,0,1,1,0
15575498,France,Female,39,149379.66,2,0,0
15691387,France,Male,29,0,1,1,0
15765457,Spain,Male,35,100829.94,1,1,0
15666173,Germany,Female,32,96408.98,1,1,0
15627377,France,Male,41,0,2,1,0
15656683,France,Male,52,0,1,0,1
15679810,France,Male,39,0,2,0,0
15606310,France,Male,71,149105.08,1,1,0
15756871,Spain,Male,39,0,1,0,0
15610002,Spain,Male,41,0,2,1,0
15567802,Spain,Female,34,0,2,0,0
15745452,Germany,Male,41,90218.11,1,0,0
15617252,France,Female,33,87347.7,1,0,0
15753248,France,Male,28,0,2,0,0
15610755,France,Female,33,137811.75,1,1,0
15662238,France,Male,37,105563,1,0,0
15799186,France,Male,38,0,2,0,0
15686941,Spain,Female,26,0,2,0,0
15601172,France,Male,31,91125.75,1,0,0
15723858,Spain,Male,39,0,2,1,0
15615896,Spain,Male,39,0,2,0,0
15737647,Germany,Female,77,135120.56,1,0,0
15582841,France,Male,29,0,2,1,0
15760090,France,Male,28,0,2,1,0
15588587,France,Female,36,86837.95,1,1,0
15683157,France,Male,26,100446.57,1,1,0
15694209,France,Female,32,0,2,1,0
15655875,France,Female,33,0,2,0,0
15805704,France,Female,32,0,4,1,1
15744789,Spain,Female,32,114512.59,1,0,0
15799357,France,Male,35,136364.46,1,0,0
15726153,France,Male,31,106260.67,1,1,0
15713346,France,Male,24,146126.75,1,1,0
15665053,Spain,Male,52,111284.53,1,1,1
15592379,Spain,Female,42,121056.63,2,0,0
15692599,France,Male,34,128270.56,1,0,0
15620758,Spain,Male,30,0,2,0,0
15637428,France,Male,35,0,2,0,0
15808389,France,Female,79,0,1,1,0
15807003,France,Male,32,191775.65,1,0,0
15702912,Spain,Female,35,0,1,0,1
15590623,Spain,Male,34,85141.79,2,1,0
15728078,France,Male,26,126392.18,1,1,0
15708256,France,Male,28,0,2,0,0
15582335,France,Female,40,129860.37,1,0,0
15649150,France,Female,53,127642.44,1,0,1
15691647,France,Female,35,0,2,1,0
15668270,Germany,Female,44,125584.17,2,1,1
15624820,Spain,Male,56,50911.21,3,0,1
15736254,France,Male,29,91955.61,1,0,0
15720814,Germany,Female,36,84266.44,2,0,0
15642997,France,Female,36,147149.59,1,1,0
15693200,France,Female,36,0,2,0,0
15624596,France,Female,23,104822.45,1,1,0
15807167,France,Male,42,146766.72,2,1,0
15660301,Germany,Male,70,148745.92,2,1,0
15593094,France,Male,27,0,1,0,1
15618239,France,Female,48,0,1,0,0
15574137,Spain,Male,35,0,2,1,0
15614740,France,Female,41,135203.81,2,1,0
15574071,Germany,Male,23,93301.97,2,1,0
15671148,Germany,Male,33,96341,2,0,0
15721921,France,Male,44,165326.2,1,1,0
15717995,France,Male,27,0,2,1,0
15632050,France,Female,41,99786.2,1,0,0
15647111,Spain,Female,22,114440.24,1,1,0
15759991,Spain,Male,36,141573.55,1,0,0
15790204,Spain,Female,22,0,1,0,1
15686780,Spain,Female,55,133676.65,1,1,0
15640491,France,Female,33,147493.7,2,0,0
15783225,France,Male,54,0,1,0,1
15734438,France,Female,29,0,2,0,0
15688760,Germany,Female,37,95022.57,1,1,0
15768124,France,Female,34,0,1,0,0
15661330,France,Male,37,0,1,1,0
15781272,France,Male,50,149713.61,3,1,1
15573888,Germany,Female,43,107963.38,1,0,1
15575858,France,Male,40,0,2,0,0
15645937,Spain,Male,32,0,1,0,0
15702337,France,Male,37,0,2,1,0
15764537,France,Male,43,0,2,0,0
15619616,France,Female,33,102017.25,2,0,0
15585133,Spain,Female,27,0,2,0,0
15573971,France,Male,44,0,2,0,0
15579433,Spain,Male,29,96674.55,2,0,0
15777045,Spain,Female,44,81811.71,1,0,1
15611580,Spain,Male,33,79281.61,1,0,0
15614778,France,Male,31,0,2,0,0
15771750,Germany,Female,36,122314.39,1,0,0
15593280,Germany,Male,43,140733.74,1,1,0
15569274,Germany,Male,49,116933.11,1,0,1
15654408,Spain,Male,41,165445.04,2,0,0
15657468,Germany,Female,53,123805.03,1,0,0
15614213,France,Male,37,107548.94,1,0,0
15589869,France,Male,49,111634.29,2,1,0
15693205,Germany,Female,41,109153.96,3,1,1
15797113,Spain,Female,34,0,2,0,0
15676958,Germany,Male,34,86055.17,2,1,0
15739592,Germany,Female,51,98438.23,1,0,1
15656263,Spain,Male,29,0,2,0,0
15636872,France,Female,32,144705.87,2,0,0
15589435,France,Male,31,0,2,1,0
15640464,France,Male,41,91612.91,1,1,0
15723851,Spain,Male,40,0,1,0,0
15722122,France,Female,40,0,1,1,0
15696852,France,Female,32,192122.84,1,1,1
15634936,France,Male,41,179904,1,1,0
15575935,France,Male,59,178058.06,2,1,1
15634491,France,Male,30,176166.56,2,1,0
15628530,France,Male,42,156864.2,2,0,0
15678720,France,Female,44,0,2,1,0
15627999,Spain,Male,30,0,2,0,0
15571244,Spain,Female,33,0,2,1,0
15739931,France,Male,34,161588.89,1,1,0
15806256,France,Male,48,109349.29,1,0,1
15787258,Spain,Female,29,0,2,0,0
15706463,France,Female,36,0,2,1,0
15691004,Spain,Male,37,0,1,1,1
15792228,France,Male,60,152335.7,1,0,1
15733447,France,Female,51,124662.54,1,1,1
15679062,Germany,Female,47,91522.04,2,1,0
15594409,France,Male,45,0,2,1,0
15613816,Spain,Female,39,62052.28,1,1,0
15681991,France,Male,32,107871.72,1,0,0
15796074,France,Female,36,99472.76,2,0,1
15625941,Spain,Female,50,128039.01,1,1,0
15615016,France,Male,33,0,2,1,0
15748414,Spain,Female,33,114634.63,2,0,1
15751203,France,Male,26,56738.47,2,1,1
15662658,Germany,Male,34,90355.12,2,0,0
15574868,Germany,Male,36,115725.24,2,0,0
15790282,Germany,Male,58,114327.59,2,1,0
15762927,Germany,Female,36,100762.64,1,0,0
15803456,France,Female,40,0,1,0,1
15771857,Spain,Male,39,89039.9,2,1,0
15700601,France,Male,34,78829.53,1,1,0
15569670,Germany,Male,30,112372.96,1,1,0
15772341,Germany,Male,81,122029.15,1,1,0
15661548,France,Female,29,157829.12,1,0,0
15787597,Germany,Female,31,108377.75,2,1,0
15806913,France,Female,54,95507.12,1,1,0
15804862,Germany,Male,43,127146.68,1,0,0
15792986,Germany,Male,24,133811.78,1,0,1
15625632,France,Male,36,121092.47,2,1,0
15727703,Germany,Male,34,126979.75,1,0,0
15606273,France,Male,37,144235.73,2,0,1
15799652,France,Female,38,152582.2,2,0,0
15715047,Spain,Male,43,172478.15,1,0,1
15784687,France,Male,36,126477.42,1,0,0
15615322,Spain,Male,43,97473.87,2,1,0
15722072,France,Male,53,138053.67,1,1,0
15646784,France,Female,31,164003.05,2,1,0
15644692,France,Female,47,0,1,1,1
15670354,France,Female,62,0,2,1,0
15716357,Spain,Female,39,122486.11,2,1,0
15786717,France,Male,36,0,2,0,0
15771383,Germany,Female,45,53667.44,1,0,0
15649793,France,Male,20,0,2,0,0
15731543,Spain,Male,58,109327.65,1,1,0
15684516,Spain,Male,34,121151.05,1,0,0
15677249,Spain,Male,42,101043.63,1,1,0
15581525,Germany,Male,33,83501.66,2,0,0
15628420,Spain,Male,33,80462.24,1,0,0
15600478,France,Male,39,0,1,0,0
15594502,France,Male,37,109093.41,2,0,0
15784361,Spain,Female,46,140355.6,1,1,0
15767626,France,Male,42,0,2,1,0
15632521,Germany,Male,45,130170.82,2,0,0
15665088,France,Female,42,0,2,1,0
15652084,France,Male,40,109542.29,1,1,0
15574761,France,Female,41,33563.95,2,0,1
15729515,France,Male,36,148795.17,2,1,0
15682070,France,Male,64,0,2,1,0
15743817,Germany,Male,40,174126.75,3,0,1
15572158,Spain,Male,41,0,1,0,0
15584477,Spain,Female,35,106405.03,1,1,0
15614893,Spain,Male,38,0,1,1,0
15665963,Spain,Male,30,128393.29,1,1,0
15612524,Germany,Male,41,127841.52,1,0,0
15596962,France,Female,24,137295.19,2,1,0
15744942,Spain,Female,55,155828.22,1,1,1
15573278,France,Male,39,0,2,0,0
15717056,Germany,Female,25,144351.86,1,0,0
15795881,Spain,Male,35,106365.29,1,1,0
15758939,Germany,Male,35,127801.88,1,1,0
15792250,Germany,Female,45,122793.96,1,1,0
15740406,Germany,Male,38,113525.84,1,0,1
15768137,Spain,Female,23,136100.69,2,0,1
15569120,France,Male,30,0,2,1,0
15723721,France,Male,30,140916.81,1,0,0
15777122,France,Female,31,0,2,1,0
15742681,Germany,Male,26,121365.39,1,1,0
15582090,Spain,Female,36,0,1,0,0
15711254,France,Female,35,0,2,0,0
15775067,France,Male,47,93578.68,2,1,1
15602851,France,Male,40,0,1,0,0
15802857,Spain,Female,33,115409.6,1,1,0
15701175,France,Female,33,90791.69,1,1,0
15783019,France,Female,62,123681.32,3,0,1
15728912,France,Female,44,92436.86,1,0,0
15585580,Germany,Female,52,167194.36,1,1,1
15583480,France,Female,36,0,2,1,0
15620341,Germany,Male,44,160838.13,2,0,0
15613886,Spain,Male,43,0,1,0,1
15792916,Spain,Female,40,144470.77,1,1,0
15710408,Spain,Female,38,0,2,1,0
15598695,Germany,Female,68,130169.27,2,1,0
15649354,Spain,Male,35,0,2,1,0
15737556,France,Male,43,81076.8,2,1,1
15671610,France,Male,36,0,1,1,0
15625092,Germany,Female,57,101465.31,1,0,1
15741032,France,Male,48,0,1,1,0
15750014,Germany,Female,37,113865.23,2,1,0
15784761,Spain,Female,46,87603.35,3,1,1
15768359,France,Male,36,120037.96,1,0,0
15805769,Spain,Male,33,0,2,0,0
15719508,Germany,Male,49,121205.15,4,1,1
15609011,Spain,Male,47,75408.33,1,0,1
15703106,France,Male,40,0,2,1,0
15626795,France,Female,40,0,1,0,1
15773731,Spain,Female,35,0,2,0,0
15756196,France,Male,50,121818.84,2,1,0
15687903,France,Female,29,0,2,0,0
15777599,Germany,Male,34,141806,2,1,0
15754577,France,Female,51,61354.14,1,0,1
15584113,Germany,Female,53,124954.94,1,1,1
15669589,Germany,Female,68,95039.12,1,1,1
15632793,France,Female,29,103417.74,1,1,0
15711130,France,Male,45,0,2,0,0
15615254,France,Male,40,43028.77,1,0,0
15720583,Germany,Female,44,119638.21,1,1,1
15780432,France,Male,37,122689.51,2,0,1
15673223,France,Male,44,0,2,0,0
15807989,Germany,Male,37,73179.34,2,1,0
15761168,France,Female,38,171913.87,1,0,1
15651272,France,Male,38,0,2,1,0
15812832,Germany,Male,33,92659.2,2,0,0
15680517,Germany,Female,34,137239.17,1,1,1
15750569,Germany,Female,46,102955.14,2,0,0
15690743,France,Female,61,65190.29,1,1,1
15627741,Germany,Female,29,96863.52,2,1,0
15712121,Spain,Male,34,154983.98,1,0,0
15805429,Germany,Male,59,106819.65,1,1,0
15814923,Spain,Male,38,128578.52,1,1,0
15589230,France,Female,63,126473.33,1,1,0
15775490,France,Female,38,110570.78,2,0,0
15749727,Spain,Male,50,0,2,1,0
15619238,Spain,Male,29,0,2,0,0
15593468,France,Female,33,0,2,1,0
15718454,Spain,Female,44,0,2,0,0
15789498,France,Male,30,111099.79,2,0,0
15744691,France,Female,29,0,3,0,0
15708289,Spain,Male,25,100913.57,1,0,0
15790412,Spain,Male,26,0,2,1,0
15741416,France,Male,42,16893.59,1,1,0
15598894,Spain,Male,38,122267.85,1,0,0
15663294,France,Male,32,125685.79,1,1,0
15572728,Spain,Male,36,127397.34,1,0,0
15706729,France,Male,38,105271.56,1,1,0
15674433,Germany,Female,28,115265.14,1,0,0
15641170,Spain,Male,36,0,1,0,0
15806284,Spain,Male,31,0,2,1,0
15690958,Germany,Male,23,139542.82,1,1,0
15606386,Germany,Female,46,111512.75,3,0,1
15682322,France,Male,37,148466.93,2,1,0
15579915,France,Male,29,0,2,0,0
15681928,France,Female,35,108155.49,1,0,0
15734005,France,Female,42,0,2,0,0
15650432,Germany,Male,41,84622.13,1,1,0
15592578,Spain,Female,41,146997.64,2,0,0
15671243,France,Female,47,0,2,0,0
15775709,France,Female,27,98590.25,1,0,0
15702631,France,Female,26,0,2,1,0
15602282,Germany,Female,45,134980.74,1,1,1
15717879,Spain,Female,79,108078.56,1,1,0
15740878,Spain,Female,29,0,2,1,0
15794468,France,Female,42,0,2,0,0
15773277,France,Male,35,106836.67,2,0,0
15572657,France,Male,29,102490.27,1,1,0
15800295,Germany,Male,34,112746.54,2,0,0
15672397,France,Male,38,125487.89,1,0,0
15684921,Spain,Male,25,142862.21,1,1,0
15720676,France,Female,37,0,2,0,0
15731829,France,Male,34,0,2,0,0
15732672,Spain,Male,35,79388.33,1,1,0
15692406,France,Male,37,0,2,1,0
15764405,France,Male,29,0,2,1,0
15757537,France,Female,31,107784.65,1,1,0
15793307,Spain,Female,41,142880.28,3,0,1
15660679,Spain,Female,38,149571.94,1,0,0
15666856,France,Male,49,142767.39,1,1,0
15687372,Germany,Male,49,121537.71,2,0,1
15667289,Spain,Male,50,0,2,0,0
15624641,Spain,Male,43,0,1,0,1
15734610,France,Male,42,89838.71,3,0,1
15631882,Germany,Male,45,103399.87,1,0,0
15642709,France,Female,30,0,2,0,0
15811026,Germany,Male,43,136855.94,2,0,0
15596303,France,Female,39,0,2,0,1
15787255,Germany,Female,55,140891.46,3,1,1
15617166,France,Male,37,0,1,0,0
15742442,Spain,Female,46,89364.91,1,1,0
15758692,France,Female,29,146011.4,1,0,0
15568238,Spain,Male,20,0,2,1,0
15730353,Germany,Male,29,145294.08,2,0,0
15731555,Germany,Female,45,106000.12,1,0,1
15582404,Spain,Female,26,0,2,0,0
15721462,Spain,Female,58,0,2,1,0
15632899,Spain,Male,20,104508.77,2,0,0
15808526,Germany,Female,58,127539.3,1,1,1
15694349,Spain,Male,44,0,1,1,0
15718465,Germany,Male,51,96891.46,1,0,1
15682995,France,Female,32,78535.25,1,0,0
15584776,Spain,Female,37,112712.17,1,0,0
15777772,Spain,Male,55,119618.42,1,1,0
15576156,Spain,Female,28,0,1,0,0
15646756,France,Female,33,74963.5,1,1,0
15742886,France,Male,26,138023.79,2,1,0
15586135,Spain,Female,28,0,1,1,0
15616152,France,Female,47,185513.67,1,0,0
15721460,France,Male,60,185648.56,1,0,1
15727317,Germany,Female,49,102286.6,3,0,1
15649536,Germany,Male,38,128015.83,1,0,0
15754929,France,Male,31,39539.39,2,0,0
15572051,France,Male,40,0,1,1,0
15668142,France,Male,37,77608.46,2,1,0
15701176,France,Male,26,141462.13,1,0,0
15708422,Spain,Female,35,0,2,0,0
15655632,France,Male,27,131691.33,1,0,0
15744606,Spain,Male,29,93833.86,1,1,0
15612140,Spain,Female,46,137933.39,1,1,0
15656086,Spain,Male,54,105770.14,1,1,1
15655298,Spain,Female,54,0,2,1,0
15644796,Spain,Female,38,0,2,1,1
15726250,France,Female,38,166328.65,2,1,0
15764432,Germany,Female,42,164307.77,1,0,0
15631721,Germany,Male,38,163965.69,2,1,0
15707479,France,Male,40,125608.72,1,0,0
15579826,France,Female,66,0,1,0,0
15668104,Spain,Male,37,118433.94,1,1,0
15641604,France,Female,55,98488.08,1,0,1
15587240,France,Male,40,0,2,1,0
15680767,Germany,Female,64,98362.35,2,1,0
15601594,France,Female,51,144237.91,4,0,1
15589969,France,Male,34,0,1,1,0
15703728,Spain,Male,47,0,1,0,1
15617790,France,Female,29,105767.28,2,0,0
15662500,Spain,Male,32,0,2,0,0
15778526,Spain,Female,48,0,2,0,0
15670584,Spain,Male,31,0,1,1,1
15748069,France,Female,25,134467.26,1,1,0
15680597,Germany,Male,38,138515.02,1,1,0
15628992,Germany,Male,32,128647.98,2,0,0
15719624,France,Female,38,121858.98,1,0,0
15812767,Spain,Male,70,0,2,1,0
15689201,France,Female,49,120108.56,1,1,0
15614716,France,Female,37,196853.62,1,1,0
15683618,France,Female,35,121418.62,1,1,0
15799631,Spain,Male,36,0,2,1,0
15692259,France,Female,29,0,2,0,0
15590966,Germany,Female,42,97495.8,2,0,0
15656426,France,Female,42,0,2,0,0
15675256,Spain,Male,33,127343.4,1,1,0
15751185,Spain,Female,50,158633.61,1,0,0
15789582,France,Male,55,0,1,0,0
15651103,Spain,Female,69,183744.98,1,1,0
15672299,France,Male,44,0,2,1,0
15772250,Spain,Male,46,0,1,0,0
15763922,France,Male,31,79962.92,2,0,0
15633870,France,Female,36,0,2,1,0
15624323,France,Male,36,0,2,1,0
15688612,France,Male,33,140956.99,1,0,0
15694644,Spain,Female,43,0,1,1,0
15587174,France,Male,29,0,2,1,1
15579559,Spain,Male,30,145241.63,1,1,0
15775430,Germany,Male,31,138008.06,2,0,0
15623695,France,Female,31,0,2,1,0
15760849,France,Male,39,0,2,1,0
15813095,France,Male,37,0,2,0,0
15705281,Spain,Male,38,0,1,0,0
15812594,France,Male,34,0,2,0,0
15626322,Spain,Female,29,127570.93,2,0,0
15723105,France,Female,28,0,1,1,0
15588449,Spain,Female,27,107812.67,1,1,1
15794849,Germany,Male,22,91560.58,2,0,0
15620000,Germany,Male,34,121303.77,2,1,0
15799720,Spain,Male,43,161546.68,2,1,0
15711287,Spain,Female,35,128415.45,1,0,0
15613102,France,Female,31,57530.06,1,1,1
15621440,France,Male,38,0,2,1,0
15677146,France,Female,28,142243.54,2,0,0
15801169,Germany,Female,39,138341.51,1,0,1
15722425,France,Male,32,0,2,0,0
15682421,France,Female,30,0,2,1,1
15691910,Spain,Male,30,0,3,0,0
15721779,Spain,Male,41,146466.46,2,0,0
15579548,Spain,Male,36,0,2,0,0
15681075,France,Female,58,0,1,1,0
15607884,France,Female,39,0,2,1,0
15767757,Spain,Female,29,120307.58,1,1,0
15791550,France,Male,27,87637.26,2,0,0
15658589,Spain,Male,38,94652.04,1,1,0
15670822,France,Female,22,114415.84,1,1,0
15629744,France,Female,71,0,2,1,0
15660768,France,Male,40,84315.02,1,0,0
15726310,Spain,Female,27,0,2,0,0
15641298,Germany,Male,42,93955.83,2,0,0
15625675,France,Male,36,67087.69,1,0,0
15713354,Germany,Female,22,101528.61,1,0,1
15633866,Germany,Male,30,110824.52,1,1,0
15704231,France,Female,33,0,1,1,0
15735400,France,Male,28,179960.2,1,0,0
15632826,France,Male,38,134006.77,1,0,0
15751022,Germany,Female,37,121532.17,2,1,0
15664737,Spain,Female,38,0,2,1,0
15681126,Spain,Female,38,0,1,1,0
15738954,France,Male,35,129717.3,2,0,0
15662263,Germany,Male,22,94762.16,2,1,0
15621611,Germany,Male,55,155196.17,1,1,1
15783752,Germany,Male,29,129514.99,1,1,0
15709474,Germany,Female,57,113386.36,2,1,1
15701280,France,Male,24,0,1,1,1
15671104,Spain,Male,43,172196.23,1,1,0
15796434,France,Male,28,97612.12,1,1,0
15781505,France,Male,20,104719.94,2,0,0
15625819,France,Female,38,0,1,0,0
15753174,Germany,Male,37,139592.98,3,0,1
15654067,Spain,Female,29,0,2,0,0
15724719,France,Female,22,139096.85,1,0,0
15624695,Spain,Female,72,140301.72,1,1,0
15718216,Spain,Male,43,0,1,0,0
15586300,France,Male,66,0,2,1,0
15783349,Spain,Male,39,111233.09,1,1,0
15725767,France,Male,23,0,2,0,0
15791925,France,Male,29,147737.63,1,1,0
15793585,France,Male,35,0,2,1,0
15576641,Germany,Male,40,125725.02,2,1,0
15749519,France,Male,38,128289.7,3,0,1
15684960,France,Female,46,0,1,0,1
15591286,Germany,Female,49,88826.07,1,1,1
15668323,France,Female,41,143443.61,1,0,1
15608528,France,Female,68,0,4,1,1
15645184,France,Male,29,0,2,0,0
15702566,Spain,Male,26,149134.46,1,1,0
15660840,France,Male,30,124119.54,1,0,0
15750811,Germany,Male,44,116822.7,1,0,0
15733842,France,Female,24,103219.47,1,0,0
15581526,France,Male,41,0,2,0,0
15662751,Germany,Female,40,81954.6,1,1,1
15684319,Germany,Female,37,95196.26,1,0,1
15702190,Spain,Male,43,0,2,1,0
15588517,France,Male,38,0,2,1,0
15801863,France,Female,32,136555.01,2,1,0
15584271,France,Male,59,0,1,1,0
15700366,France,Male,39,119452.03,1,1,0
15804038,France,Male,44,0,1,1,1
15720820,Germany,Female,24,69881.09,2,1,0
15743759,France,Male,39,0,2,1,0
15749947,France,Female,44,0,2,1,0
15670496,Spain,Female,27,0,2,0,0
15746664,Spain,Male,20,204223.03,1,0,0
15745533,France,Female,63,110314.21,2,0,1
15761497,Spain,Female,48,163760.82,1,0,1
15628600,Germany,Female,31,141069.18,3,1,0
15627002,France,Male,38,115934.74,1,1,0
15614635,France,Male,52,151457.88,1,1,0
15731281,Germany,Female,35,154206.07,2,1,0
15814022,France,Female,26,89928.99,1,0,0
15659194,France,Male,30,89182.09,1,1,0
15745030,Germany,Male,41,79706.25,2,0,0
15691817,Spain,Female,44,0,3,0,1
15707488,France,Female,27,0,2,0,0
15784700,France,Male,31,117799.28,1,1,0
15710397,France,Male,26,0,2,0,0
15687648,France,Male,28,0,2,0,0
15732281,Germany,Male,34,146422.22,1,0,1
15607230,Germany,Male,33,150186.22,2,1,0
15567630,Germany,Male,40,100275.88,1,0,1
15587507,France,Male,47,0,1,0,1
15733904,France,Male,32,147493.89,1,0,0
15709511,France,Male,43,0,2,0,0
15579616,France,Female,42,0,2,1,0
15694852,France,Male,29,121823.4,2,1,0
15589924,Spain,Female,40,0,2,1,0
15799300,Germany,Male,31,113688.63,1,0,1
15731330,Spain,Female,40,100471.34,1,1,0
15694129,Germany,Female,28,100032.52,1,0,1
15620372,Spain,Male,31,0,2,0,0
15744622,France,Male,32,116358,1,0,0
15799815,Germany,Female,23,163549.63,1,1,0
15759250,Germany,Male,51,99183.9,1,1,0
15732643,Spain,Female,53,131955.07,1,1,1
15690540,Spain,Female,41,134177.06,1,0,0
15803078,Spain,Female,38,0,2,0,0
15652180,France,Male,30,0,2,1,0
15741195,Spain,Male,19,0,1,1,0
15743490,Germany,Female,56,94348.94,1,0,1
15575510,France,Female,32,155584.21,1,1,0
15732610,France,Female,28,0,2,0,0
15602909,Spain,Female,41,0,2,1,0
15734058,Germany,Male,32,170661.47,1,1,0
15801788,Germany,Female,29,185544.36,1,0,0
15702462,Spain,Female,44,52831.13,1,1,1
15683416,Germany,Male,51,97750.07,3,1,1
15794187,France,Male,36,114007.5,2,0,0
15792989,France,Female,71,104308.77,1,1,0
15613734,France,Female,33,84719.13,2,1,0
15606177,France,Male,39,0,2,0,0
15636700,France,Male,39,140236.98,1,1,0
15645766,Spain,Male,25,0,2,1,0
15671345,Spain,Female,42,75302.85,2,0,0
15652469,France,Male,27,0,2,0,0
15749638,France,Female,51,104760.82,1,1,1
15728706,France,Female,49,0,1,0,1
15735439,Spain,Female,31,113693,1,0,0
15778696,Spain,Female,36,174180.39,1,0,0
15624744,Germany,Male,42,115766.26,1,0,1
15584338,France,Female,40,0,2,0,0
15726178,Spain,Female,48,0,2,0,0
15794939,France,Female,72,121215.9,2,1,0
15788068,Germany,Male,45,144677.19,3,0,1
15572956,France,Male,36,115350.63,1,1,0
15780386,Spain,Male,40,105683.63,1,0,0
15791114,France,Male,37,135179.49,1,0,0
15708046,Spain,Male,31,117551.23,1,0,0
15719779,Germany,Male,25,157404.02,2,0,0
15591550,Spain,Male,36,77910.23,1,0,0
15639368,France,Male,25,110942.9,1,0,0
15699830,France,Female,40,0,2,1,0
15569264,France,Male,32,179305.09,1,1,0
15595158,Germany,Male,31,150593.59,2,1,0
15599126,France,Female,43,123815.86,1,1,1
15650575,Spain,Female,59,0,2,1,1
15641490,Germany,Female,25,69385.17,2,0,0
15680234,Germany,Male,27,138032.15,1,0,0
15592230,France,Male,41,0,2,1,0
15626212,France,Male,29,0,1,1,0
15700627,Germany,Female,46,143500.82,1,0,1
15782641,Spain,Female,29,119670.18,1,0,0
15784445,Spain,Male,33,99106.73,1,0,0
15813681,Germany,Male,24,120135.55,2,1,0
15596649,France,Female,39,0,1,0,0
15700460,France,Female,55,120905.03,1,1,1
15724076,Spain,Female,57,0,3,0,1
15784000,Germany,Female,34,102277.52,1,0,1
15733966,Germany,Female,55,125292.53,1,1,1
15612667,Spain,Male,42,0,1,0,0
15654025,France,Female,51,101629.3,1,0,0
15589431,Germany,Male,47,171937.27,1,1,0
15578238,France,Male,47,0,2,0,0
15566269,France,Male,25,0,2,0,0
15639217,France,Male,34,0,2,0,0
15688644,France,Male,31,129743.75,1,0,0
15662426,Spain,Male,32,0,1,1,1
15720511,Germany,Male,41,151191.31,1,0,1
15567246,Germany,Male,32,102630.13,2,1,0
15647965,France,Female,57,114023.64,2,1,1
15679048,Germany,Male,41,124227.14,1,1,0
15675749,France,Female,23,0,2,1,0
15782181,Spain,Male,35,80285.16,1,0,1
15795738,France,Male,31,175477.15,1,1,0
15773751,France,Female,29,132144.35,1,0,0
15655436,Germany,Male,47,136911.07,1,1,1
15691396,Germany,Male,31,133299.67,2,1,0
15796958,France,Male,39,0,2,0,0
15801832,Germany,Male,42,117691,1,1,1
15661349,France,Male,35,0,2,0,0
15719265,France,Male,46,0,2,0,0
15779985,Germany,Female,37,133199.71,2,1,0
15663410,Spain,Male,51,135506.58,3,1,1
15704144,Germany,Male,33,127154.14,2,1,0
15774104,Spain,Male,39,0,2,1,0
15812230,Germany,Female,42,49508.79,3,1,0
15742848,France,Male,41,0,1,1,0
15745326,France,Female,62,75051.49,1,0,1
15674541,Spain,Male,52,123925.23,1,0,1
15728564,France,Male,41,0,2,1,1
15580701,France,Male,33,153819.58,1,0,1
15688973,Spain,Female,39,0,2,1,0
15709412,Spain,Male,30,0,2,1,0
15607753,Spain,Female,23,70417.79,1,1,0
15705352,Spain,Male,38,111484.88,1,1,0
15602500,Spain,Male,38,146343.98,1,1,0
15672437,France,Male,72,160541,2,1,0
15720968,Germany,Male,27,130274.26,2,0,0
15730796,France,Female,21,98993.02,1,1,0
15768219,Spain,Male,36,0,2,0,0
15663883,Germany,Male,32,141827.33,2,1,0
15589296,France,Female,40,110054.45,1,1,0
15586425,France,Male,28,0,2,1,0
15679813,Spain,Male,28,0,1,0,0
15681410,Germany,Female,36,98088.09,1,1,1
15668283,France,Male,48,118317.27,4,0,1
15624072,Spain,Male,22,0,2,0,0
15669664,Germany,Male,54,99774.5,1,0,1
15682728,France,Female,32,0,2,0,0
15573851,France,Female,38,0,3,0,1
15733661,Spain,Female,27,133806.54,2,0,0
15710012,Spain,Male,44,0,2,0,1
15763327,France,Male,32,124993.29,2,1,0
15668853,Spain,Female,44,157622.58,1,1,0
15639303,Germany,Male,48,126111.61,1,1,0
15691011,France,Male,42,161651.37,2,1,0
15638513,France,Female,40,142856.95,2,0,0
15648933,Germany,Male,44,111100.98,1,1,1
15628904,Spain,Male,35,102918.38,1,1,0
15644788,France,Female,30,0,2,0,0
15598161,France,Male,47,0,2,0,0
15745624,France,Male,37,0,2,0,0
15733169,Spain,Male,22,125265.61,1,1,0
15801417,France,Male,37,82500.28,1,1,0
15592707,Germany,Female,64,175754.87,2,1,0
15593954,France,Female,47,109387.33,1,0,0
15714431,France,Male,37,100443.36,2,1,0
15638257,Spain,Female,54,83102.72,2,1,0
15690939,Spain,Male,28,0,1,1,0
15723613,France,Female,28,0,2,0,0
15813640,France,Female,40,0,2,0,0
15707322,France,Female,48,115290.27,1,0,1
15588918,France,Female,42,0,2,0,0
15600357,France,Female,40,140197.71,2,0,0
15747014,France,Female,28,105245.34,1,1,0
15809830,France,Male,50,0,2,1,0
15662245,France,Male,32,0,2,1,0
15651075,Germany,Male,35,142296.13,1,1,0
15594456,Spain,Female,56,99097.33,1,1,1
15583462,France,Male,28,171069.39,2,1,0
15757661,France,Female,39,0,2,0,0
15729117,France,Female,31,102523.88,1,1,0
15749671,France,Male,35,0,2,1,0
15566253,Germany,Male,44,143391.07,1,0,1
15595153,Germany,Female,44,106022.73,2,0,0
15698572,Spain,Female,36,0,1,0,0
15674149,Germany,Male,36,128960.21,2,1,0
15623082,France,Female,35,0,2,0,0
15797905,France,Female,48,0,2,0,0
15746028,France,Female,24,0,2,0,0
15582951,France,Female,25,126442.59,1,0,0
15616471,Spain,Male,51,0,1,1,0
15641575,France,Male,37,127261.35,1,0,0
15638803,Spain,Female,32,0,2,0,0
15808283,France,Female,33,0,1,0,0
15811200,France,Female,34,0,2,0,0
15733476,Germany,Male,30,73481.05,1,1,0
15633274,France,Male,34,160515.37,1,0,0
15582168,Germany,Female,61,149525.34,2,0,0
15807269,Germany,Male,43,166522.78,1,0,1
15602979,France,Male,29,135536.5,1,0,0
15660417,Germany,Female,43,120481.69,1,0,1
15590199,Spain,Male,28,103421.32,1,1,0
15641794,France,Male,33,135658.73,2,1,0
15779174,France,Female,36,0,2,1,0
15785547,France,Male,28,191402.82,2,0,0
15795124,Germany,Male,50,94504.35,1,1,0
15718912,Germany,Female,44,126147.84,1,1,1
15592028,France,Female,46,0,1,1,0
15580227,France,Male,33,0,2,0,0
15657830,France,Male,43,87624.03,2,0,0
15798256,France,Female,45,153697.53,2,0,1
15643819,France,Female,25,0,2,0,0
15754301,France,Male,39,0,1,0,0
15726855,Germany,Female,45,116585.97,1,0,1
15755225,Germany,Male,34,134464.58,2,0,0
15725221,Germany,Male,62,83008.31,1,1,0
15789055,Spain,Male,35,113635.16,1,0,0
15617507,Spain,Female,36,0,2,0,0
15668894,Germany,Male,41,122552.48,2,1,0
15589563,Spain,Male,31,118899.45,2,0,0
15693162,France,Female,29,99713.87,1,0,0
15750099,France,Female,36,0,1,0,0
15795540,France,Female,36,134208.22,1,1,0
15794941,Germany,Female,41,85906.65,3,0,0
15611848,Germany,Male,32,137714.25,1,1,0
15581237,Spain,Male,33,160777.9,1,1,0
15738150,France,Male,45,0,2,1,0
15678571,France,Male,21,0,2,0,0
15736124,France,Male,25,102585.88,2,1,0
15623202,Germany,Female,39,102556.18,2,0,1
15804201,Germany,Male,42,126772.57,1,1,0
15596863,Germany,Female,38,158373.23,1,1,0
15696277,France,Female,34,0,2,0,0
15748608,Germany,Male,42,141927.1,1,1,0
15723864,Spain,Male,47,109876.82,2,0,1
15802390,France,Female,34,0,2,1,0
15774336,Germany,Male,44,111369.79,2,1,0
15648766,Spain,Male,35,116969.35,1,0,0
15659094,Germany,Female,34,136729.51,2,0,0
15606397,Germany,Female,44,152086.15,1,1,1
15642619,Spain,Male,46,0,2,0,0
15666032,Spain,Male,28,127289.28,1,0,0
15595842,Germany,Male,45,119852.01,1,0,1
15753837,Spain,Male,38,0,2,1,0
15783882,Spain,Female,41,0,2,1,0
15799790,France,Male,35,0,1,1,0
15628155,France,Female,35,117183.74,1,1,0
15703778,France,Male,33,129907.63,1,1,0
15722322,Spain,Female,78,0,2,1,0
15639278,Germany,Female,36,145387.32,2,1,1
15568487,France,Male,35,124616.23,1,1,0
15682084,France,Male,31,0,2,0,0
15642821,Spain,Female,48,95808.19,1,0,1
15601387,France,Male,35,0,2,0,0
15642515,France,Female,42,0,2,1,0
15710421,Spain,Female,36,117152.3,1,0,0
15726774,France,Male,35,106250.72,1,0,0
15649078,Germany,Female,27,111837.78,2,1,0
15641877,France,Male,47,97023.21,1,1,0
15796496,France,Female,31,137687.72,1,0,0
15815690,Spain,Female,40,113348.5,1,1,0
15631739,Spain,Male,24,122109.78,1,1,0
15625584,France,Male,32,120452.4,2,0,0
15802466,France,Female,53,0,2,1,0
15697028,Spain,Male,34,65812.35,2,1,0
15575759,Spain,Female,40,54428.37,1,0,1
15567442,France,Female,75,0,2,1,0
15746805,France,Male,33,0,2,0,0
15636330,Germany,Female,48,143279.58,2,0,1
15714970,Germany,Male,32,103846.65,1,0,0
15653784,France,Male,37,125190.86,1,1,0
15693543,France,Female,33,0,2,1,0
15773283,France,Male,65,38340.02,1,0,1
15742534,Germany,Female,28,123802.98,2,1,0
15569878,France,Male,37,96651.03,1,1,0
15729454,France,Male,33,0,2,0,0
15578375,France,Male,39,0,2,0,0
15785559,France,Male,43,133237.21,1,0,1
15649414,France,Female,61,142105.35,1,1,0
15701605,France,Male,37,166115.42,1,0,0
15686696,France,Female,37,81070.34,2,0,0
15625586,France,Male,35,0,1,1,0
15654975,France,Female,53,123835.52,2,1,0
15782993,France,Male,51,123401.43,2,1,0
15774382,Germany,Male,49,169377.31,1,1,0
15689602,France,Male,38,130015.24,1,1,0
15756155,France,Male,32,0,2,1,0
15812647,France,Male,34,133936.04,2,0,0
15736043,France,Male,34,114543.27,1,1,0
15696744,France,Female,31,119794.67,1,0,0
15602572,France,Male,33,0,2,1,0
15674765,Spain,Male,44,0,1,0,0
15678725,France,Female,29,0,2,1,0
15694444,Germany,Female,32,157138.99,3,0,1
15795878,Spain,Male,45,0,2,1,0
15735346,Germany,Female,41,136733.24,1,1,0
15687094,Germany,Female,28,82498.14,2,0,0
15790067,Spain,Male,39,151914.93,1,0,0
15605742,France,Male,43,80090.93,1,0,1
15566740,Spain,Male,51,83739.32,1,1,0
15664897,France,Female,35,181166.44,1,1,1
15585777,France,Male,38,130588.82,1,1,0
15650864,France,Male,42,0,2,0,0
15806709,Germany,Male,33,94126.67,1,0,0
15633818,France,Male,32,0,2,0,0
15713845,France,Male,38,148045.68,1,0,1
15639662,France,Male,38,0,2,0,0
15567013,Spain,Male,33,0,2,0,0
15777784,France,Female,44,168165.84,1,1,0
15800251,Germany,Female,26,72835.56,2,0,0
15651315,France,Male,41,0,2,0,0
15651450,Germany,Male,31,123212.08,2,1,0
15784218,Spain,Male,38,0,2,1,0
15572398,Spain,Female,39,0,2,1,0
15707962,France,Male,40,119501.88,2,0,0
15705663,Germany,Female,39,144550.83,2,1,0
15645355,Germany,Male,34,126729.41,1,1,1
15729557,Germany,Male,36,119984.07,1,0,1
15631436,France,Male,35,0,1,0,0
15583073,Spain,Female,56,0,1,1,1
15614361,Spain,Male,42,121490.05,1,1,0
15724684,Spain,Male,46,91897.8,1,0,0
15700083,Spain,Male,39,139443.75,2,0,0
15636541,Germany,Male,35,144961.97,1,1,0
15796015,Germany,Male,42,126041.02,1,1,0
15787222,Germany,Male,28,69459.05,2,1,0
15594270,France,Male,38,198338.77,2,1,0
15701524,France,Male,36,0,2,0,0
15645847,Germany,Male,35,109196.66,3,0,1
15708867,Spain,Female,38,134168.5,3,0,1
15613140,France,Male,34,0,1,1,0
15628893,France,Male,29,0,1,0,0
15764073,Spain,Female,36,0,2,1,0
15782879,France,Male,40,0,2,1,0
15635964,Germany,Male,65,120100.41,1,0,1
15726087,France,Female,62,0,1,1,0
15726313,Spain,Female,50,0,2,0,0
15578073,Spain,Male,22,0,2,0,0
15786249,Spain,Male,30,0,2,0,0
15812850,Spain,Male,67,0,2,1,0
15596972,France,Male,38,0,1,0,0
15620579,Spain,Female,31,0,2,1,0
15768270,Spain,Female,31,0,2,0,0
15656597,Germany,Male,38,135559.8,2,1,0
15699446,Germany,Female,25,150355.35,2,1,0
15615004,France,Female,37,0,2,1,0
15704771,France,Female,35,133489.12,2,1,0
15588372,Germany,Female,37,105489.31,1,0,1
15681439,Germany,Male,25,60205.2,2,0,0
15607509,France,Male,38,0,2,0,0
15670343,Spain,Male,19,0,2,0,0
15597968,Spain,Male,50,0,1,0,1
15658432,France,Male,40,0,1,1,0
15616431,France,Male,33,0,1,1,0
15796957,Spain,Male,35,0,3,1,1
15815552,France,Female,42,112333.63,1,1,0
15631871,Germany,Female,57,116936.81,1,1,0
15635870,Germany,Female,50,117721.02,1,1,1
15596713,France,Male,37,165896.22,2,1,0
15684211,Spain,Female,44,153656.85,1,0,0
15760521,France,Female,50,94164,1,1,0
15608408,Spain,Male,39,0,2,0,0
15804721,France,Male,49,191808.73,1,0,0
15730272,France,Male,58,152199.33,1,1,0
15741988,Germany,Female,52,125396.24,1,0,1
15771728,Germany,Male,41,104405.54,3,0,0
15605113,France,Female,27,133801.49,1,1,0
15661945,Spain,Female,40,0,3,0,0
15783816,France,Female,28,0,2,0,0
15721207,Germany,Male,42,100047.33,1,0,0
15764072,France,Female,31,109848.6,1,1,0
15689412,France,Female,32,127849.38,1,0,0
15798385,Spain,Female,46,0,2,1,0
15775339,France,Female,29,95947.76,1,0,0
15585256,Spain,Male,26,0,2,1,0
15797329,France,Male,43,137638.69,1,0,1
15780220,France,Male,38,0,1,1,0
15648951,Spain,Male,41,0,2,1,0
15752409,France,Male,31,0,2,0,0
15807524,France,Female,44,0,2,0,0
15766649,France,Male,38,89416.99,1,0,0
15696812,Spain,Male,42,0,2,1,0
15581295,Spain,Female,45,0,1,0,0
15663234,France,Female,60,143262.04,1,1,0
15741417,Spain,Female,35,119656.45,2,1,0
15695174,France,Male,29,132954.64,1,1,0
15665168,Germany,Female,44,105206.7,2,1,0
15601503,Spain,Male,28,0,2,0,0
15706131,Spain,Female,37,83061.26,2,0,0
15782758,France,Male,40,147650.68,1,1,0
15591091,France,Male,44,73348.56,1,0,1
15715877,France,Male,28,0,2,0,0
15756918,France,Female,38,0,2,0,0
15746662,Spain,Female,27,116320.68,1,1,0
15626679,France,Male,33,0,2,1,0
15793343,France,Female,29,0,2,1,0
15576774,France,Female,38,0,2,0,0
15801316,France,Male,61,66250.71,1,1,0
15800514,Germany,Female,24,95675.62,2,0,1
15662232,Germany,Male,42,92616.64,2,0,0
15737778,Spain,Female,41,0,1,0,0
15782096,Spain,Female,36,0,1,1,1
15783522,Spain,Female,37,100565.94,1,1,0
15785373,Spain,Female,42,190305.78,1,0,1
15756272,Germany,Female,35,118536.4,1,0,1
15615245,France,Male,19,127649.64,1,1,0
15600174,France,Male,35,165358.77,1,1,0
15752956,Spain,Male,29,0,2,1,0
15644882,Germany,Female,36,78249.53,1,0,0
15766272,Germany,Female,61,125193.96,1,1,0
15800620,France,Female,29,0,2,0,0
15569764,Germany,Female,41,154007.21,1,0,0
15747458,Spain,Female,43,133214.88,2,1,0
15573171,Spain,Male,63,146202.93,1,1,1
15736769,France,Female,27,0,2,0,0
15763381,France,Male,30,90963.49,1,1,0
15814430,Spain,Male,41,0,1,0,1
15638607,France,Female,52,0,1,0,1
15737133,Spain,Male,68,114386.85,1,1,0
15613945,France,Female,26,0,2,0,0
15659937,France,Female,40,0,2,1,0
15765287,France,Female,38,0,2,0,0
15661723,Spain,Male,71,137260.78,1,1,1
15766064,France,Male,33,111060.05,2,0,0
15649616,Spain,Male,60,124447.73,1,1,1
15719017,France,Female,34,0,2,1,0
15720919,France,Male,42,0,1,1,1
15706706,Germany,Male,33,135310.41,2,1,0
15709653,France,Male,32,0,2,0,0
15805104,France,Female,73,0,2,1,0
15622442,France,Male,29,0,2,0,0
15572801,Spain,Male,34,139393.19,2,0,0
15767598,Spain,Male,28,0,2,0,0
15757897,France,Female,26,104258.8,1,1,0
15568104,France,Female,26,0,2,1,0
15763414,Germany,Male,32,113447.01,1,0,0
15732265,France,Male,33,0,2,0,0
15621974,Germany,Female,33,111063.73,2,0,0
15803947,Germany,Female,30,161378.02,1,0,1
15720706,Spain,Female,39,82766.43,1,1,0
15759290,Spain,Male,29,0,2,0,0
15651664,France,Female,61,104267.7,1,0,1
15795132,France,Female,25,91718.8,1,0,0
15811565,Spain,Female,47,63488.7,1,1,1
15713774,Spain,Female,46,12459.19,1,0,1
15691840,Germany,Female,37,159863.9,2,1,0
15682021,Germany,Male,23,104592.55,2,0,0
15612931,Spain,Female,50,132088.59,1,1,0
15676707,Spain,Female,39,0,2,0,0
15601383,Spain,Male,44,120654.68,1,0,0
15662662,France,Female,30,0,2,0,0
15752694,France,Female,32,83772.95,1,1,0
15590683,France,Female,31,172325.67,1,1,0
15773591,France,Male,46,117685.31,2,1,0
15723620,France,Male,41,0,2,1,0
15671779,France,Male,39,0,2,0,0
15672966,Spain,Female,64,0,2,1,0
15624667,France,Male,35,135871.5,1,1,0
15812888,France,Male,41,0,4,1,1
15724154,Germany,Female,49,128504.76,1,0,1
15749540,France,Male,36,0,2,0,0
15621063,France,Female,42,56228.25,1,0,0
15661626,Germany,Female,45,98792.4,1,0,1
15698703,Germany,Male,40,181768.32,2,1,0
15801431,Spain,Female,48,101198.01,1,1,0
15649451,France,Male,25,0,2,1,0
15626156,France,Female,60,0,2,1,0
15606158,France,Female,39,0,1,0,0
15589496,France,Male,34,139064.06,2,0,0
15730345,France,Female,35,104508.1,1,1,0
15572038,Germany,Male,35,113948.58,1,0,1
15643439,France,Male,47,0,2,1,0
15604158,France,Female,39,0,2,1,0
15657396,France,Male,31,0,2,1,0
15709478,Germany,Male,37,117524.72,2,1,0
15628824,France,Female,37,160389.82,1,1,0
15814519,France,Female,37,0,2,0,0
15636520,France,Male,27,125547.53,1,0,0
15794414,Spain,Male,46,92783.68,1,1,0
15643671,Germany,Male,49,97036.22,2,0,1
15700650,France,Male,34,0,2,0,0
15680224,France,Female,26,0,2,1,0
15784286,Spain,Male,40,102145.13,1,1,0
15693996,France,Female,33,113452.66,1,0,0
15764343,Spain,Female,46,155681.72,1,0,0
15704168,Germany,Male,38,127475.24,1,0,1
15680197,France,Male,41,0,2,1,0
15633729,France,Male,43,112751.13,1,1,0
15577683,France,Female,29,0,2,1,0
15800746,France,Male,45,144889.18,1,1,1
15788686,Spain,Male,40,0,2,1,0
15742798,France,Female,22,150126.44,1,0,1
15596647,France,Male,54,69712.74,1,1,0
15756070,Spain,Female,44,0,2,1,0
15775116,France,Male,31,0,2,0,0
15575428,Germany,Female,35,117438.92,2,1,0
15654074,France,Male,38,119315.75,1,0,0
15695872,France,Female,30,89571.59,1,1,0
15568885,Germany,Female,34,102251.57,1,0,0
15725036,France,Male,42,118546.71,1,1,0
15632665,France,Male,61,0,1,1,1
15571476,Spain,Male,38,103257.14,1,0,0
15776850,Spain,Female,43,124209.02,1,1,0
15623649,Spain,Male,32,0,2,1,0
15751131,Spain,Female,41,150302.84,1,1,0
15688128,Spain,Male,34,108653.93,1,1,0
15678412,France,Female,45,85325.93,1,0,0
15770291,France,Female,29,0,2,0,0
15583392,Germany,Male,37,135776.36,3,0,1
15690731,France,Male,40,131411.24,1,1,0
15697948,Spain,Female,36,0,2,1,0
15608328,Spain,Female,41,0,2,0,0
15766378,Germany,Female,45,106431.97,2,1,0
15600813,France,Male,50,90305.76,1,1,0
15706217,Germany,Male,28,117466.03,2,1,0
15601417,France,Male,32,148884.47,2,1,0
15610972,Germany,Female,44,91115.76,2,0,1
15674620,Germany,Female,37,77373.87,2,1,0
15785350,Spain,Male,23,104744.89,1,0,0
15749119,France,Female,31,0,2,1,0
15756535,Germany,Male,39,91538.51,1,1,0
15700965,France,Female,32,0,2,1,0
15791851,France,Female,34,185734.75,1,1,0
15717156,France,Male,30,143396.54,2,1,0
15740846,France,Male,40,125909.85,1,1,0
15573284,France,Female,45,0,2,0,0
15729083,France,Male,36,154525.7,1,1,0
15611612,France,Female,29,0,1,0,0
15694381,France,Male,51,100654.8,1,0,0
15651737,Spain,Male,44,83325.77,1,1,0
15663168,France,Male,35,110934.54,1,0,0
15643426,Spain,Female,36,113680.54,1,0,0
15618245,Germany,Male,31,117020.08,2,0,0
15717527,France,Female,49,145359.99,1,0,0
15793478,Germany,Female,39,151391.68,1,0,1
15642248,Spain,Male,66,123935.35,1,1,0
15640377,France,Female,36,0,2,0,0
15723950,Spain,Male,40,70291.02,1,1,1
15590327,Germany,Female,42,166031.45,1,0,0
15706199,Germany,Male,36,96643.32,1,0,0
15671514,Spain,Female,33,0,2,1,0
15727041,France,Male,71,0,2,1,0
15738063,France,Male,29,0,2,1,0
15711733,France,Male,48,0,2,1,0
15652320,France,Male,40,0,2,0,0
15634180,Germany,Male,26,97268.1,2,0,0
15694566,France,Female,42,0,2,0,1
15726103,Germany,Female,55,76296.81,1,0,1
15646351,Spain,Male,27,0,2,0,0
15730044,Germany,Female,42,64497.94,3,1,1
15795186,France,Male,38,0,1,0,0
15784890,Spain,Female,32,0,2,0,0
15694125,France,Male,57,0,2,1,0
15565891,France,Male,39,0,2,0,0
15674254,Spain,Female,45,0,2,1,0
15775206,France,Male,37,0,2,0,0
15797627,Spain,Male,54,134249.7,1,1,0
15649853,France,Female,45,0,1,1,1
15610379,France,Male,30,105443.68,1,1,0
15659800,Spain,Female,50,0,1,1,1
15716236,France,Male,35,0,2,0,0
15672053,Spain,Male,38,0,2,0,0
15663933,Germany,Female,35,86147.46,2,0,1
15814236,Spain,Female,38,96939.06,1,1,0
15583597,Spain,Male,47,106758.6,1,1,0
15607395,France,Female,33,112528.65,2,0,0
15694556,France,Male,60,116563.58,1,0,1
15744109,France,Male,32,0,1,1,0
15800688,Spain,Female,42,0,2,0,0
15810878,Spain,Female,38,141786.78,1,1,0
15587835,France,Male,41,136416.82,1,1,0
15763515,France,Male,30,0,2,0,0
15725882,Germany,Female,40,133245.52,2,1,0
15788022,Germany,Female,41,90757.64,2,1,0
15663917,France,Male,43,92350.36,1,1,0
15656865,Germany,Male,69,78778.49,1,1,0
15667971,Germany,Female,34,102143.93,2,1,0
15800366,France,Male,29,0,1,1,0
15717231,Germany,Male,37,98459.6,1,0,0
15643188,Germany,Female,47,114603.76,2,0,1
15671351,Spain,Male,35,0,2,0,0
15573628,Germany,Female,51,148074.79,1,0,1
15698953,Spain,Male,36,0,3,1,1
15753888,Spain,Female,62,108004.64,1,1,1
15737961,Germany,Female,29,107712.57,2,1,0
15801701,Spain,Male,35,0,2,1,0
15684419,Spain,Female,37,0,3,0,0
15794266,France,Male,32,145303.52,1,0,0
15810711,Germany,Male,37,138476.41,2,1,0
15771270,France,Female,27,127471.56,1,1,1
15607786,France,Male,26,156551.63,1,1,0
15624519,Germany,Female,49,97092.87,1,0,1
15799910,France,Male,32,0,2,0,1
15602479,Spain,Male,37,129312.79,1,1,0
15617419,Germany,Female,29,100315.1,2,1,0
15657603,France,Female,35,81684.97,1,0,0
15570379,Spain,Male,51,88827.53,1,0,1
15772996,Germany,Male,40,152092.44,2,1,0
15729574,Spain,Male,71,0,2,1,0
15737267,France,Female,49,0,1,0,1
15799128,Spain,Female,38,102406.76,1,1,0
15813327,France,Male,21,109130.96,2,1,0
15711921,France,Male,29,0,2,1,0
15654300,Germany,Male,33,75242.28,1,1,0
15569945,Spain,Male,29,0,2,0,0
15569666,France,Female,45,0,1,0,1
15681887,Germany,Male,33,129142.54,2,1,0
15608873,France,Male,51,0,1,0,0
15762091,Germany,Female,22,139129.92,1,1,0
15722053,Spain,Male,33,0,2,1,0
15782100,Spain,Male,22,66483.32,1,1,0
15765300,Germany,Male,40,62389.03,3,0,1
15743570,France,Female,34,0,2,1,0
15608541,France,Male,46,91857.66,1,0,1
15750671,Spain,Male,31,0,2,0,0
15813659,France,Female,56,0,1,0,1
15757867,France,Female,30,176173.52,1,0,1
15652914,Spain,Male,38,0,1,1,0
15723818,France,Female,37,131834.76,2,0,0
15713819,France,Male,48,92347.96,1,1,0
15656484,France,Male,40,0,2,1,0
15778515,France,Male,40,95297.11,1,0,0
15803840,France,Female,32,0,2,0,0
15735339,France,Male,39,0,1,0,0
15600392,France,Female,53,123845.36,2,1,1
15625740,Germany,Male,62,143426.34,2,1,0
15663817,France,Male,46,0,1,1,0
15734461,Germany,Male,31,112708.2,1,1,0
15780142,France,Male,43,100013.51,1,0,0
15709920,France,Female,33,208165.53,1,0,1
15684248,Spain,Male,21,0,2,1,0
15643158,France,Female,40,0,1,0,1
15693902,France,Male,19,0,2,1,0
15578307,France,Female,33,121685.31,2,1,0
15585379,France,Male,39,111525.02,1,0,0
15758510,France,Male,26,0,2,0,0
15692918,Germany,Male,36,113546.3,1,1,0
15705301,France,Male,41,95696.52,2,1,0
15718231,France,Male,28,88963.31,2,1,0
15567991,Spain,Male,31,144880.34,2,1,0
15772650,France,Male,55,136576.02,1,1,1
15574795,France,Female,38,63093.01,1,1,0
15706036,Germany,Male,38,132271.12,2,1,0
15723856,France,Female,29,88814.4,2,1,0
15812920,Germany,Male,40,90594.55,1,1,0
15691287,Germany,Female,33,141816.25,1,0,1
15804797,France,Female,54,138547.97,1,1,1
15708650,France,Female,31,52192.08,2,1,0
15712777,France,Male,38,124976.19,1,0,0
15786469,France,Female,34,0,2,0,0
15669219,Germany,Male,35,104356.38,1,0,0
15641004,Spain,Female,48,150315.92,1,1,0
15648067,France,Male,39,129299.28,2,0,0
15704014,Germany,Male,37,140950.92,2,0,0
15645136,Spain,Male,30,128065.12,1,0,0
15709604,France,Male,23,107433.48,1,0,0
15713637,France,Male,34,117468.67,1,0,0
15793901,France,Female,27,0,2,0,0
15569759,France,Female,27,0,3,0,0
15712930,France,Male,42,0,1,0,0
15586504,France,Male,40,0,2,0,0
15677317,France,Female,29,153040.03,1,1,1
15664270,Germany,Male,45,142084.04,4,0,1
15731519,France,Female,30,0,2,0,0
15745623,France,Male,32,112079.58,1,0,0
15813862,Spain,Male,66,132044.6,2,1,0
15641934,Spain,Female,46,66582.81,1,0,1
15713043,France,Female,33,0,2,1,0
15700749,France,Female,39,0,1,1,0
15697567,France,Male,33,0,2,1,0
15715414,France,Female,38,102895.1,1,0,0
15639530,Spain,Male,42,0,1,1,0
15726058,Germany,Male,27,117578.35,2,1,0
15725665,France,Male,47,198546.1,2,0,1
15698872,Spain,Female,39,0,2,0,0
15812184,France,Female,31,0,1,0,0
15742609,Germany,Male,28,116623.31,1,1,0
15815043,Spain,Male,49,0,2,0,0
15640648,France,Male,36,0,2,1,0
15627203,Spain,Male,54,0,1,1,0
15786196,France,Female,44,105770.7,3,0,1
15612095,France,Female,48,0,1,0,1
15674368,France,Female,39,94435.45,2,1,0
15783477,Germany,Female,39,112889.91,1,1,0
15757559,France,Female,53,0,2,0,1
15591036,Germany,Female,43,127940.47,1,0,1
15761241,Germany,Female,36,129745.1,1,1,0
15695078,France,Male,32,0,2,1,0
15645744,France,Female,30,0,2,1,0
15566988,Germany,Female,46,141535.52,1,0,1
15749300,France,Female,47,139914.27,1,1,0
15594340,France,Male,41,120243.49,1,0,1
15607065,France,Male,34,91835.16,1,0,0
15778089,Spain,Male,37,0,2,0,0
15773723,Spain,Female,22,67178.19,1,1,1
15697035,Spain,Female,31,0,2,0,0
15679668,Spain,Male,38,115378.94,1,1,0
15709861,Germany,Male,30,127786.28,2,1,0
15791958,France,Female,41,0,2,1,1
15791030,France,Female,33,64900.32,2,0,0
15695339,Germany,Male,53,109172.88,1,0,1
15658813,France,Female,55,0,2,1,0
15715709,Germany,Male,43,114091.38,1,1,0
15722533,France,Female,40,0,2,1,0
15683118,France,Male,32,0,2,0,0
15672798,France,Female,45,145933.27,1,1,0
15680112,Germany,Female,35,131504.73,1,0,0
15714575,Germany,Female,44,107926.02,1,1,1
15806808,Germany,Female,57,112281.6,3,0,1
15590637,France,Male,41,0,2,1,0
15657535,Spain,Male,29,0,1,1,1
15696141,Spain,Female,31,0,1,0,0
15811947,France,Male,33,124781.67,1,1,0
15649024,France,Female,39,132865.56,1,1,1
15594928,Germany,Female,38,129055.13,1,0,0
15765532,Germany,Male,76,96166.88,1,1,0
15741719,France,Female,40,165298.12,1,1,0
15665629,Spain,Female,33,0,2,0,0
15728917,France,Male,48,120682.53,1,0,1
15762993,Spain,Male,32,102773.15,2,1,0
15571193,Germany,Male,42,144386.32,1,1,1
15653521,Germany,Female,40,104449.8,1,1,0
15802220,Spain,Male,35,137102.65,1,0,0
15644132,France,Female,30,142475.87,1,1,0
15600832,France,Female,43,0,1,0,0
15797919,Spain,Male,37,103195.2,2,0,0
15603743,France,Male,28,112070.44,1,1,0
15579714,France,Female,29,0,2,1,0
15634295,France,Male,35,96473.59,1,0,0
15786680,Spain,Male,37,0,2,0,0
15623499,Germany,Male,49,108437.89,1,0,1
15691823,France,Male,37,153195.59,1,1,0
15809279,France,Male,45,96877.21,1,1,0
15758039,France,Male,44,0,2,1,0
15807163,France,Female,38,0,1,0,1
15631639,France,Female,40,95452.89,1,1,0
15713770,Spain,Male,41,63873.56,1,0,0
15698167,France,Female,24,148298.59,2,0,0
15781710,Spain,Female,31,0,2,0,0
15801296,Germany,Female,37,143258.85,2,0,0
15704378,Germany,Male,37,121342.24,1,1,0
15767891,Germany,Female,28,99152.73,2,0,0
15640667,France,Female,41,0,2,0,0
15702145,Spain,Male,33,68423.89,1,1,0
15679738,Spain,Female,35,0,1,0,1
15636634,Germany,Female,25,79656.81,1,0,0
15809227,France,Male,35,0,2,1,0
15601811,France,Female,53,110240.04,1,0,1
15625494,France,Female,32,125321.84,2,1,0
15723737,France,Male,27,0,1,0,0
15682955,France,Female,32,84378.9,1,1,0
15758856,France,Male,45,0,2,0,0
15746065,Germany,Male,35,136281.41,2,1,0
15783865,France,Male,59,119380.37,1,1,0
15745455,Germany,Male,62,108716.59,2,1,0
15583033,France,Female,20,0,2,1,0
15644212,Spain,Male,28,0,2,0,0
15735688,France,Female,31,106596.29,1,0,0
15658577,France,Female,37,99546.25,3,1,1
15606887,France,Female,30,0,1,0,1
15783026,France,Female,41,0,1,0,0
15579892,Spain,Male,19,112615.86,1,1,0
15802088,Spain,Female,22,0,1,1,0
15589323,France,Female,24,0,2,1,0
15636395,France,Female,31,0,2,0,0
15712772,France,Male,28,75381.15,1,1,0
15700937,Spain,Female,24,0,2,1,0
15766659,Spain,Male,33,0,2,0,0
15814033,Spain,Male,38,0,2,0,0
15783007,Germany,Female,45,123086.39,1,1,1
15654183,France,Female,26,0,2,0,0
15609899,Spain,Male,37,0,1,0,0
15747323,Spain,Male,48,109472.47,1,0,1
15582591,Spain,Male,59,155766.05,1,1,0
15738835,Germany,Male,38,101985.81,2,0,0
15782404,France,Female,34,96019.5,1,0,0
15697480,France,Male,30,0,2,1,0
15697045,Spain,Female,35,0,2,1,0
15781234,France,Female,35,147900.43,1,0,0
15579891,France,Male,52,100755.66,1,1,0
15805690,Spain,Female,35,0,1,0,1
15612139,France,Female,33,83036.05,1,1,1
15568834,Spain,Male,27,125427.37,2,0,0
15709917,France,Female,46,98202.76,1,0,0
15718843,Spain,Male,41,72509.91,1,0,0
15799494,Germany,Male,44,140393.65,2,1,0
15673439,Spain,Female,50,142644.64,2,1,1
15669011,France,Female,44,23503.31,1,1,1
15581388,Spain,Male,33,145729.71,1,0,0
15743153,Germany,Female,40,122295.17,2,1,0
15579787,France,Male,39,0,2,0,0
15759966,Spain,Female,36,119799.27,2,0,0
15601045,Spain,Male,37,163708.58,2,0,0
15764021,France,Male,34,61687.33,2,0,0
15687218,France,Female,27,79144.34,1,1,0
15626452,Spain,Male,32,0,2,1,0
15700964,Germany,Female,27,104848.68,1,1,0
15768887,Spain,Male,26,0,2,1,0
15735358,Spain,Male,46,0,1,1,0
15749472,France,Male,45,0,1,0,0
15685872,France,Female,29,146652.01,1,1,0
15760851,France,Male,31,0,2,0,0
15734588,France,Male,46,0,2,1,0
15784594,Germany,Female,37,130622.34,2,1,0
15606435,Germany,Male,69,187013.13,2,1,0
15790247,Spain,Male,40,0,2,1,0
15676433,France,Female,36,0,1,0,0
15625905,Spain,Male,41,0,2,0,0
15626414,France,Male,44,98862.54,1,0,0
15623220,Spain,Female,45,0,2,0,0
15752857,Germany,Male,52,98443.14,2,0,0
15677908,Spain,Male,42,0,2,0,0
15773013,France,Female,47,0,1,1,1
15623972,Germany,Female,23,123575.51,1,1,0
15738627,France,Male,25,0,2,1,0
15643392,France,Male,31,105239.1,1,1,0
15684868,Germany,Male,56,110993.79,1,0,1
15627854,Spain,Male,44,0,2,1,0
15669253,Spain,Male,39,157691.98,2,0,1
15758023,Germany,Male,47,105245.21,1,0,1
15574558,Spain,Male,32,0,2,1,0
15635256,France,Male,31,117687.35,1,1,0
15680399,France,Male,23,0,2,0,0
15674720,Germany,Female,37,123067.63,1,1,1
15580249,France,Male,45,0,1,0,0
15675431,France,Female,34,0,2,0,0
15698285,France,Female,41,101457.14,1,1,0
15810775,Spain,Male,52,100549.43,2,1,0
15678173,Spain,Male,35,174588.8,2,1,0
15665222,Spain,Male,52,121161.57,1,0,0
15803908,France,Male,45,0,2,1,0
15586039,Germany,Female,36,90063.74,2,1,0
15802570,France,Female,45,0,2,1,0
15781451,France,Male,42,134936.97,2,0,0
15721019,France,Female,24,110495.27,1,0,0
15738588,Germany,Female,37,133200.09,1,0,0
15730657,France,Female,41,82596.8,1,1,0
15739292,Germany,Male,31,103837.75,1,1,0
15725945,Spain,Female,42,0,1,0,1
15813159,France,Male,52,93590.47,1,1,1
15636820,Germany,Male,40,104149.66,1,0,0
15603880,Germany,Male,38,114141.64,1,1,1
15619494,Germany,Female,31,117153,1,1,0
15596992,Germany,Male,45,156353.46,1,0,1
15735025,Spain,Male,37,175534.78,2,1,0
15730759,France,Female,27,135637,1,0,1
15752912,France,Female,30,0,2,0,0
15711316,France,Male,27,0,2,1,0
15738785,France,Male,26,0,2,1,0
15777896,Germany,Female,33,83415.04,1,1,0
15628963,Germany,Male,43,141859.12,2,1,0
15742126,Germany,Male,38,132767.66,2,1,0
15575623,France,Female,31,110635.32,1,0,0
15741652,Spain,Male,37,177657.35,1,1,0
15738884,Germany,Male,41,157777.58,1,0,0
15615050,Germany,Male,47,107915.94,2,1,1
15803005,Germany,Female,57,86568.75,1,1,0
15743498,Germany,Male,52,137755.76,1,0,1
15720463,France,Male,30,137262.71,2,0,0
15588695,Spain,Male,32,0,1,1,1
15665802,Spain,Female,36,0,2,1,0
15571144,France,Male,28,0,2,1,0
15750731,Germany,Male,50,116309.01,1,0,1
15605134,France,Female,34,131244.65,2,0,0
15626044,Germany,Male,28,125155.83,2,1,0
15737910,Germany,Male,35,140691.08,2,0,0
15761076,France,Male,41,58820.32,2,1,0
15710105,Germany,Female,26,105099.45,1,1,1
15577402,France,Male,31,0,2,1,0
15803337,France,Male,23,168372.52,1,0,0
15654372,Germany,Male,34,94682.56,2,0,0
15585867,Spain,Male,36,0,2,1,0
15662488,France,Female,44,0,2,0,1
15604813,France,Male,40,0,2,1,0
15611644,France,Male,73,146329.73,1,1,0
15674928,Spain,Male,37,0,2,0,0
15656100,France,Female,49,167962.7,1,0,0
15764293,France,Male,33,0,2,1,0
15636423,France,Male,40,0,1,1,0
15607629,France,Male,48,0,2,0,0
15577313,France,Male,44,116967.68,1,0,1
15714493,Spain,Female,33,0,2,1,0
15643359,Spain,Male,32,0,1,1,0
15687913,Germany,Female,34,93244.42,1,1,0
15790935,France,Female,29,0,2,1,0
15708693,France,Female,33,0,2,0,0
15672016,France,Male,35,0,2,1,0
15727605,Germany,Male,43,80442.06,2,1,0
15651144,Germany,Female,35,150561.03,2,0,0
15749401,France,Male,60,0,3,1,1
15691874,France,Female,34,125474.44,1,0,0
15620735,Germany,Female,33,127076.68,2,0,0
15769781,Spain,Female,25,0,2,1,0
15624611,Spain,Male,37,128650.11,2,1,0
15773071,Spain,Female,33,145580.61,1,1,0
15720371,France,Female,51,0,1,0,1
15717984,France,Male,47,144900.58,1,0,1
15806407,France,Female,37,0,2,0,0
15785042,France,Female,31,97588.6,1,0,0
15809302,France,Male,24,0,2,1,0
15677550,France,Female,38,0,2,0,0
15654096,Germany,Female,24,122200.31,2,0,0
15617320,Spain,Female,46,151709.33,1,0,0
15653065,Spain,Female,22,0,2,0,0
15649112,Spain,Female,33,122134.4,2,1,0
15690526,Germany,Male,31,137260.45,2,0,0
15806945,France,Female,30,88594.14,1,0,0
15670066,Spain,Male,34,0,2,1,0
15625761,Germany,Male,41,127205.32,4,0,1
15761525,Spain,Female,31,96997.09,2,0,0
15735080,France,Female,64,0,1,1,0
15619537,France,Male,31,142200.19,2,1,0
15598162,Germany,Female,39,160761.41,1,1,0
15694300,France,Male,26,0,2,0,0
15637235,Spain,Male,33,0,2,0,0
15612444,France,Male,29,0,2,0,0
15626457,France,Male,31,116234.61,1,0,0
15627995,Germany,Female,26,155143.52,1,1,1
15706128,France,Female,21,0,2,0,0
15666430,France,Male,38,0,2,0,0
15627385,France,Male,34,84009.47,1,1,0
15581323,Germany,Female,28,139246.22,2,0,0
15608109,Germany,Male,58,170113,2,1,0
15801942,Spain,Female,41,0,3,1,1
15567431,France,Male,64,145578.28,1,1,0
15810167,Spain,Male,75,126273.95,1,1,0
15644501,France,Female,26,162482.76,1,1,0
15785290,France,Male,29,0,1,0,0
15611157,France,Female,32,87814.89,1,0,0
15673837,Spain,Male,61,113858.95,1,1,0
15656822,Germany,Male,43,87612.64,4,1,1
15580560,France,Female,73,0,1,1,0
15760641,Germany,Male,26,106648.98,1,1,0
15587584,Spain,Male,31,0,2,1,0
15604146,Germany,Female,38,103653.51,2,1,0
15813974,Germany,Male,37,116880.53,1,0,1
15746986,Germany,Female,40,97990.49,2,0,0
15759741,Germany,Female,34,150635.3,1,1,0
15734892,Spain,Male,37,0,2,1,0
15797194,France,Male,39,129674.89,2,0,0
15723786,France,Female,37,0,2,0,0
15642726,France,Male,53,83568.26,1,0,0
15664339,Spain,Male,48,178144.91,2,0,1
15754526,Germany,Male,36,147137.74,1,1,0
15703037,France,Male,37,0,1,1,1
15751412,France,Male,36,114370.41,1,1,0
15609558,Germany,Female,47,108289.28,2,1,1
15572408,Germany,Male,39,149887.49,2,0,0
15613923,Spain,Female,43,170172.9,1,1,0
15747000,France,Male,27,0,2,1,0
15731781,France,Male,43,0,2,0,0
15727198,Germany,Female,28,64808.32,2,0,0
15794273,France,Female,56,62732.65,1,1,0
15804950,France,Female,41,0,2,1,0
15576304,France,Male,29,95167.55,1,1,0
15645200,Germany,Female,54,152508.99,1,0,1
15779627,Germany,Male,31,134644.19,1,1,0
15750755,Spain,Female,33,0,2,0,0
15569654,Germany,Female,31,51293.47,1,0,0
15753079,France,Male,41,0,3,0,0
15684995,Spain,Male,49,116622.73,1,1,0
15790763,Spain,Female,49,0,2,0,0
15766458,France,Male,33,198113.86,1,0,0
15616221,France,Female,29,85646.81,1,0,1
15776124,Spain,Male,51,0,1,1,0
15665811,France,Male,33,141234.98,1,0,0
15729804,France,Male,34,0,2,1,0
15714062,France,Female,40,77641.99,1,0,1
15592197,Spain,Male,30,0,2,0,0
15793116,Germany,Female,40,117304.29,1,0,0
15638231,Spain,Female,62,0,2,1,0
15697678,Germany,Male,36,92340.69,2,1,0
15800412,Germany,Male,35,146780.52,2,1,0
15597610,Spain,Male,41,144974.55,1,1,0
15726634,France,Male,47,0,1,0,0
15670866,France,Male,31,0,2,1,0
15667462,Spain,Male,43,0,2,0,0
15662574,Spain,Male,37,115137.26,1,0,0
15716926,France,Male,33,101952.97,2,0,0
15603554,France,Female,45,164649.52,3,0,1
15716800,France,Male,31,0,2,1,0
15679429,France,Male,32,91956.49,1,1,0
15616122,France,Male,39,0,2,1,0
15742172,Germany,Male,32,123938.6,2,0,0
15792305,Germany,Male,46,123571.77,3,1,1
15636016,France,Female,34,120777.88,1,1,0
15733138,Germany,Male,42,90248.79,1,1,0
15669741,France,Male,36,0,1,0,0
15616954,France,Male,71,0,2,1,0
15729238,Germany,Male,48,106396.48,1,1,1
15718242,Germany,Female,47,104887.43,1,0,1
15682914,France,Male,34,72079.71,1,1,0
15654274,France,Male,37,0,2,0,0
15691457,Spain,Male,36,0,2,1,0
15719649,France,Male,38,99844.68,1,0,0
15778897,France,Female,28,0,2,1,0
15589437,France,Male,26,156815.71,1,1,0
15682369,France,Male,47,146034.74,1,1,0
15626507,France,Male,27,152283.39,1,0,0
15571995,Germany,Female,33,118897.1,2,1,0
15673333,Germany,Male,52,96781.39,1,1,0
15748752,Germany,Male,33,102772.67,2,0,0
15725302,Spain,Female,20,0,2,0,0
15722083,Spain,Male,39,0,2,0,0
15771442,France,Male,40,150578,1,1,1
15803633,France,Female,46,0,2,0,0
15672185,France,Male,47,0,2,0,0
15806486,France,Female,48,0,2,0,0
15570895,France,Male,42,163548.07,1,0,0
15614520,France,Female,37,148580.12,1,0,0
15687492,Germany,Male,32,96709.07,2,0,0
15675337,Germany,Female,34,106011.59,1,1,1
15721047,Germany,Male,37,135650.88,1,0,0
15589017,Germany,Male,55,111362.76,3,0,1
15611186,France,Male,37,39344.83,1,1,1
15617301,Germany,Male,36,130809.77,1,0,0
15726046,France,Female,27,133009.51,1,0,0
15585748,Germany,Female,28,135337.49,2,1,0
15672826,France,Female,32,112536.57,2,1,0
15595162,Spain,Female,35,122570.69,1,0,0
15650026,France,Male,44,63562.02,2,1,1
15745826,France,Male,37,0,2,1,0
15708610,Germany,Male,44,100368.63,2,0,0
15624471,France,Male,37,0,2,0,0
15590097,Spain,Female,33,136082,1,0,0
15689328,Germany,Male,48,114169.16,1,0,1
15582154,France,Female,45,47884.92,1,1,0
15734626,Spain,Female,36,0,2,1,0
15702806,Spain,Male,24,0,1,0,0
15620756,France,Male,49,202904.64,1,1,1
15611331,France,Female,46,0,1,1,1
15576935,Spain,Male,43,161807.18,2,1,1
15661275,Germany,Male,52,110791.97,1,0,1
15814940,Spain,Female,33,0,2,1,0
15768471,Germany,Female,54,108755,1,0,1
15697391,Spain,Female,34,0,2,0,0
15793346,France,Female,72,0,2,1,0
15608338,Spain,Female,55,117294.12,4,0,1
15578546,Germany,Male,26,102251.14,1,1,0
15656921,France,Male,31,0,2,0,0
15761340,France,Male,22,0,2,1,0
15591135,France,Male,37,132057.92,2,0,0
15623219,France,Male,33,0,1,0,1
15655229,Germany,Female,35,114285.2,1,1,0
15805884,France,Female,41,0,2,0,0
15668289,Spain,Male,32,76087.98,1,1,0
15568562,France,Male,40,160272.27,1,0,0
15773276,Spain,Male,63,114552.6,1,0,1
15622801,France,Female,27,102000.17,1,1,0
15779886,Spain,Male,24,0,2,0,0
15713673,France,Female,33,137853,1,1,0
15783083,France,Male,27,0,2,0,0
15742824,Germany,Male,42,162318.61,1,0,0
15621550,Spain,Female,50,140292.58,3,0,1
15799480,France,Male,34,0,2,1,0
15625247,France,Female,34,0,1,0,0
15755241,France,Female,52,0,1,1,1
15575679,France,Male,24,126431.54,1,0,0
15668235,France,Female,41,123475.04,1,1,0
15683183,Germany,Female,45,97652.96,1,0,0
15684592,Spain,Male,42,0,2,1,0
15591169,Germany,Female,49,137455.99,1,0,1
15653455,France,Female,38,0,2,1,0
15732563,Germany,Female,33,99046.31,2,1,0
15656471,France,Male,33,0,2,1,0
15598510,Germany,Male,27,105907.42,2,1,0
15766427,Germany,Male,52,97720.35,2,0,1
15785342,France,Male,25,0,2,1,0
15641595,Spain,Male,43,97392.18,2,0,0
15798429,France,Male,29,0,2,1,0
15648136,Germany,Female,28,152812.58,1,0,0
15812482,France,Male,27,139301.68,1,0,0
15790810,France,Female,41,76319.64,1,1,1
15687421,Spain,Male,67,125919.35,1,0,1
15765643,France,Male,37,124348.38,2,1,0
15654878,France,Male,29,117199.8,1,1,0
15686835,Germany,Female,57,148384.64,1,0,1
15768340,Germany,Female,19,113905.48,1,1,0
15673599,Spain,Male,32,133476.09,1,1,0
15689096,France,Male,47,117879.32,1,1,0
15684294,France,Male,50,0,2,1,0
15615828,France,Male,34,122359.5,1,0,0
15746012,Spain,Female,28,0,2,1,1
15615797,Germany,Male,59,108585.35,1,1,1
15788494,France,Male,31,145875.74,1,0,0
15793856,Spain,Female,36,121542.57,2,1,0
15629545,Spain,Female,41,109508.68,1,0,0
15661198,Germany,Male,34,146407.11,1,1,0
15715117,France,Female,39,0,1,0,0
15701074,Germany,Male,35,112330.83,1,1,0
15793046,France,Female,35,90413.12,1,1,0
15623744,France,Male,34,105302.66,1,1,0
15611329,Spain,Female,35,0,2,1,0
15740428,France,Female,35,0,2,0,0
15781534,Germany,Female,35,121520.36,1,0,0
15618243,Spain,Female,43,103960.38,1,1,0
15784161,Germany,Male,39,102945.01,1,0,0
15700325,France,Female,24,92760.55,1,0,0
15659064,Spain,Male,37,0,2,1,0
15658364,Germany,Female,40,134590.21,1,1,0
15704340,France,Female,37,104255.03,1,0,0
15793455,Spain,Female,55,0,1,0,1
15579777,France,Male,41,0,2,0,0
15632345,France,Female,35,0,2,0,0
15814468,Germany,Male,50,121399.98,1,1,1
15754820,Germany,Male,35,147127.81,2,1,0
15707505,Spain,Male,31,125927.51,2,0,0
15699507,France,Female,25,0,2,1,0
15799600,Germany,Male,48,111599.32,1,1,0
15794472,France,Female,27,0,2,0,0
15646632,France,Male,38,0,2,0,0
15676353,France,Male,35,114212.6,1,1,0
15566312,Spain,Female,42,0,3,1,1
15570414,Spain,Male,41,115251.64,1,0,0
15776743,France,Male,43,0,2,1,0
15674637,France,Female,68,107571.61,1,1,0
15730418,France,Female,32,0,2,0,0
15739972,Germany,Female,45,152367.21,3,0,1
15661591,Germany,Male,39,130969.77,2,1,0
15675585,Germany,Female,25,97738.97,2,1,0
15814750,Spain,Male,34,0,2,1,0
15593454,Spain,Female,40,113794.22,1,0,0
15663421,Spain,Male,28,128396.33,2,0,0
15576196,Spain,Female,48,118207.69,2,0,1
15677324,Germany,Male,73,124730.26,1,1,0
15568742,France,Female,41,0,1,0,0
15693764,Spain,Male,52,136298.65,1,0,1
15714260,France,Female,38,0,2,0,0
15798200,France,Male,35,0,3,1,0
15656627,France,Male,34,0,2,1,0
15791111,France,Female,47,125724.95,2,0,0
15638269,France,Male,67,0,2,1,0
15807473,France,Male,38,0,2,1,0
15708534,Spain,Female,64,0,1,0,1
15640686,France,Male,46,95872.86,1,0,1
15588904,France,Male,33,0,1,0,1
15768763,France,Male,37,0,1,1,1
15770543,France,Male,37,74260.03,1,0,0
15642162,Germany,Male,35,123407.69,1,0,1
15714046,Spain,Male,33,123783.91,2,1,0
15575060,France,Male,24,0,2,0,0
15812040,France,Male,36,153880.15,1,0,0
15812073,France,Female,31,0,2,1,0
15706810,Germany,Female,32,106301.85,2,1,0
15584090,Spain,Female,40,0,2,1,1
15810807,France,Female,43,0,2,0,0
15582033,Germany,Male,44,138076.47,1,0,1
15687607,France,Female,30,135422.31,1,1,0
15588406,Spain,Female,37,0,2,0,0
15784099,France,Female,38,126875.62,1,0,0
15701352,Spain,Female,28,96381.68,2,0,0
15789371,Germany,Female,41,119703.1,2,1,0
15602845,Germany,Male,41,152102.18,2,0,0
15707918,Germany,Female,36,127675.39,2,0,0
15602812,Germany,Female,44,133776.86,2,1,0
15675888,Spain,Female,33,72788.03,1,1,0
15591822,Spain,Male,26,76226.9,1,0,0
15738501,Germany,Male,48,163630.76,1,1,1
15585907,Spain,Female,30,0,2,0,0
15579040,France,Female,46,0,2,0,0
15804211,France,Male,36,155423.17,1,1,0
15736126,Germany,Male,55,98710.89,1,1,1
15745399,Spain,Female,49,0,1,0,1
15760749,Spain,Male,41,126683.8,1,1,0
15637118,France,Male,33,140700.61,1,0,0
15657829,Germany,Male,30,168078.83,1,0,1
15738497,Spain,Male,44,107726.93,2,0,0
15690695,France,Female,33,0,2,1,0
15762351,Spain,Female,63,0,2,1,0
15791172,Germany,Female,21,35741.69,1,0,0
15598982,Germany,Female,53,98268.84,1,1,1
15734765,France,Female,20,133800.98,1,1,0
15642912,France,Female,21,125682.79,1,0,0
15769516,France,Female,42,0,2,0,0
15789379,France,Male,26,130428.78,1,0,0
15695103,Spain,Male,37,0,2,1,0
15801924,Spain,Female,27,0,2,0,0
15767804,France,Male,44,0,2,0,0
15718039,Germany,Female,47,137138.2,2,1,0
15579994,France,Male,23,73112.95,1,1,0
15595037,France,Male,47,152347.01,1,1,0
15600720,Spain,Male,41,115144.68,1,0,0
15782608,France,Male,43,0,2,0,1
15566894,France,Male,39,137817.52,1,0,0
15749123,Spain,Male,45,157332.26,1,0,0
15668943,France,Male,37,0,2,0,0
15577423,Germany,Female,39,124586.93,1,0,1
15623102,Spain,Male,38,116980.78,2,1,0
15728012,Spain,Female,40,128398.38,1,0,0
15683363,Spain,Male,39,0,1,1,0
15699335,Germany,Female,33,137657.25,2,1,0
15574369,Spain,Male,53,167259.44,1,1,0
15703167,France,Female,45,0,2,0,0
15754874,France,Male,26,119009.57,1,0,0
15723216,Germany,Male,33,80002.33,1,1,0
15725094,France,Female,37,140211.88,1,1,0
15647974,France,Female,44,118742.74,2,0,0
15583371,Spain,Male,37,138207.08,1,0,1
15772559,France,Female,47,148636.21,1,1,1
15711251,France,Male,45,178827.79,1,0,0
15719212,France,Male,33,83134.3,1,0,0
15764927,France,Male,92,121513.31,1,1,0
15731412,Germany,Female,37,95900.04,1,1,0
15719170,France,Female,30,112543.42,1,1,0
15596011,Spain,Male,34,0,1,1,0
15614834,Spain,Female,31,141751.82,1,1,0
15600510,Spain,Female,37,124140.57,2,0,0
15625706,Germany,Male,45,116546.59,2,0,1
15781409,France,Female,28,0,1,0,0
15722583,Spain,Female,29,157576.47,2,1,0
15677243,Spain,Male,43,0,2,0,0
15815070,Germany,Female,44,141428.99,2,0,0
15705899,Spain,Male,35,127510.99,1,1,0
15701522,France,Female,29,0,2,1,0
15755978,France,Male,31,0,2,0,0
15722090,Spain,Male,51,81818.49,1,1,0
15783526,France,Male,36,100895.54,1,1,0
15632125,Germany,Male,45,63832.43,1,1,0
15688395,France,Male,29,0,2,0,0
15666975,France,Female,36,116085.06,1,0,0
15682211,France,Male,57,0,2,1,0
15637411,France,Male,30,0,2,1,0
15591512,Germany,Female,33,115761.51,1,1,1
15606855,Spain,Male,26,0,2,1,0
15763683,Germany,Male,32,139626.01,1,1,1
15641782,France,Female,31,0,1,1,1
15677184,France,Female,35,115576.44,1,1,0
15775042,France,Female,23,0,2,0,0
15616630,Germany,Female,41,77647.6,1,0,0
15800233,France,Female,40,0,2,0,0
15588419,Germany,Female,34,148962.46,1,0,1
15595557,France,Male,22,0,2,0,0
15626143,France,Male,37,0,2,1,0
15566030,Germany,Male,41,80542.81,1,0,1
15701412,France,Male,40,0,2,0,0
15702464,France,Female,34,0,2,0,0
15573348,France,Male,35,102050.47,1,1,0
15704160,Spain,Male,49,0,1,0,1
15693704,France,Female,24,114948.76,2,1,0
15664752,Germany,Male,39,136000.45,2,0,0
15628292,France,Male,32,156001.68,2,1,0
15621195,Germany,Male,41,147974.16,2,0,0
15668629,Spain,Male,44,0,2,0,0
15635197,Germany,Male,26,90402.77,1,1,0
15592761,France,Male,40,0,2,0,0
15574283,France,Male,31,0,2,1,0
15598097,France,Male,44,0,2,0,0
15711352,France,Female,31,162701.65,2,1,0
15620751,France,Male,34,0,2,0,0
15656717,France,Female,30,0,2,0,0
15643121,Germany,Female,35,82453.96,2,0,0
15723671,France,Male,35,100107.99,1,0,0
15752846,France,Male,28,0,2,1,0
15640852,Germany,Female,39,83348.89,3,0,1
15789313,Germany,Female,44,96553.52,2,0,1
15793688,France,Male,50,201009.64,1,0,1
15770405,France,Female,27,125167.74,1,0,0
15702561,France,Male,32,0,1,1,0
15625964,France,Female,43,153313.67,1,0,0
15761364,France,Male,30,0,2,0,0
15590286,France,Female,40,125879.29,1,0,0
15587978,Germany,Female,37,170057.62,1,1,0
15773242,France,Male,32,0,2,1,0
15761053,Germany,Male,48,131326.47,1,0,1
15702095,Spain,Female,56,128472.8,1,0,1
15764253,France,Male,32,160485.16,1,0,0
15700801,Germany,Male,42,84445.68,3,1,1
15730590,Germany,Female,40,115409.18,2,0,0
15643916,Spain,Male,46,62400.48,1,1,1
15720636,France,Female,50,143054.56,1,1,1
15795429,France,Male,24,133628.09,2,1,0
15609254,Spain,Female,41,107135.04,2,1,0
15625141,Spain,Male,26,0,2,0,0
15810898,France,Female,65,151659.52,2,1,0
15775797,Spain,Female,32,0,3,1,0
15795246,Germany,Female,51,155903.82,2,1,0
15795275,Spain,Female,49,82940.25,2,0,1
15571869,Germany,Female,50,112650.89,1,0,1
15694143,France,Female,41,0,1,0,0
15748231,Germany,Male,35,95853.39,2,0,0
15632185,France,Female,42,82228.67,2,0,0
15806249,Spain,Female,31,0,2,1,0
15743293,Germany,Female,35,163700.78,3,1,1
15598157,France,Male,34,106328.08,1,0,0
15700946,France,Female,34,152992.91,1,1,0
15722692,France,Male,38,116439.65,1,0,0
15696506,Spain,Male,27,101352.78,1,0,0
15728823,Spain,Female,37,0,2,0,0
15808851,Germany,Female,75,105609.17,1,1,0
15675231,France,Female,45,0,2,1,0
15732299,France,Male,67,0,3,1,0
15706269,France,Female,47,103894.38,2,1,0
15590078,Spain,Male,27,139834.93,1,1,0
15776985,France,Female,36,112518.71,2,1,0
15756743,France,Female,37,115895.42,1,0,0
15782364,Spain,Female,39,146408.68,1,0,0
15604093,France,Male,34,165363.31,2,1,1
15749328,France,Female,45,0,2,0,1
15656322,Germany,Male,33,71843.15,1,0,0
15685564,Spain,Male,35,105492.53,1,1,0
15785831,France,Male,35,183027.25,1,1,0
15796218,Germany,Male,29,131968.57,2,1,0
15716218,France,Female,45,104118.5,1,1,0
15572735,Spain,Male,27,0,2,1,0
15633840,France,Male,20,125023.1,2,1,0
15608760,France,Female,30,74323.2,1,1,0
15627848,France,Male,38,109346.13,2,0,0
15792029,France,Male,32,0,2,0,0
15617331,Germany,Female,39,109698.41,1,1,1
15651740,Spain,Female,30,0,2,1,0
15636407,Germany,Female,34,127758.09,1,0,0
15607526,Germany,Male,50,102645.48,1,0,1
15632576,France,Male,31,93249.4,1,0,0
15581505,France,Male,35,0,2,0,0
15612207,Germany,Female,51,87779.83,1,1,1
15707242,Spain,Male,40,0,2,0,0
15721937,France,Male,38,138131.34,1,1,0
15773852,Germany,Male,38,70362.52,2,1,0
15719778,France,Female,32,0,2,0,0
15650538,Germany,Female,48,168286.58,1,0,1
15797475,France,Male,44,86102.27,1,0,1
15780359,Germany,Male,25,115142.9,1,1,0
15737104,Germany,Female,47,126597.89,2,1,1
15789936,France,Female,33,0,2,0,0
15709523,Germany,Female,30,157989.21,2,1,0
15593425,Spain,Female,54,187997.15,1,0,1
15776725,Germany,Male,54,172192.49,1,1,0
15604706,Germany,Male,38,133105.47,1,0,1
15790958,Spain,Male,38,0,2,1,0
15747534,France,Male,46,0,1,0,1
15574237,France,Female,21,0,2,1,0
15690332,Germany,Male,35,192407.97,1,1,0
15661290,Germany,Female,38,107199.75,1,0,0
15651883,Germany,Female,55,115796.7,1,0,1
15808905,France,Male,37,164858.18,1,1,0
15715532,Germany,Male,38,117633.28,1,1,0
15786078,France,Female,28,0,2,0,0
15652401,France,Female,36,0,2,0,0
15673074,Germany,Female,30,126663.51,1,1,0
15598744,Germany,Female,71,140273.47,1,1,1
15785975,Spain,Female,60,0,2,1,0
15613180,Germany,Male,21,153344.72,1,1,0
15584229,Germany,Female,23,123943.18,1,1,0
15773804,France,Male,39,0,1,0,0
15699515,Germany,Male,33,98630.31,2,1,0
15705313,France,Female,33,58036.33,1,1,0
15693817,Spain,Male,28,0,2,0,0
15673790,Germany,Male,45,109200.74,2,1,0
15674868,Spain,Female,30,0,2,1,0
15692110,France,Female,33,0,1,0,0
15645904,France,Female,33,0,2,1,0
15581332,Germany,Female,30,83173.98,2,1,0
15808544,France,Female,40,0,1,0,1
15734948,Spain,Male,24,0,2,0,0
15654531,France,Male,22,82559.42,2,0,1
15637774,France,Male,32,73494.21,1,0,0
15677141,Spain,Male,29,132450.24,1,1,0
15739578,France,Male,49,128663.9,1,0,1
15697360,France,Female,36,79951.9,1,1,1
15655213,Germany,Female,51,132508.3,1,1,1
15580872,Germany,Female,38,120530.13,2,0,0
15683213,France,Female,35,74988.59,2,1,0
15801188,France,Female,47,94722.88,1,1,0
15645029,Spain,Female,33,0,2,0,0
15633181,France,Male,31,71269.89,2,1,0
15598259,Germany,Female,41,98612.1,1,0,0
15576000,France,Male,40,138033.55,1,1,0
15766047,France,Female,41,91621.69,1,1,0
15596339,France,Male,54,140014.42,1,1,0
15715199,Spain,Male,27,126815.97,2,1,0
15615938,France,Female,64,139663.37,1,1,0
15679991,France,Female,28,0,2,1,0
15626135,France,Male,34,165312.27,1,0,0
15792934,France,Male,26,0,2,0,0
15744046,Spain,Male,33,0,2,1,0
15700826,Germany,Female,54,123699.28,2,1,0
15756301,Germany,Female,29,97325.15,1,1,0
15586517,France,Male,32,97041.16,1,1,0
15751297,France,Male,36,0,2,0,0
15710365,France,Male,50,104129.24,2,0,1
15679307,France,Female,43,0,1,1,0
15610753,France,Male,28,104367.5,1,1,0
15811036,France,Male,46,135369.71,1,1,0
15610912,Spain,Female,41,112119.48,1,0,0
15619932,France,Male,66,123760.68,1,1,0
15746199,France,Female,41,0,1,1,1
15584967,Spain,Male,57,0,2,1,0
15734365,France,Male,39,0,2,1,0
15726960,France,Female,36,0,2,1,0
15665177,France,Male,44,0,2,1,0
15779915,Spain,Male,31,0,1,0,0
15729110,Spain,Female,42,0,2,0,1
15575399,France,Female,42,152160.21,2,0,0
15678374,France,Female,59,0,2,1,0
15792679,France,Male,24,0,2,1,0
15668767,France,Male,36,0,2,0,0
15761886,France,Male,36,172381.8,1,1,0
15583076,Germany,Male,41,106116.56,2,0,0
15815615,France,Male,36,141952.07,1,1,0
15591942,Spain,Female,33,0,2,1,0
15724924,France,Female,37,138497.84,1,1,0
15762123,Spain,Female,34,0,2,0,0
15567893,Germany,Male,33,124213.36,2,0,0
15648989,France,Male,37,126872.6,1,0,0
15662021,Spain,Female,42,0,2,0,0
15691627,France,Female,37,0,1,1,0
15731751,France,Female,26,120923.52,1,1,0
15635277,Spain,Male,47,142643.54,1,0,0
15655252,Germany,Male,41,79857.64,1,1,0
15803941,France,Male,46,95502.21,1,0,0
15714380,France,Male,38,0,2,0,0
15666559,Germany,Male,23,197715.93,2,1,0
15799998,France,Female,30,85859.76,1,0,0
15703763,France,Male,44,85304.27,1,1,0
15795640,Germany,Female,35,132371.3,2,0,0
15780056,Spain,Male,33,0,1,0,0
15777873,France,Female,31,0,1,0,1
15584749,Germany,Male,39,79896,1,0,0
15765258,France,Female,29,0,2,1,0
15623346,France,Male,36,0,2,0,0
15614054,France,Male,36,0,2,1,0
15766185,Germany,Male,31,146587.3,1,1,0
15667632,France,Female,42,0,2,1,0
15599024,Spain,Male,32,0,2,1,0
15798709,Spain,Male,32,109109.33,1,1,0
15741921,Spain,Female,26,0,2,1,0
15793671,France,Male,34,0,1,0,0
15797900,France,Male,56,142147.32,1,0,1
15667932,Spain,Female,43,0,2,1,0
15795933,France,Female,49,0,2,1,0
15660403,Spain,Female,35,0,2,1,0
15736299,France,Female,36,109106.8,1,0,0
15759034,France,Male,36,112262.84,1,0,0
15724663,Spain,Female,36,0,2,0,0
15594556,Spain,Male,52,0,2,1,0
15737169,Spain,Male,26,144238.7,1,1,0
15632472,Spain,Female,32,159397.75,1,1,0
15722813,Spain,Male,30,125385.01,1,0,0
15588450,France,Female,60,69365.25,1,1,0
15736717,France,Male,31,155271.83,1,1,0
15680683,Spain,Male,29,197200.04,2,0,0
15710316,Spain,Female,48,144837.79,1,1,0
15746333,France,Female,57,0,3,0,1
15606861,France,Male,34,0,2,0,0
15641285,Spain,Male,50,163085.79,1,1,0
15662908,Germany,Male,38,125903.22,2,1,0
15814267,France,Male,22,154377.3,1,1,0
15614923,Spain,Male,41,107511.52,1,1,0
15579223,Germany,Male,30,127406.5,1,0,0
15651389,Spain,Male,24,143656.55,1,1,0
15677087,France,Female,39,138106.75,1,0,0
15665784,France,Male,27,128940.24,1,0,0
15576706,Germany,Male,37,114453.58,1,1,0
15615473,France,Female,33,0,2,0,0
15587299,France,Female,48,0,1,0,0
15655389,France,Male,41,131762.94,1,1,0
15784491,France,Female,31,0,1,0,0
15809999,France,Female,41,150300.65,2,0,0
15681115,Spain,Male,39,108935.39,1,1,0
15629390,France,Male,37,135847.47,1,0,0
15792668,Germany,Male,37,109908.06,2,0,1
15583863,Germany,Male,49,142946.18,1,0,1
15681878,Germany,Male,45,104339.11,2,1,1
15782875,France,Male,33,157274.36,2,1,0
15732235,France,Male,64,98848.19,1,1,0
15735909,Germany,Female,39,105103.33,1,0,1
15653448,France,Male,34,0,2,1,0
15587647,Germany,Female,66,127120.62,1,1,1
15701037,France,Male,39,0,2,0,0
15727499,Germany,Female,36,129118.5,2,0,0
15724838,France,Female,43,0,1,0,0
15666711,France,Female,46,0,3,1,1
15588933,France,Female,36,146053.66,1,1,0
15763111,Spain,Female,67,124577.15,1,1,0
15805676,Spain,Male,29,151012.55,2,0,0
15586674,Spain,Female,58,216109.88,1,1,1
15744553,France,Male,34,144318.97,1,0,0
15776629,France,Female,39,0,2,0,0
15647207,France,Male,26,0,2,0,0
15715638,Germany,Male,77,27517.15,2,1,0
15750602,France,Male,29,147092.65,1,0,0
15766810,Germany,Female,51,92246.14,2,1,0
15756625,France,Female,41,0,2,0,1
15639552,Germany,Female,40,148897.02,1,0,0
15633213,Spain,Male,50,0,1,0,1
15610416,France,Female,36,0,1,0,1
15715208,Germany,Female,33,138335.96,1,1,0
15619608,Germany,Female,50,92895.56,1,0,1
15628697,Spain,Male,46,160736.63,1,1,0
15643826,France,Male,32,0,2,1,0
15718588,France,Female,37,0,2,0,0
15709741,France,Male,28,107141.27,1,0,0
15723318,France,Female,55,0,3,0,1
15717328,France,Female,37,132446.08,2,0,1
15771299,France,Female,57,92053,1,1,1
15706223,Spain,Male,38,96798.79,2,1,0
15612358,Germany,Male,35,134498.54,2,1,0
15769191,France,Male,55,132387.91,2,1,0
15618816,Germany,Female,40,147171.2,1,1,0
15730810,Spain,Male,44,100524.69,1,1,0
15783463,France,Female,26,0,2,0,0
15616213,Germany,Female,51,138214.5,1,0,1
15611287,France,Female,30,0,2,1,0
15786454,Spain,Male,55,0,1,1,0
15768682,Spain,Male,39,0,1,1,0
15766172,France,Male,34,128743.55,1,0,0
15637646,France,Male,31,122647.32,1,0,0
15653404,Spain,Female,24,79263.9,1,1,0
15690546,France,Female,42,0,4,0,1
15735636,France,Female,53,121389.78,1,1,1
15605424,Spain,Male,38,123906.55,1,0,0
15568449,Spain,Male,38,143006.7,1,1,0
15688085,Spain,Female,28,157597.61,1,1,0
15683483,Spain,Male,38,127117.8,2,1,0
15659567,France,Female,39,117103.26,2,1,1
15766667,Spain,Male,36,102989.83,2,1,0
15624975,Spain,Male,28,145118.83,1,1,0
15660878,France,Male,92,126076.24,2,1,0
15586557,France,Male,41,0,1,1,0
15746183,France,Female,27,0,2,1,0
15631457,France,Male,37,98186.7,1,1,0
15754053,France,Female,67,0,3,1,0
15645839,France,Male,37,0,1,1,0
15689955,France,Female,40,0,2,0,0
15593510,Germany,Female,33,129335.65,1,1,1
15654964,Spain,Male,48,75801.74,1,0,0
15594039,Spain,Male,42,0,2,0,0
15625929,France,Female,44,159316.64,1,0,0
15815295,France,Female,38,96479.81,1,0,0
15621818,Germany,Male,29,117726.33,1,1,0
15652700,France,Male,39,0,2,1,0
15636860,France,Male,43,122351.29,1,0,0
15569432,France,Female,48,0,2,1,1
15751455,France,Female,48,0,1,0,1
15800583,Spain,Female,43,0,1,0,0
15770214,France,Female,27,0,2,0,0
15613463,Germany,Female,50,132598.38,2,1,0
15587066,France,Male,38,119272.29,1,0,1
15693752,France,Male,37,0,2,1,0
15714874,France,Female,42,0,2,1,0
15657809,France,Male,55,106415.57,3,1,1
15651955,France,Male,31,0,2,1,0
15570912,Germany,Female,32,127772.1,2,1,0
15640266,Spain,Male,41,104631.67,1,1,0
15652069,France,Male,30,0,2,0,0
15596074,France,Male,37,0,1,1,0
15800268,Germany,Male,37,118050.79,1,1,0
15809847,France,Male,46,0,2,0,0
15599074,Spain,Female,40,136093.74,1,1,0
15599591,Germany,Female,39,88477.36,2,0,0
15776096,Spain,Male,34,161572.24,1,1,0
15611669,Germany,Male,50,126608.37,1,1,1
15694098,France,Female,54,68332.96,1,1,0
15713347,Spain,Male,48,179852.26,1,0,0
15713094,France,Female,25,0,2,1,0
15811978,Germany,Male,46,104763.41,1,1,0
15799925,France,Male,60,88541.57,2,1,0
15692575,France,Male,38,162888.73,1,0,1
15743149,France,Female,35,0,1,1,0
15776947,Spain,Male,43,0,1,0,1
15700656,France,Male,32,0,2,0,0
15594515,France,Female,44,0,2,0,1
15787884,France,Female,30,0,2,1,0
15577988,France,Female,35,0,2,1,0
15795586,France,Male,35,92474.05,1,0,0
15677739,France,Male,36,0,2,0,0
15720134,Germany,Male,30,115479.48,2,1,0
15688868,France,Female,26,87098.91,1,0,0
15642996,Germany,Female,42,86351.85,2,0,0
15771222,France,Female,42,0,2,0,0
15605059,Germany,Male,63,148843.56,1,0,1
15568088,Germany,Male,44,163714.52,1,0,0
15665943,France,Male,25,0,2,0,0
15795571,Spain,Male,36,94153.56,1,1,0
15662243,France,Male,50,162702.35,1,0,1
15593128,France,Female,56,129255.2,2,0,1
15589739,France,Male,41,90605.29,1,1,0
15787602,Spain,Male,39,0,2,1,0
15685019,France,Male,29,102787.42,1,0,0
15704209,France,Female,39,120145.96,2,1,1
15605264,Germany,Male,47,63723.78,2,1,0
15708265,Spain,Female,24,159203.71,1,1,1
15740264,France,Male,38,0,2,0,0
15615477,Spain,Female,44,0,2,0,0
15727361,France,Female,51,0,2,1,0
15760216,France,Female,49,0,1,0,1
15806134,Germany,Male,34,162691.16,2,0,0
15601351,France,Male,43,127806.91,1,1,0
15669262,France,Male,43,157960.49,2,0,0
15696989,Germany,Female,52,139493.25,3,0,1
15688498,Germany,Female,21,87096.82,2,0,0
15686964,France,Female,34,84944.58,1,0,0
15625035,France,Male,50,160139.59,2,1,0
15618391,France,Male,33,0,2,1,0
15591344,Spain,Male,42,0,2,1,0
15605455,France,Male,40,0,2,0,0
15680804,France,Male,29,0,2,1,0
15768282,Germany,Male,36,94615.11,2,1,0
15685826,France,Male,30,90727.79,1,0,0
15793491,Germany,Male,26,119545.48,2,0,0
15797787,France,Male,36,118311.76,1,0,0
15611171,France,Male,33,129574.98,1,1,0
15601627,France,Male,33,148163.57,1,0,0
15734085,Germany,Male,24,117154.9,1,1,0
15809309,Spain,Female,40,154251.67,1,1,0
15809462,France,Male,30,0,2,1,0
15634628,France,Female,33,65667.79,2,0,0
15775678,France,Female,44,0,1,1,0
15579526,France,Male,42,50194.59,1,1,0
15779103,Germany,Female,39,96748.89,2,0,0
15738715,France,Female,37,0,3,0,1
15593943,France,Female,43,132667.17,1,1,0
15754574,Spain,Male,36,0,2,1,0
15737814,France,Male,41,127087.06,1,0,1
15670889,France,Male,34,125566.9,1,1,0
15629299,Germany,Female,52,106074.89,1,1,1
15771569,Germany,Male,46,137367.94,1,1,0
15811927,France,Female,38,157658.36,1,0,0
15785654,Germany,Male,45,114422.85,2,1,1
15665524,Spain,Male,41,103154.66,1,0,0
15736287,France,Male,33,0,1,0,0
15765732,Spain,Female,24,149592.14,1,1,0
15797381,Germany,Female,48,133903.12,2,1,1
15598536,Germany,Female,26,84587.9,1,1,0
15664506,Spain,Male,32,197436.82,1,1,0
15575619,Spain,Female,32,104254.27,1,1,0
15587394,France,Male,39,140133.08,2,0,0
15654457,Spain,Female,30,0,3,1,1
15762793,Germany,Female,36,136980.23,2,1,0
15658067,Germany,Female,48,120568.41,1,0,1
15642816,France,Female,27,43658.33,2,1,0
15693088,France,Female,37,0,2,1,0
15793883,France,Male,28,0,2,0,0
15665283,France,Female,57,72092.95,4,1,1
15680421,France,Female,42,0,2,0,0
15695148,Spain,Female,37,0,2,1,0
15636592,France,Male,35,181821.96,2,1,1
15772618,France,Male,25,90920.75,1,1,0
15724453,France,Male,23,0,1,0,0
15565878,Spain,Male,29,0,2,1,0
15609160,France,Male,32,0,2,0,0
15678460,France,Male,30,0,1,0,0
15662571,France,Male,35,0,2,0,0
15606849,France,Female,27,94920.71,1,1,0
15670738,Germany,Male,45,113939.36,2,0,0
15662641,France,Male,19,0,1,1,0
15727539,France,Female,31,0,2,0,0
15651020,France,Female,25,110666.42,2,0,0
15673877,France,Male,39,0,3,0,1
15760865,Germany,Female,48,141819.02,1,0,1
15705009,France,Female,56,156974.26,1,0,1
15657540,France,Male,50,151215.34,2,0,0
15707441,Spain,Male,26,116318.23,1,1,0
15694765,Germany,Male,49,113882.33,1,0,1
15649086,France,Male,42,0,2,1,0
15650488,France,Female,48,127253.98,1,1,1
15760924,Spain,Male,41,100062.39,1,0,0
15700263,France,Male,66,0,1,0,1
15806922,Spain,Female,41,126605.14,1,1,0
15637522,France,Female,31,106942.08,1,1,0
15636548,Spain,Male,44,0,2,0,0
15566891,Germany,Female,41,88594.93,1,0,0
15627185,Germany,Male,29,123737.04,2,0,0
15754012,France,Female,35,110752.15,2,1,0
15627514,Spain,Female,46,0,2,1,0
15661433,France,Male,34,0,1,0,0
15610653,Spain,Female,38,0,2,1,0
15667002,Spain,Male,43,0,2,0,0
15709199,Spain,Female,40,0,1,1,0
15710087,Germany,Female,54,125889.3,3,0,1
15679884,France,Male,48,78314.63,3,1,1
15784180,France,Female,36,206329.65,1,1,1
15808849,France,Male,40,145536.9,1,1,0
15751549,Germany,Male,31,77082.65,2,0,0
15588235,France,Female,24,145081.73,1,1,0
15640418,Germany,Female,41,115897.73,1,0,0
15721116,Spain,Male,24,108058.07,2,1,0
15599084,France,Male,33,191523.09,1,1,0
15773394,France,Male,38,0,2,1,0
15625713,Spain,Female,39,91187.9,1,1,0
15766417,France,Female,60,0,2,1,0
15622578,France,Male,34,113958.55,1,1,0
15799924,Spain,Male,43,147167.25,1,0,0
15618363,Germany,Male,29,82916.48,1,1,0
15637138,France,Male,34,0,2,0,0
15781665,France,Female,37,0,1,0,0
15804853,France,Female,48,57098.96,1,0,1
15651627,Germany,Male,39,115341.19,1,1,1
15680685,France,Male,30,165257.2,1,0,0
15808930,France,Female,37,0,1,0,0
15570970,France,Female,42,0,2,1,0
15679961,Spain,Male,46,68799.72,1,1,0
15705458,Spain,Male,39,116120.19,2,1,0
15750396,France,Male,33,0,2,1,0
15679928,France,Female,31,84102.11,2,1,0
15711181,France,Female,50,0,2,1,0
15698324,France,Female,33,0,1,1,0
15807433,France,Female,43,0,2,1,0
15636590,France,Male,46,0,2,1,0
15628950,Germany,Male,25,104013.79,1,0,0
15617206,Germany,Male,42,120822.86,2,0,0
15603741,Spain,Male,40,128389.12,1,1,0
15742607,Germany,Male,36,102800.72,1,1,0
15747821,Germany,Female,31,135470.9,1,0,0
15612043,France,Male,36,90145.04,1,1,0
15809558,Spain,Male,31,0,1,1,0
15803750,Spain,Female,33,161801.47,1,1,1
15704681,Germany,Male,37,99660.13,2,1,0
15667392,Spain,Female,38,123081.84,2,1,0
15738889,France,Male,42,102870.93,1,1,1
15598838,France,Female,37,151105.68,1,1,0
15579109,Germany,Male,35,163856.76,1,1,0
15799042,France,Male,38,0,1,1,0
15697042,Spain,Male,35,127290.61,1,0,0
15696605,France,Male,49,180614.04,1,0,0
15802274,France,Female,44,55053.62,1,0,0
15596808,Spain,Male,33,96110.22,1,0,0
15705403,Spain,Female,46,106521.49,1,1,0
15732903,France,Male,39,82255.51,2,0,0
15581968,France,Female,33,0,2,1,0
15683892,Germany,Female,26,102395.79,1,0,0
15595447,Spain,Male,39,118201.41,1,0,0
15569249,France,Female,55,44582.07,3,1,1
15656188,Spain,Female,30,0,2,1,0
15689661,France,Male,22,0,2,1,0
15644934,France,Male,26,105522.06,1,0,0
15721793,Germany,Female,50,123936.54,1,1,0
15687413,Spain,Female,38,0,2,1,0
15761286,Germany,Female,66,119499.42,2,1,0
15658240,France,Female,44,135814.7,2,0,0
15706232,France,Male,52,0,1,1,1
15583394,Germany,Male,39,106259.63,2,1,0
15715643,France,Male,44,0,2,1,0
15644856,Spain,Male,38,115463.16,1,0,0
15785488,Spain,Female,39,0,2,1,0
15711571,Spain,Male,42,120233.83,1,0,0
15778604,France,Female,47,0,2,0,0
15751180,France,Female,40,81132.21,1,0,0
15748360,Germany,Female,34,122196.99,2,1,0
15770039,Germany,Male,39,112290.22,1,0,1
15685096,France,Female,50,0,2,1,0
15669501,France,Male,35,0,2,1,0
15622631,France,Male,44,154409.74,1,0,1
15586699,France,Male,32,0,2,0,0
15702377,Spain,Male,48,132759.8,1,0,0
15577170,France,Male,60,76705.87,2,1,0
15769451,France,Female,44,0,2,1,0
15811877,France,Female,36,0,2,0,0
15648725,France,Male,41,0,2,1,0
15752801,Germany,Male,29,125961.74,2,0,1
15808175,France,Female,39,49572.73,1,0,1
15681342,France,Female,35,103015.12,2,1,0
15589210,France,Female,24,0,1,0,0
15696826,France,Female,32,104001.38,1,1,0
15614962,Spain,Female,50,87116.71,1,1,0
15689061,France,Male,68,82547.11,2,1,0
15640074,Spain,Female,47,0,1,0,1
15776156,France,Male,27,121325.84,1,1,1
15739548,France,Male,28,111167.7,1,0,0
15662854,Germany,Male,48,139714.4,2,0,0
15687688,Germany,Female,32,139875.2,2,0,0
15715750,Germany,Female,44,113063.83,1,0,1
15571121,France,Female,50,138340.06,1,1,0
15726466,France,Male,43,114974.24,1,0,0
15660390,France,Female,33,0,2,1,0
15663942,France,Female,38,0,2,0,0
15638610,Germany,Female,65,117325.54,1,0,1
15644446,France,Female,28,0,1,1,0
15585892,France,Female,35,0,1,0,0
15609356,France,Female,25,0,2,0,0
15803378,Spain,Male,44,0,2,1,0
15599440,France,Female,34,0,2,0,0
15692408,Spain,Female,35,0,2,1,0
15683168,France,Female,30,0,1,1,0
15790254,Spain,Male,50,78737.61,1,1,0
15767729,Spain,Male,25,182876.88,2,1,1
15768600,Germany,Male,50,130023.38,1,0,1
15699839,France,Male,36,152606.82,1,1,0
15786237,France,Male,28,0,2,0,0
15694530,France,Male,28,167268.98,1,1,0
15796813,France,Male,54,167831.88,2,0,1
15605791,Germany,Male,29,144287.6,2,0,0
15714087,Germany,Female,45,151855.33,1,0,0
15711446,Spain,Female,51,0,3,0,1
15588123,France,Female,27,0,2,1,0
15748552,Germany,Male,37,155994.15,1,0,0
15618410,Germany,Male,26,147527.03,1,0,0
15672432,France,Female,53,0,1,0,1
15610042,France,Male,33,100267.03,1,0,0
15580914,Spain,Male,48,83287.05,2,1,1
15583680,Spain,Male,41,0,1,1,0
15813718,Spain,Male,45,0,2,0,0
15767264,Germany,Male,53,117438.17,1,0,1
15686461,France,Female,56,121235.05,2,1,0
15678882,Germany,Male,37,129965.18,1,0,0
15789611,Germany,Male,46,150836.92,1,0,1
15668679,France,Male,31,0,2,1,0
15631685,Germany,Male,60,163894.35,1,1,0
15655658,France,Female,48,0,2,1,0
15753591,France,Male,38,0,2,0,0
15617348,France,Male,44,0,2,0,0
15704581,Germany,Male,34,87967.42,2,1,0
15738487,France,Male,26,0,2,0,0
15648069,France,Female,36,0,2,1,0
15737627,Germany,Female,20,121093.29,2,0,0
15731586,Spain,Female,31,121691.54,2,0,0
15757467,Spain,Male,57,0,2,1,0
15597709,France,Female,39,154121.32,2,0,1
15720529,France,Male,29,0,2,1,0
15596797,Spain,Male,43,0,2,1,0
15681755,France,Female,32,0,2,1,0
15815271,Germany,Male,43,165048.5,3,0,1
15682860,Spain,Male,38,0,2,0,0
15621546,France,Female,33,127638.35,1,1,0
15705918,France,Male,31,0,2,1,0
15684512,Germany,Female,72,135290.42,2,1,0
15671769,France,Female,71,170252.05,3,1,1
15642934,Germany,Female,35,108269.2,2,0,0
15594305,France,Female,32,0,2,0,0
15789201,Germany,Female,35,145623.36,1,0,0
15706762,France,Female,41,145809.53,2,1,0
15766183,Germany,Male,76,130334.84,2,1,0
15777994,France,Female,39,0,2,1,0
15568162,Spain,Male,53,0,1,1,0
15680643,Spain,Female,42,0,2,1,0
15761854,France,Female,24,0,1,1,0
15730793,Germany,Female,54,111009.32,1,1,1
15692137,France,Female,46,0,1,1,0
15608595,France,Female,39,157371.54,1,1,0
15709459,Spain,Female,63,0,1,1,0
15775750,France,Male,37,134560.62,1,0,0
15585855,France,Male,40,0,1,1,0
15752139,Germany,Male,36,72373.62,2,0,0
15768295,France,Female,34,109564.1,1,1,0
15766906,France,Female,25,132116.13,2,0,0
15725776,Germany,Male,24,101195.23,1,0,0
15682576,France,Male,67,149436.73,2,1,0
15704081,Germany,Male,30,130682.11,2,1,0
15719940,Germany,Female,51,115280.49,2,0,1
15672894,France,Female,36,129944.39,2,0,0
15667451,France,Male,36,0,2,1,0
15636767,Spain,Female,32,0,1,1,0
15571415,Germany,Male,56,151802.29,1,0,1
15575605,France,Male,38,0,2,1,0
15649160,France,Female,38,138731.95,1,1,0
15615832,Spain,Female,35,155621.08,1,1,0
15600975,France,Female,54,150005.38,1,0,1
15690772,Spain,Female,48,0,2,1,0
15565714,France,Male,47,64430.06,2,1,0
15763108,Germany,Male,53,106261.63,1,0,1
15723884,Spain,Male,40,0,2,0,0
15644453,Germany,Female,41,132670.53,1,0,1
15655464,France,Female,67,0,1,1,0
15783883,Germany,Female,38,117314.92,1,0,1
15787693,Spain,Male,38,145874.35,1,0,1
15664793,Spain,Female,50,146777.44,2,1,0
15642391,Germany,Male,51,109978.83,1,0,1
15756538,France,Female,37,0,1,1,0
15668830,Spain,Male,24,108881.73,1,0,0
15796569,Spain,Female,44,0,1,1,0
15677112,France,Male,39,112957.26,2,0,0
15815040,Germany,Female,42,103362.14,1,1,1
15590434,Spain,Male,41,89015.61,1,1,0
15597536,Spain,Male,45,133618.01,1,0,0
15723989,France,Male,40,93680.43,2,1,0
15767358,Germany,Female,45,97486.15,2,0,0
15594812,Spain,Female,37,137794.18,2,1,0
15688210,France,Female,39,101928.51,1,0,0
15681509,Spain,Female,28,0,2,1,0
15572390,Spain,Female,39,0,2,0,0
15801441,Germany,Female,35,79585.96,1,1,0
15783859,France,Female,24,161884.99,1,1,0
15575243,France,Female,39,129068.54,2,1,0
15773421,France,Female,42,0,2,0,0
15788776,Germany,Male,49,132623.76,3,0,1
15765257,Spain,Male,31,121461.87,1,1,1
15661412,France,Male,32,175307.32,1,0,0
15636478,France,Male,31,136658.61,1,1,0
15603683,Spain,Female,23,146584.19,2,0,0
15651868,France,Male,34,0,1,0,0
15815443,Spain,Female,46,131414.76,1,0,0
15682686,France,Female,38,0,2,1,0
15697460,Germany,Male,34,99441.21,2,1,0
15748432,France,Female,32,0,2,1,0
15698271,France,Female,26,0,2,0,0
15808662,France,Male,44,0,2,0,0
15690372,Spain,Male,38,181110.13,2,0,0
15781875,Spain,Male,33,100476.46,2,1,0
15801473,Germany,Male,33,51949.95,2,0,0
15704509,France,Male,35,121063.49,1,0,0
15694666,Spain,Male,48,88441.64,1,1,1
15731166,France,Female,30,127023.39,1,1,0
15728523,France,Male,41,144147.68,1,1,0
15788442,Spain,Female,57,173306.13,1,1,0
15689781,France,Female,49,0,1,0,1
15764226,Germany,Female,28,106425.75,1,1,0
15809837,Germany,Female,66,135392.31,2,1,1
15805212,France,Female,67,0,2,1,0
15716082,Spain,Male,39,152685.4,1,0,0
15643056,Germany,Female,38,82083.52,1,1,0
15654859,Spain,Female,63,131629.17,2,0,1
15761158,France,Female,54,0,2,1,0
15577515,Germany,Female,55,108477.27,1,1,1
15723827,France,Male,30,114779.35,1,0,0
15646594,France,Male,41,57568.94,1,1,0
15712877,Spain,Male,36,0,2,0,0
15598802,Spain,Male,30,0,2,1,0
15699340,France,Male,37,0,2,0,0
15691150,France,Female,32,110559.46,1,1,0
15608688,France,Male,34,0,2,0,0
15737998,France,Male,46,0,1,0,1
15735837,Spain,Male,36,0,2,1,0
15659100,France,Male,33,128152.82,1,0,0
15609070,Germany,Male,45,120961.5,3,1,1
15650313,Germany,Male,65,129472.33,1,1,0
15627699,France,Male,32,105000.23,1,0,0
15591010,Germany,Male,55,109339.17,2,0,1
15798895,France,Female,59,55328.4,1,0,1
15745375,Germany,Male,23,72012.76,1,0,0
15775235,France,Female,36,110480.48,1,0,0
15780088,Spain,Male,34,132439.99,1,0,0
15649379,France,Female,46,0,2,1,0
15713983,Germany,Male,34,94108.54,2,0,0
15709252,Germany,Female,28,105173.99,1,1,1
15699238,Spain,Female,40,0,2,0,0
15732884,France,Male,29,131959.86,1,0,0
15587297,France,Male,33,0,2,1,0
15684722,France,Male,34,122952.9,2,0,0
15621244,France,Male,36,107379.68,1,1,0
15744273,Germany,Male,30,122641.56,2,0,0
15682540,France,Female,33,0,2,1,0
15636521,Spain,Female,30,124037.28,1,1,0
15785339,France,Female,50,117565.03,2,0,0
15638983,France,Female,38,133189.4,1,0,0
15654625,Germany,Male,39,120252.02,2,1,0
15697310,Germany,Female,28,152264.81,1,0,0
15678210,France,Male,38,105069.98,2,1,0
15575438,France,Male,42,115076.06,1,1,0
15632789,France,Male,30,0,2,1,0
15621423,France,Female,42,117280.23,3,0,1
15573520,Germany,Male,49,110540.43,2,1,0
15740458,Spain,Male,36,135095.47,1,0,0
15762799,Germany,Male,23,187861.18,2,1,0
15686885,Germany,Male,44,124655.59,2,1,0
15565996,France,Male,44,0,2,1,0
15662152,France,Female,38,134105.01,1,0,0
15711742,France,Female,34,0,1,1,0
15701885,France,Female,40,0,2,1,0
15774262,Germany,Male,52,83693.34,2,1,0
15567839,France,Male,42,114631.23,1,1,0
15644400,France,Male,44,128601.98,1,0,0
15797246,Germany,Female,34,91258.52,2,0,0
15778290,France,Male,70,70416.75,1,1,0
15708714,France,Female,33,0,2,0,0
15586183,France,Female,35,0,2,0,0
15761733,France,Female,42,0,2,1,0
15773934,France,Male,33,88294.6,1,0,0
15705343,Spain,Female,32,0,1,0,0
15593959,France,Male,28,93577.3,1,1,0
15664615,Germany,Female,30,136650.89,1,1,1
15671014,Spain,Female,72,98765.84,1,1,0
15657778,France,Male,33,84309.57,2,0,0
15585192,Spain,Male,39,136258.06,1,0,0
15592914,France,Female,29,0,2,1,0
15770995,Germany,Female,47,131160.85,1,0,0
15570990,Spain,Female,30,145222.99,2,0,0
15596165,Germany,Male,25,98141.57,2,1,0
15788131,France,Male,47,0,1,0,1
15800773,Spain,Female,28,102282.61,1,1,0
15690153,France,Female,37,116121.84,2,1,0
15638989,France,Female,25,190066.54,1,0,1
15623210,Germany,Female,55,149349.58,3,0,1
15652658,France,Male,36,155176.83,2,1,0
15684440,Germany,Male,32,98986.28,1,1,0
15730287,France,Male,41,147726.98,3,0,1
15720353,France,Male,41,0,2,0,0
15767231,France,Male,36,144852.06,1,0,0
15761554,France,Male,54,89299.81,1,0,1
15706637,Spain,Male,40,0,2,0,0
15690492,France,Male,41,97663.16,2,0,0
15694237,Spain,Male,39,95161.75,1,0,0
15729771,Germany,Male,31,154586.92,1,1,1
15609823,Spain,Female,34,127095.14,2,0,0
15793366,Germany,Male,35,92526.15,2,1,0
15614813,Germany,Female,46,107362.8,1,0,0
15566495,Spain,Female,24,0,1,0,1
15707602,France,Female,47,127286.04,2,1,1
15635244,France,Female,29,0,2,1,0
15805627,France,Male,37,0,2,1,0
15607986,France,Male,40,139930.18,1,1,0
15799785,Germany,Female,30,77949.69,1,1,0
15699963,France,Male,38,121405.04,1,1,0
15624595,Spain,Female,35,124580.69,1,1,0
15629750,France,Male,35,133087.76,1,0,0
15651460,Spain,Male,34,0,1,1,0
15753550,France,Female,43,0,2,0,0
15594133,Spain,Male,62,0,1,0,1
15772329,Germany,Male,45,103741.14,1,0,1
15591552,France,Female,32,98877.95,1,0,0
15750921,France,Male,37,105843.26,2,1,0
15701687,Spain,Male,44,77526.66,3,0,1
15728906,France,Male,77,0,2,1,0
15670029,France,Female,33,0,2,0,0
15763579,Germany,Female,36,105264.88,2,1,0
15728010,France,Male,37,0,2,1,0
15663194,Germany,Female,40,110150.43,1,1,1
15736510,Spain,Female,57,0,3,0,1
15745804,France,Male,25,0,2,1,0
15631451,Spain,Female,28,0,2,1,0
15746995,Germany,Male,31,138166.3,1,0,0
15730673,Germany,Male,40,122265.24,1,0,0
15734649,Spain,Female,55,133295.98,1,0,1
15701081,France,Male,36,0,1,1,0
15632503,France,Female,32,148326.09,1,0,1
15585928,Germany,Female,31,68927.57,1,1,0
15648681,France,Female,47,139914.6,4,1,1
15747757,Germany,Female,58,118723.11,1,0,1
15718921,Spain,Male,32,106957.28,1,1,0
15571081,France,Female,41,190238.93,1,1,0
15734578,France,Female,53,113537.73,1,1,0
15579583,Spain,Female,40,101090.27,1,1,0
15622729,France,Female,46,0,2,1,0
15662189,Spain,Male,33,0,1,1,0
15692718,France,Female,38,0,2,0,0
15762716,Spain,Female,60,168920.75,1,0,1
15724851,Germany,Male,31,111589.67,1,0,0
15587266,Germany,Female,27,172310.33,1,1,0
15675926,Germany,Male,34,118028.35,1,0,1
15706268,Germany,Male,51,147910.3,1,1,0
15581871,Germany,Male,42,131287.36,2,1,0
15666166,France,Female,74,121276.32,1,1,0
15671582,Spain,Male,38,109869.32,1,1,0
15680901,France,Female,34,97435.85,2,1,0
15642336,France,Female,42,0,2,0,0
15653147,France,Male,35,133853.27,1,1,0
15571284,Germany,Male,32,109528.16,2,1,0
15591360,France,Female,33,84607.34,2,1,0
15810485,Germany,Male,37,101438,1,0,0
15611973,France,Male,55,0,2,1,0
15735572,France,Male,59,113657.83,1,1,1
15567860,Spain,Female,44,189318.16,2,0,1
15795690,France,Male,31,99513.91,1,1,0
15706464,Spain,Male,35,97585.32,2,0,0
15725028,France,Male,29,0,2,1,0
15751167,France,Female,43,0,2,1,0
15633944,Spain,Male,32,136659.74,1,1,0
15672637,France,Female,30,85755.86,1,0,0
15680895,Spain,Female,35,0,1,0,0
15793825,France,Male,39,0,2,0,0
15611318,Spain,Male,33,51690.89,1,0,1
15768474,Spain,Male,34,0,2,0,0
15716276,France,Female,34,111669.68,1,0,0
15623668,Germany,Male,31,154741.45,2,0,0
15696361,Germany,Male,31,125681.51,1,1,0
15607988,Germany,Female,37,155303.71,1,0,0
15637891,Germany,Female,43,140681.68,1,1,0
15789865,France,Male,28,71902.52,1,1,0
15627190,France,Male,51,146606.6,1,1,0
15788224,Germany,Male,45,123949.75,1,0,0
15702149,Germany,Female,33,144753.21,1,1,0
15708236,France,Female,72,91285.22,1,1,0
15568469,France,Male,43,0,2,0,0
15764444,Germany,Male,58,125850.53,2,1,0
15794204,France,Male,28,108116.66,1,1,0
15807546,France,Female,38,0,2,1,0
15782159,France,Male,28,67639.56,2,1,0
15618703,Spain,Female,53,150200.23,1,1,1
15793317,Spain,Female,22,141287.15,1,0,0
15740487,France,Female,41,0,3,1,1
15722479,France,Male,37,0,2,1,0
15688264,France,Female,43,0,2,1,0
15583067,France,Female,36,97157.96,1,1,0
15686670,France,Female,36,0,2,0,1
15593345,Germany,Female,33,125241.17,2,1,0
15811690,Germany,Male,54,128966.13,1,0,1
15734008,Germany,Male,59,152581.06,1,0,1
15771856,Spain,Female,32,0,2,0,0
15762045,Germany,Female,37,142688.57,2,1,0
15778142,Germany,Female,31,130089.56,2,1,0
15689268,France,Male,36,0,1,1,0
15721507,France,Female,32,117094.02,1,0,1
15750476,Spain,Male,24,0,2,0,0
15810723,France,Female,39,0,3,0,1
15787229,Spain,Female,34,0,2,0,0
15570508,France,Male,49,90218.9,1,0,0
15617065,Spain,Male,42,194532.66,1,0,1
15689786,Germany,Male,56,169743.83,1,0,1
15648876,France,Female,34,0,1,0,0
15802106,France,Male,34,155973.88,1,0,0
15773869,Spain,Male,59,129321.44,1,1,0
15711635,Germany,Female,42,138650.49,2,0,0
15795527,Spain,Male,43,136487.86,2,0,0
15759133,France,Male,18,0,2,1,0
15679394,France,Female,41,38617.2,1,1,0
15801072,France,Female,28,0,2,0,0
15646082,France,Female,34,82909.14,1,0,1
15796111,Germany,Female,54,145151.4,1,1,1
15670646,Spain,Female,42,147187.84,1,1,1
15578722,France,Male,39,0,2,0,0
15815095,Spain,Male,54,108185.81,2,0,1
15730360,France,Male,30,0,2,1,0
15763194,France,Male,34,0,2,1,0
15720725,France,Male,28,0,2,0,0
15567834,France,Male,49,105918.1,1,1,0
15720644,France,Male,27,0,2,0,0
15811742,Spain,Male,42,0,2,0,0
15813363,Spain,Male,25,0,2,0,0
15717629,Germany,Male,42,59972.26,2,1,0
15713160,Spain,Male,25,157228.61,2,0,0
15568878,Spain,Male,34,0,2,0,0
15809800,France,Female,38,0,2,0,0
15736420,France,Male,21,210433.08,2,1,1
15757933,Germany,Female,30,102452.71,1,0,0
15623072,Spain,Female,35,0,2,0,0
15683993,France,Female,37,142987.46,2,0,0
15570947,Spain,Female,29,143330.56,2,1,0
15797767,France,Female,49,0,1,1,1
15731989,France,Male,36,120165.4,2,0,0
15591035,Spain,Male,54,0,1,1,0
15586479,France,Female,36,0,1,0,1
15605872,France,Male,73,66573.17,1,1,0
15666012,France,Male,40,102833.46,2,1,0
15641733,France,Female,34,164757.56,1,0,0
15593178,Spain,Female,36,153610.61,1,1,1
15649183,Spain,Female,35,0,3,1,0
15736399,Spain,Male,42,0,2,0,0
15751137,Germany,Female,36,169025.83,1,0,0
15757188,Spain,Female,26,153455.72,2,1,0
15726167,France,Male,37,0,2,1,0
15624850,France,Male,30,153972.89,2,0,0
15717700,Spain,Male,34,114609.55,2,1,0
15716347,Germany,Male,37,143625.83,2,1,0
15696287,Germany,Female,38,116520.28,1,1,1
15638871,France,Male,77,80926.02,2,1,0
15765093,France,Male,23,166594.78,1,1,0
15592999,France,Female,40,115465.98,1,1,0
15641715,France,Male,34,0,2,1,0
15607746,France,Female,36,0,1,1,0
15625311,Germany,Female,41,92618.62,1,1,0
15573077,Germany,Female,25,141825.88,1,1,1
15735106,Spain,Male,28,149594.02,2,0,0
15672912,Spain,Female,39,130051.66,2,0,1
15589881,France,Female,41,0,2,1,0
15660144,France,Male,38,0,2,0,0
15664083,Germany,Female,37,158468.76,1,1,0
15690898,France,Male,44,161889.79,1,0,0
15808023,France,Female,29,133681.78,1,1,0
15676909,Spain,Female,34,0,2,0,0
15764922,Spain,Male,20,187294.46,1,0,0
15766734,France,Male,31,0,1,0,0
15795079,Spain,Male,67,0,2,1,0
15757434,France,Male,28,119706.22,1,0,0
15673747,France,Female,22,0,1,1,0
15808386,Germany,Female,45,138523.2,1,0,1
15603565,Spain,Female,56,90778.76,2,0,1
15744044,Germany,Male,47,99353.42,1,0,1
15577771,Germany,Female,40,111524.49,1,1,1
15769548,France,Female,37,128645.67,1,0,0
15802071,Germany,Male,35,117458.51,1,1,1
15677395,France,Female,39,129189.15,2,0,0
15632010,Spain,Male,33,121260.19,2,0,0
15779492,Spain,Male,56,94231.13,1,0,1
15694677,France,Male,39,0,2,1,0
15704315,France,Male,34,163757.06,1,1,0
15742009,Spain,Male,58,0,2,1,0
15766663,France,Male,22,0,2,0,0
15742297,France,Male,35,141005.47,1,1,0
15688059,Germany,Female,42,105356.09,2,1,0
15752344,Spain,Male,34,0,2,0,0
15698749,Germany,Female,23,85897.95,1,0,0
15631693,France,Male,36,0,2,1,0
15604536,Germany,Female,31,164672.66,1,1,0
15802869,Germany,Female,45,99169.67,2,1,0
15635598,France,Male,29,0,2,0,0
15592326,France,Male,36,0,2,1,0
15736533,Germany,Female,37,124053.03,1,0,0
15647191,France,Male,36,0,2,0,0
15622507,Germany,Female,40,103499.09,2,0,0
15765487,Germany,Female,38,151766.71,1,1,0
15646521,Spain,Female,36,0,1,1,0
15746258,France,Male,29,101486.96,1,1,0
15692430,Germany,Male,36,123601.56,2,0,0
15625501,Germany,Male,38,127201.58,1,0,1
15640521,Germany,Male,33,144962.74,1,0,1
15790630,France,Female,48,0,1,0,1
15664720,Spain,Male,33,122017.19,1,0,0
15750055,Spain,Male,32,100262.88,2,1,0
15644878,Spain,Female,43,117302.62,1,0,0
15754578,France,Female,35,135984.15,2,0,0
15705379,France,Male,38,0,2,0,0
15761047,Germany,Male,31,160997.54,2,1,0
15671293,Germany,Female,37,128389.63,1,1,1
15687527,Spain,Male,35,0,2,0,0
15647898,Spain,Female,50,130554.51,3,0,1
15671534,Germany,Female,57,90212,1,0,1
15591248,France,Female,29,71996.29,1,1,0
15676156,France,Female,32,85615.66,2,0,0
15812918,France,Female,27,62339.81,2,0,0
15604130,Spain,Female,47,142319.03,1,0,0
15700549,France,Male,54,0,2,1,0
15715519,Spain,Male,36,0,2,0,0
15707042,France,Female,24,87413.19,1,0,0
15605276,France,Female,29,0,2,1,0
15630592,France,Female,45,0,1,0,1
15636626,France,Male,35,97560.16,1,1,0
15740411,Germany,Male,30,141787.31,2,1,0
15593834,Spain,Male,36,129934.64,1,0,1
15804235,France,Female,37,166178.02,2,1,0
15679801,Spain,Female,39,163097.55,2,1,0
15673907,France,Male,20,0,2,0,0
15636562,Spain,Male,44,0,2,0,0
15702571,Germany,Female,35,151958.19,3,1,1
15627365,France,Male,46,0,2,1,0
15748499,Germany,Male,33,118400.91,1,1,1
15598614,Spain,Male,20,0,2,0,0
15668889,Germany,Female,43,116322.27,4,0,1
15800049,Spain,Female,43,0,1,1,0
15583724,Spain,Female,29,0,2,1,0
15622083,Germany,Male,30,143138.91,2,0,0
15645571,Spain,Male,32,0,2,1,0
15598266,France,Male,40,0,1,1,0
15667934,France,Male,36,129804.17,1,0,0
15569682,Germany,Male,37,108308.11,1,0,1
15772941,Germany,Male,30,110153.27,1,1,0
15586174,Germany,Female,30,116377.48,1,1,0
15803682,Germany,Female,37,117791.06,2,1,0
15627328,Spain,Female,26,0,2,1,0
15717065,France,Female,35,105419.73,1,0,0
15602456,Germany,Female,47,99219.47,2,1,0
15721569,Germany,Female,55,119327.93,1,1,0
15573798,France,Female,36,83947.12,2,0,0
15638272,Spain,Male,32,99883.16,1,1,0
15799859,France,Male,50,165438.26,1,0,1
15599152,France,Male,31,156111.24,1,0,0
15737909,France,Male,44,111095.58,2,0,0
15646190,France,Female,56,119963.45,1,0,1
15711249,Spain,Male,22,0,2,0,0
15671987,Spain,Male,35,153137.74,1,0,0
15812766,Spain,Male,40,156111.08,1,0,0
15778589,France,Male,34,113014.7,2,1,0
15750104,Germany,Male,43,132615.73,2,0,0
15784526,France,Male,44,102016.38,1,1,1
15646563,France,Female,35,0,1,1,0
15744423,France,Male,32,0,2,0,0
15593694,France,Male,49,0,2,0,0
15785367,France,Female,56,0,1,0,1
15687765,Germany,Female,42,80380.24,1,0,0
15789014,France,Female,26,108909.12,1,0,0
15703177,France,Female,35,90865.8,1,1,0
15660263,France,Male,40,99799.76,2,0,0
15776545,France,Male,28,200724.96,1,1,1
15683276,Spain,Female,37,140363.95,2,1,0
15599272,France,Female,36,151844.64,1,1,0
15589541,France,Female,27,0,2,1,0
15608804,Germany,Male,49,133231.48,1,1,0
15645820,France,Male,27,0,2,0,0
15659031,France,Female,36,126598.99,2,1,0
15790113,Germany,Female,71,113317.1,1,0,1
15652289,France,Male,47,0,2,0,0
15605341,France,Female,58,93173.88,1,1,0
15697844,Spain,Female,32,0,1,0,1
15652048,Germany,Male,44,105007.31,2,1,0
15587038,Spain,Female,32,0,1,1,1
15660528,Spain,Male,27,0,2,0,0
15700300,Germany,Female,44,131593.85,1,1,1
15642001,Germany,Male,44,119530.52,1,0,1
15580366,Germany,Male,54,118614.6,2,1,0
15657228,Germany,Male,37,95829.13,2,1,0
15729377,France,Male,36,0,2,1,0
15686913,France,Male,38,0,1,0,0
15631267,France,Male,50,153590.73,2,1,0
15632275,France,Male,29,0,1,0,0
15715907,France,Male,64,113109.52,1,0,1
15764841,France,Female,35,130557.24,1,1,0
15748649,France,Male,40,93183.19,1,0,0
15771409,France,Male,58,151933.63,1,0,1
15779207,Germany,Male,30,125495.64,2,1,0
15814116,France,Female,42,0,2,0,0
15665087,Germany,Female,26,118547.72,1,1,0
15611189,Spain,Male,43,97792.21,1,0,0
15729718,France,Male,41,0,3,0,1
15733602,Spain,Female,72,0,2,1,0
15620103,France,Female,40,167181.01,1,1,0
15770406,Germany,Male,35,121355.19,1,1,0
15800554,France,Female,81,0,2,1,0
15611409,Spain,Male,35,0,2,0,0
15646535,France,Male,46,113226.47,1,0,0
15575430,France,Female,33,118392.75,1,1,0
15711299,Germany,Female,52,145262.54,1,1,0
15642063,France,Male,40,163505.16,1,0,0
15706602,Spain,Female,33,118114.28,2,1,0
15592773,Germany,Female,51,108449.23,3,0,1
15786539,France,Male,32,0,2,1,0
15737542,Germany,Female,36,103294.56,1,0,0
15590234,France,Female,42,0,1,0,1
15773776,France,Female,38,0,1,1,0
15728082,Spain,Male,28,0,2,0,0
15609987,France,Male,42,119919.12,1,0,0
15735330,France,Male,37,0,1,0,0
15649430,France,Male,28,0,2,1,0
15768777,Spain,Female,34,0,2,1,0
15777893,France,Male,43,0,2,0,0
15791326,France,Male,34,0,1,0,0
15615176,France,Male,26,0,2,0,0
15735221,France,Female,42,0,2,0,0
15617991,France,Male,29,128744.04,1,1,0
15658504,Germany,Female,62,137727.34,2,1,0
15785705,Germany,Female,44,106731.58,1,0,1
15801817,France,Female,38,123544.21,1,1,0
15752578,France,Female,37,133968.96,2,0,0
15781574,Spain,Male,76,126534.6,1,1,0
15792107,Spain,Female,35,0,1,1,0
15569917,Spain,Male,30,87609.68,2,0,1
15721504,Spain,Male,41,0,2,0,0
15757306,Spain,Male,49,0,3,1,1
15647295,France,Male,34,0,2,0,0
15642098,Spain,Female,36,108960,2,0,1
15696120,Spain,Female,30,0,2,0,0
15675176,France,Male,51,144953.31,1,1,0
15700046,France,Male,41,103544.88,2,0,0
15782089,France,Male,33,0,1,0,0
15706394,France,Male,53,0,2,1,0
15759387,Germany,Male,38,101487.18,1,1,1
15623369,France,Male,52,105355.81,1,0,1
15732943,Spain,Male,36,77967.5,1,0,1
15750545,France,Male,44,0,4,0,1
15809909,Spain,Female,54,0,2,1,0
15642448,Spain,Male,28,120047.77,1,1,0
15791944,France,Male,32,175464.85,3,0,1
15768342,France,Male,52,79475.3,3,1,1
15567919,Germany,Male,37,167735.69,2,1,0
15674750,Spain,Female,37,0,2,0,0
15778345,France,Female,33,74385.98,1,0,0
15687634,Germany,Male,49,94754,1,1,0
15666096,Spain,Male,27,0,1,1,0
15581700,Germany,Male,43,86920.86,1,1,0
15656417,France,Female,39,132077.48,2,0,0
15649101,France,Male,40,127847.86,1,0,0
15781975,France,Male,34,0,1,1,1
15700511,Germany,Male,42,176702.36,2,1,0
15770255,Germany,Female,33,83555.58,1,0,0
15643574,France,Male,26,0,2,0,0
15595010,Spain,Female,39,0,2,0,0
15580579,France,Female,40,0,1,1,1
15748532,Spain,Male,42,0,1,1,0
15773789,Spain,Female,38,96858.35,1,0,0
15600027,Spain,Male,33,0,2,1,0
15620832,France,Female,35,0,2,1,0
15568819,Germany,Female,42,132796.04,3,1,1
15748691,Spain,Female,30,154970.54,1,1,0
15583552,Germany,Male,44,88902.21,1,0,0
15588019,France,Male,28,98738.92,1,0,0
15713250,France,Male,33,0,2,1,0
15569595,France,Female,50,0,1,0,0
15794868,Germany,Male,40,137456.28,2,1,0
15576680,France,Male,29,0,2,0,0
15613699,France,Female,60,73937.02,1,0,1
15609758,France,Female,45,158621.04,1,0,1
15762392,Spain,Male,30,113257.2,1,1,0
15693382,France,Male,31,0,1,1,0
15791769,France,Female,29,116536.43,1,0,0
15712483,Spain,Female,28,0,2,0,1
15636454,France,Female,60,101070.69,1,0,1
15710138,Spain,Male,39,0,2,1,0
15571571,Germany,Female,31,127331.46,3,1,0
15638751,Spain,Female,41,0,2,0,0
15598574,Spain,Female,31,0,2,1,0
15796787,France,Male,46,105969.42,1,0,0
15615670,France,Male,36,119547.46,1,1,0
15705506,Spain,Male,38,0,2,0,0
15599535,Spain,Male,28,138668.18,1,1,0
15768449,France,Female,37,51582.5,2,1,0
15725002,France,Male,37,0,2,0,0
15611682,Spain,Male,37,169902.92,1,1,0
15749964,France,Female,27,87262.4,2,0,0
15678779,France,Male,33,0,2,1,0
15752601,France,Female,40,0,2,0,0
15758477,France,Female,32,0,2,0,0
15629133,France,Female,27,0,2,0,0
15604963,France,Male,39,0,2,0,0
15796413,France,Male,46,0,2,0,0
15812470,France,Male,61,0,2,1,0
15587443,France,Female,69,0,2,1,0
15689692,Germany,Male,19,150348.37,1,1,0
15779586,Germany,Female,46,115074.02,2,0,0
15667588,Spain,Female,40,0,1,1,0
15624423,France,Male,28,99986.98,1,0,0
15591107,Germany,Female,68,110357,1,0,1
15748986,Germany,Male,42,166685.92,2,1,0
15793896,Spain,Male,40,95312.8,1,1,0
15620570,France,Male,43,202443.47,1,0,0
15727811,Germany,Female,47,109493.62,1,0,1
15707681,Germany,Male,38,88977.39,2,1,0
15702030,France,Female,29,104982.57,1,0,0
15673238,Germany,Female,59,154110.99,2,0,1
15604196,France,Male,32,185714.28,1,1,0
15769356,Germany,Female,23,116022.53,2,1,0
15665590,France,Male,46,0,2,1,0
15572361,Germany,Female,34,164011.48,1,0,0
15667460,France,Male,31,0,2,1,0
15654760,France,Male,40,101514.89,1,1,0
15632669,Spain,Female,32,0,2,1,0
15613673,France,Male,28,0,1,0,0
15698522,Germany,Male,39,134599.33,2,0,0
15741633,Spain,Male,32,147511.26,1,1,0
15674583,France,Male,25,78396.08,1,1,0
15665374,Spain,Female,31,0,2,0,0
15588854,France,Female,31,110581.29,1,1,0
15810716,Germany,Male,42,151836.36,2,0,0
15776921,Germany,Male,45,83624.55,2,0,0
15569394,France,Male,24,148197.15,2,0,0
15788215,Spain,Female,30,122924.75,1,0,1
15641007,France,Female,38,72594,1,1,0
15594651,France,Male,38,115221.36,1,1,0
15575146,Germany,Male,51,117808.74,2,1,0
15608916,France,Male,40,147754.68,1,1,0
15666297,Spain,Female,53,0,3,0,1
15598586,France,Male,31,113292.17,1,1,0
15665014,Spain,Male,36,0,2,0,0
15701738,Germany,Male,44,115163.38,1,1,1
15650591,Germany,Male,50,118098.62,1,1,1
15652667,France,Male,39,0,2,1,0
15679622,France,Male,35,0,1,1,0
15730150,Spain,Male,37,120825.7,1,0,0
15813192,France,Male,25,0,2,1,0
15606554,France,Male,29,0,1,1,0
15611794,Germany,Male,61,133845.28,2,1,0
15672357,Spain,Male,38,0,2,0,0
15711759,France,Female,29,108541.04,1,1,0
15615296,France,Male,39,0,1,0,1
15699294,France,Male,30,0,2,0,0
15788634,Spain,Female,37,113817.06,1,0,0
15660871,France,Male,28,137300.23,1,0,0
15618258,Spain,Male,37,158024.38,1,0,0
15722535,France,Female,33,127837.54,1,1,0
15711977,France,Male,36,161533,1,0,0
15690169,France,Male,31,161171.7,2,0,1
15790689,Spain,Male,32,80958.36,1,1,0
15665181,Spain,Male,25,0,2,1,0
15633608,France,Male,33,146193.6,2,1,1
15805261,Spain,Male,29,0,2,1,0
15740356,Germany,Male,26,115021.76,1,1,0
15808223,Spain,Male,41,126773.43,1,1,0
15769980,Germany,Female,40,92889.91,1,1,0
15675450,France,Male,48,0,2,1,0
15776494,France,Male,61,146622.35,1,1,1
15592412,Germany,Male,45,131038.14,1,0,1
15777452,France,Female,46,88820.29,1,0,0
15692258,Spain,Male,31,115406.97,1,0,0
15791045,France,Female,38,132951.92,1,1,0
15807889,Germany,Male,74,108891.7,1,0,0
15602043,Germany,Female,46,141788.63,2,0,0
15807335,Spain,Female,64,116954.32,1,1,0
15629985,Germany,Female,47,90450,2,0,1
15679453,Germany,Female,39,125997.22,1,1,1
15637315,Spain,Female,41,0,2,0,0
15691513,France,Male,60,0,4,1,1
15622289,Spain,Female,36,0,2,1,0
15715184,Spain,Female,31,144637.86,2,0,0
15702801,France,Female,29,86616.35,1,0,1
15719931,France,Male,31,0,2,0,0
15806081,Germany,Female,48,127924.25,2,0,0
15796336,Spain,Female,34,0,2,0,0
15647306,France,Female,29,131240.61,1,1,1
15742369,Spain,Male,31,0,2,1,0
15655859,Spain,Male,35,120046.74,2,0,0
15675650,France,Female,39,97819.36,1,1,0
15574119,Spain,Female,64,62979.93,1,1,0
15754168,France,Female,40,0,1,1,0
15763029,Germany,Male,46,161450.03,1,1,1
15765048,France,Male,30,0,2,0,0
15786215,France,Male,56,119496.25,2,0,0
15707559,France,Female,30,0,2,1,0
15582129,France,Male,62,43772.66,3,0,1
15687540,France,Male,32,100249.41,2,1,0
15787196,Spain,Male,46,0,2,1,0
15670898,France,Female,60,108028.08,2,0,1
15775433,Germany,Male,71,53013.29,2,1,0
15700693,France,Male,68,0,2,1,0
15677955,Germany,Male,33,122088.67,1,0,0
15570086,Germany,Male,18,90544,1,1,0
15794875,Spain,Male,35,0,2,1,0
15673591,France,Male,44,141252.18,4,1,1
15631756,France,Female,35,147813.05,2,0,0
15757617,France,Male,55,134140.68,1,0,0
15612729,France,Female,63,0,2,1,0
15637857,France,Female,31,0,1,1,0
15681007,France,Female,35,128548.49,4,0,1
15593622,France,Male,43,122198.21,2,1,0
15629273,Germany,Male,42,145177.84,1,0,1
15765846,Spain,Female,31,94222.53,1,0,0
15596013,Germany,Female,58,143212.22,1,0,1
15722473,France,Male,41,0,2,0,0
15774936,Germany,Male,41,143350.41,1,1,1
15685640,France,Female,41,130931.83,1,1,0
15566563,France,Female,30,137851.31,1,0,1
15768746,France,Male,33,0,2,0,0
15689952,Spain,Male,41,0,1,1,0
15725906,Spain,Female,51,0,1,1,1
15634501,France,Male,60,140614.15,1,1,0
15571940,Spain,Male,22,118680.57,1,1,0
15741643,Germany,Male,35,122917.69,1,1,0
15806822,France,Female,36,0,2,0,0
15701166,France,Male,40,131754.11,2,1,0
15718531,France,Female,35,0,2,1,0
15628308,France,Female,24,0,2,1,0
15585287,Germany,Female,35,119948.09,1,0,1
15781619,France,Female,38,0,1,0,1
15805162,France,Male,25,0,2,1,0
15588535,Spain,Female,39,0,2,0,0
15775307,Spain,Female,38,97266.1,1,1,0
15777616,Germany,Male,28,113690.83,1,0,0
15692291,Spain,Female,42,99056.22,2,0,1
15680843,France,Male,34,0,2,1,0
15606232,Spain,Female,36,116338.68,1,1,0
15641585,France,Male,40,97339.99,1,1,0
15684358,France,Male,41,0,2,1,0
15806389,Germany,Female,55,137592.31,2,1,1
15641860,Germany,Male,34,108760.27,2,0,1
15814237,Germany,Male,30,128770.88,2,1,0
15808780,France,Female,34,0,2,0,0
15767064,Spain,Female,36,44054.84,1,1,0
15751177,Germany,Female,44,119657.53,1,0,1
15613427,Germany,Female,49,108797.63,2,0,0
15647259,Spain,Male,35,0,2,0,0
15748660,Germany,Female,49,102025.32,1,0,1
15726695,Spain,Female,20,122446.61,2,0,0
15757473,France,Female,27,158786.67,2,1,0
15809509,France,Male,29,125689.29,1,1,0
15715512,Germany,Male,29,154640.41,1,1,0
15614168,Germany,Female,50,146710.76,1,0,1
15679818,Germany,Male,67,136709.35,1,1,1
15609928,Germany,Male,43,129305.09,2,1,0
15731246,Spain,Male,40,0,2,0,0
15685243,France,Female,63,0,2,1,0
15638730,France,Female,21,82844.33,2,1,0
15697034,Spain,Female,22,0,2,1,0
15699225,France,Male,46,0,2,0,0
15677387,Germany,Female,33,76692.22,1,1,0
15759184,France,Male,34,117715.84,1,0,0
15595991,France,Male,54,87105.32,1,1,0
15681332,France,Female,43,0,1,0,1
15756299,France,Female,64,69311.16,1,1,0
15750547,France,Male,26,0,2,1,0
15566380,Spain,Female,33,66948.67,2,1,0
15675963,France,Female,57,0,2,1,0
15674671,Spain,Male,76,128410.71,2,1,0
15621466,Germany,Male,38,99897.53,1,0,0
15607176,France,Male,22,0,1,1,0
15570299,Germany,Female,31,152622.34,1,0,0
15613197,France,Male,40,0,2,0,0
15798885,France,Male,56,138227.19,2,1,0
15714883,France,Female,25,111395.53,1,1,0
15604497,Germany,Male,44,84386.57,1,0,0
15773949,France,Female,36,0,2,1,0
15774164,Germany,Male,33,174673.65,2,0,0
15774127,France,Male,46,0,2,0,0
15619016,Germany,Male,46,109019.65,2,1,0
15795759,Germany,Female,52,107906.75,1,0,1
15798844,France,Male,54,128914.97,1,0,1
15717962,Spain,Male,63,111179.83,1,1,0
15691504,Germany,Female,52,124099.13,1,0,0
15693893,Germany,Male,59,122471.09,1,1,0
15672499,France,Male,34,134692.4,2,1,0
15750410,France,Female,25,123816.5,1,1,0
15568904,Germany,Male,34,106288.54,1,1,0
15649033,Germany,Female,55,127723.25,2,0,1
15780989,Spain,Male,43,145843.82,1,1,1
15771059,Germany,Female,34,148200.72,1,0,0
15687852,France,Male,30,104145.65,1,0,0
15695280,Germany,Male,24,142755.25,1,0,0
15592751,Germany,Female,63,81245.79,1,0,1
15598338,Germany,Female,33,168560.46,2,0,0
15735784,France,Male,38,0,1,0,0
15629128,Germany,Male,42,132193.94,2,1,0
15642870,France,Male,58,0,1,1,0
15637977,Germany,Male,25,139330.1,1,0,0
15600792,Spain,Male,29,0,2,1,0
15576131,France,Male,40,0,2,0,0
15686588,France,Female,28,134571.5,1,1,0
15761018,Germany,Male,50,143829.2,2,0,1
15616029,France,Male,32,0,2,0,0
15761149,France,Female,44,133444.97,1,1,0
15802758,Germany,Female,23,104753.84,2,0,1
15647838,Germany,Female,51,116574.84,1,0,1
15735968,France,Male,41,0,2,1,0
15581286,France,Female,40,176914.8,1,1,0
15625445,France,Female,36,68348.18,2,1,0
15600173,France,Female,33,0,2,1,0
15635143,France,Male,42,56726.83,2,1,0
15664849,Spain,Male,46,65269.23,1,1,1
15762455,Spain,Male,33,66220.17,1,1,0
15797165,France,Male,56,0,1,0,1
15788189,France,Female,41,96147.55,1,0,0
15780492,France,Male,42,0,2,0,0
15678497,Spain,Male,48,0,1,0,1
15588560,Germany,Female,32,145330.43,1,1,0
15606003,France,Female,21,0,2,1,0
15611756,Germany,Female,47,124192.28,2,1,0
15789563,Germany,Female,46,111288.18,1,1,1
15702416,France,Male,43,107805.67,1,0,0
15766288,Germany,Female,36,103700.69,1,0,1
15667633,France,Female,38,0,2,1,0
15622774,France,Male,34,0,1,1,0
15755416,France,Female,27,87739.08,1,1,0
15769915,Spain,Female,20,133313.34,1,1,0
15643908,France,Female,49,0,1,1,0
15627395,Germany,Male,41,154902.66,1,1,0
15679663,France,Female,36,0,2,0,0
15651581,Germany,Male,68,112595.85,1,0,1
15596379,Germany,Male,39,119695.75,1,1,0
15746674,France,Female,47,0,1,0,1
15801256,Spain,Male,49,0,2,1,0
15663808,Germany,Female,59,152614.51,2,1,0
15598521,Germany,Female,33,131647.01,2,0,0
15621457,France,Male,27,96654.72,2,0,0
15764726,France,Male,22,137583.04,1,1,0
15646374,Germany,Female,28,62717.84,2,1,0
15716501,France,Male,32,95377.13,1,1,0
15589948,Spain,Male,28,135936.1,2,1,0
15811343,Germany,Male,35,161591.11,3,1,0
15659677,France,Male,47,142382.03,1,1,0
15594436,Spain,Male,33,0,2,1,0
15748995,Spain,Male,30,0,2,1,0
15677062,France,Female,38,127043.09,1,1,0
15697201,Spain,Female,46,0,1,1,0
15666453,Germany,Female,29,78885.88,2,1,0
15693771,Spain,Female,45,95922.9,1,0,1
15569867,France,Female,29,0,2,0,0
15711602,France,Female,36,91711.59,1,1,0
15717736,Germany,Female,46,110031.09,2,1,0
15750441,France,Male,36,81210.72,2,1,0
15732791,Germany,Male,32,122947.92,1,1,0
15775104,France,Female,38,182065.85,1,0,0
15757607,France,Male,45,0,1,0,1
15793070,Spain,Female,41,69974.66,2,0,1
15760456,France,Female,38,123711.73,2,0,1
15665385,France,Male,44,76495.04,1,0,0
15612418,France,Female,38,0,2,0,0
15727138,Spain,Male,46,0,2,1,0
15732061,Germany,Female,45,121874.89,1,0,1
15776051,France,Female,45,0,2,1,0
15616530,France,Male,36,188455.19,1,0,1
15632344,France,Female,42,99045.93,2,0,0
15744979,France,Female,36,0,1,1,0
15745433,Germany,Female,30,205770.78,2,0,0
15683657,France,Female,31,79340.95,1,0,0
15718572,Germany,Male,57,138456.03,2,1,0
15665783,France,Male,49,0,2,1,0
15652782,Germany,Male,48,101099.9,2,1,0
15707025,Spain,Female,31,0,2,1,0
15647807,France,Male,40,109219.83,1,0,0
15718281,Germany,Male,67,123276.69,2,1,1
15660571,Spain,Male,43,113034.31,1,1,0
15727857,Spain,Male,41,0,2,0,0
15639252,Spain,Male,30,129548.5,2,1,0
15628144,France,Female,72,74812.84,1,1,0
15683560,France,Female,40,0,2,0,0
15653275,Spain,Female,54,0,2,0,1
15622182,Germany,Female,28,153538.13,2,0,0
15613962,France,Female,38,0,2,1,0
15618437,Spain,Male,34,0,2,1,0
15783338,Spain,Male,32,155619.36,1,1,0
15764491,Spain,Male,35,159693.9,2,1,0
15712960,Spain,Male,37,171653.17,1,1,0
15688157,Germany,Female,39,47685.47,2,1,0
15579287,France,Male,35,0,2,1,0
15570931,France,Male,61,0,1,0,1
15615177,Spain,Male,28,123692,1,1,0
15809906,Germany,Male,26,148853.29,2,1,0
15652169,France,Male,35,133161.95,1,1,0
15649450,Germany,Male,24,143221.35,2,0,0
15777179,France,Male,35,0,2,1,0
15803538,Spain,Male,56,0,3,0,1
15610936,France,Male,33,0,2,0,0
15590094,Germany,Male,38,126265.88,2,0,0
15572706,France,Male,37,0,1,0,0
15634564,Spain,Male,31,112713.34,1,1,0
15684296,France,Male,34,141173.03,1,1,0
15702293,Spain,Female,35,0,2,1,0
15642099,Spain,Male,39,0,2,0,0
15773273,Spain,Male,38,118866.36,1,1,0
15613337,France,Male,47,0,2,1,0
15800482,Spain,Female,33,0,2,1,0
15732644,Spain,Female,54,92316.31,2,0,1
15713426,Germany,Male,30,122185.53,1,0,1
15640789,France,Male,38,123345.85,1,0,0
15598892,France,Male,30,73070.18,2,0,0
15606436,Spain,Male,38,0,2,0,0
15751227,France,Male,47,95120.59,1,0,0
15812365,France,Male,40,102800.65,1,0,0
15616088,France,Female,70,97072.42,1,1,0
15803886,Spain,Male,31,132876.55,1,1,0
15587311,Spain,Male,33,0,2,1,0
15617401,France,Male,22,0,2,0,0
15775886,France,Male,36,0,1,0,1
15807305,France,Male,39,0,1,0,0
15761717,France,Male,26,51962.91,2,0,0
15628008,Spain,Female,29,98759.89,1,0,0
15583755,Germany,Male,33,156570.86,1,1,0
15661409,France,Female,42,0,1,1,1
15774250,France,Male,42,159024.71,1,0,1
15681476,France,Female,39,73493.17,1,1,1
15654870,France,Female,45,0,2,1,0
15790448,France,Female,35,69617.36,1,0,0
15785326,Spain,Female,35,136526.26,2,0,0
15592854,France,Male,25,113736.27,1,1,0
15617486,France,Male,52,106723.28,1,0,1
15806796,Germany,Female,33,138847.9,1,1,0
15644699,France,Female,40,0,2,0,0
15622305,Germany,Female,33,107868.14,2,1,0
15608209,Germany,Male,33,96926.12,2,0,0
15626898,France,Male,30,77599.23,1,0,0
15644297,Germany,Male,38,178787.54,1,1,0
15731569,France,Male,81,0,2,1,0
15582149,Germany,Female,34,129668.43,2,1,0
15802483,France,Male,34,146178.13,2,1,0
15686999,France,Female,40,0,2,0,0
15772479,France,Male,37,0,2,0,0
15778884,France,Female,38,154763.21,2,1,0
15623630,Germany,Female,56,116251.24,1,1,1
15774316,France,Male,37,0,2,1,0
15695097,Germany,Female,30,100954.88,2,0,0
15645404,France,Female,51,124620.01,2,0,1
15750574,Spain,Female,34,0,2,1,0
15636812,France,Male,40,112701.04,1,0,0
15712068,Spain,Male,45,84692.5,1,1,0
15652030,Germany,Male,49,108204.52,1,0,1
15577398,France,Male,30,86449.39,1,1,0
15756848,Spain,Male,42,0,1,1,0
15806929,Germany,Male,36,73194.99,1,1,0
15656005,Germany,Male,31,124593.23,1,0,0
15722632,Germany,Male,50,119655.77,1,1,1
15794356,Germany,Male,42,121765.37,2,1,0
15659656,France,Male,35,110837.73,1,0,0
15588341,Spain,Male,47,99835.17,1,1,0
15709142,Germany,Female,30,91057.37,2,0,0
15627042,France,Female,26,0,2,0,0
15627517,Spain,Male,27,149400.27,1,0,0
15803032,Germany,Male,38,89111.63,1,0,0
15665129,Germany,Male,33,132527.9,2,1,0
15628272,France,Female,36,114997.42,1,0,0
15678206,France,Male,46,161798.53,1,0,0
15678427,Germany,Female,27,96129.32,2,1,0
15678067,Spain,Male,45,0,2,0,0
15793331,France,Male,32,133050.97,2,0,0
15699532,France,Male,51,120124.35,2,1,0
15605827,France,Male,39,0,2,0,0
15643635,Spain,Male,32,133705.74,1,0,0
15787710,Spain,Female,39,0,2,0,0
15614137,France,Female,40,0,2,0,0
15754494,France,Female,33,152805.05,1,0,0
15713440,Germany,Female,21,151701.45,3,1,1
15803479,France,Female,67,0,2,1,0
15709639,France,Female,22,112465.06,1,1,0
15601719,Germany,Male,24,156007.09,1,0,0
15772482,Germany,Male,28,132405.52,3,0,1
15591489,France,Male,26,142662.68,1,0,0
15629002,Germany,Male,36,102603.3,2,1,0
15798053,Spain,Male,32,0,2,0,0
15753895,Spain,Male,37,0,2,0,0
15595426,Spain,Male,57,105000.85,2,1,1
15645815,France,Male,45,0,2,1,0
15632848,France,Female,36,69518.95,1,0,0
15703068,Germany,Male,41,126145.54,2,1,0
15791513,France,Male,41,138937.35,1,1,1
15587210,Germany,Female,44,113581.98,1,0,0
15793803,France,Male,34,112572.39,1,0,0
15787756,Germany,Male,51,114514.71,2,0,1
15723437,France,Female,35,0,2,1,0
15702715,France,Female,34,0,2,1,0
15809872,France,Male,32,84906.45,1,0,0
15644295,Spain,Female,39,126816.18,1,1,0
15778694,Germany,Female,26,105249.76,2,1,0
15759555,Spain,Male,41,0,2,0,0
15631406,Germany,Male,50,109387.9,1,0,0
15616676,Germany,Male,23,122478.51,1,0,1
15771154,France,Female,73,137732.23,2,1,0
15669491,France,Female,46,157866.77,1,1,0
15697691,France,Female,41,0,1,1,0
15665180,France,Female,31,136789.14,1,0,1
15752588,France,Male,36,0,2,1,0
15743051,France,Male,30,144684.03,1,1,0
15571873,France,Male,24,107065.31,1,1,0
15679743,France,Female,33,91301.72,1,1,0
15769412,Spain,Male,39,207034.96,2,0,1
15775124,Spain,Male,37,0,2,1,0
15732113,Spain,Male,50,0,1,1,0
15578141,Spain,Male,38,0,1,1,1
15595874,Spain,Female,36,0,2,0,0
15755642,France,Male,34,0,2,1,0
15576526,Spain,Male,36,0,2,1,0
15792489,Spain,Male,42,0,2,0,0
15733705,France,Female,30,92472.1,2,1,0
15807221,Spain,Male,21,0,2,0,0
15573045,France,Male,62,127738.75,2,1,0
15756824,Germany,Female,50,101242.98,2,0,0
15773520,France,Female,43,92599.55,2,1,0
15627439,Spain,Female,36,0,2,1,0
15701439,Spain,Female,50,0,4,0,1
15785352,France,Male,37,82373.94,1,0,1
15616525,Spain,Male,31,141356.47,1,0,0
15717489,France,Male,23,0,1,0,1
15795737,Spain,Female,47,72664,2,1,0
15693877,France,Female,47,123365.34,2,0,0
15576111,Germany,Male,33,121898.58,1,0,0
15595713,Spain,Male,33,0,1,1,0
15808868,France,Female,31,103696.97,3,0,1
15708193,France,Male,33,0,2,0,0
15697801,Germany,Female,56,74129.18,2,1,1
15770121,France,Female,34,0,1,0,0
15800524,Germany,Male,29,185379.02,1,0,0
15686236,Germany,Female,47,118087.68,1,0,1
15659807,Spain,Male,41,109402.13,1,1,0
15736078,Germany,Female,33,130367.87,1,0,1
15620836,Germany,Female,34,108410.87,2,0,0
15698184,France,Female,50,90408.16,2,0,0
15717643,France,Female,34,90425.15,2,1,0
15776596,Spain,Female,39,140094.59,1,0,1
15814757,Spain,Male,31,0,2,1,0
15812607,Germany,Female,46,95439.4,1,1,1
15663888,Germany,Male,34,204017.4,2,0,0
15748882,Spain,Male,29,0,2,0,0
15690829,Germany,Male,49,137115.16,1,0,1
15695819,Germany,Male,43,134740.19,2,0,0
15696834,France,Female,29,0,2,0,0
15797710,Germany,Male,29,98955.87,1,1,0
15700654,Germany,Male,44,49157.09,2,0,0
15583764,Germany,Male,31,130240.33,1,0,0
15688849,France,Male,48,108019.27,3,1,1
15661473,Germany,Male,51,126725.25,1,0,1
15601030,Germany,Female,34,96693.66,1,1,0
15789557,Germany,Female,27,129810.6,1,1,0
15745250,France,Male,58,156652.13,1,0,1
15590349,France,Female,36,0,1,0,1
15741693,France,Male,40,130661.96,1,1,0
15618446,France,Female,50,0,2,1,0
15766552,France,Male,37,0,2,0,0
15668775,France,Male,47,130747.1,1,0,0
15757895,Germany,Male,30,106629.49,1,1,0
15774551,Spain,Male,36,112029.83,1,1,0
15684011,Germany,Male,29,130575.26,1,1,0
15736146,Germany,Male,28,96679.71,1,1,0
15656286,France,Male,33,0,2,0,0
15774847,France,Male,50,171740.69,1,0,0
15619340,Spain,Male,38,0,2,0,0
15815656,Germany,Female,39,100116.67,1,1,1
15623357,Germany,Male,24,120596.93,1,1,0
15601324,France,Female,48,0,2,1,0
15715510,France,Male,29,95984.69,2,1,0
15663770,France,Male,38,142557.11,1,1,0
15779267,France,Male,47,0,2,0,0
15597957,Spain,Male,66,0,2,1,0
15584620,Germany,Female,36,143644.16,1,0,1
15750772,France,Female,38,132129.72,1,1,0
15706557,France,Female,52,0,2,0,1
15594391,France,Female,68,183555.24,1,0,1
15661656,France,Male,38,91902.56,2,1,0
15631217,France,Male,40,156218.19,1,1,0
15588955,Germany,Female,43,93259.57,3,0,1
15758252,Germany,Female,45,168085.38,2,1,0
15740223,Germany,Male,51,107714.74,3,0,1
15805413,France,Female,31,117852.26,2,0,0
15635116,Spain,Male,60,0,1,0,1
15764892,Spain,Female,51,84474.62,2,1,0
15795936,France,Male,50,0,2,0,0
15655232,Germany,Male,35,126803.34,2,1,0
15640133,France,Female,34,0,2,0,0
15751524,Germany,Female,36,68806.84,1,0,0
15670552,France,Female,31,115141.18,1,0,0
15623966,France,Female,35,0,2,1,0
15752193,Spain,Male,34,90723.36,1,1,0
15607269,Germany,Female,49,151249.45,2,1,0
15700752,France,Female,32,0,2,1,0
15777901,Germany,Female,43,94752.49,1,0,1
15639117,Spain,Female,34,0,1,0,1
15720203,Spain,Male,28,0,1,0,0
15586236,France,Male,31,132084.66,3,1,1
15676645,France,Male,45,0,2,1,0
15715988,France,Male,35,0,2,1,0
15603749,France,Female,53,45472.28,1,1,1
15608956,France,Male,33,0,1,0,0
15733872,Germany,Female,33,130229.71,2,0,1
15666982,Germany,Female,38,123948.85,1,0,0
15602647,Germany,Male,39,127415.85,1,1,1
15623063,Germany,Male,35,110067.71,1,0,1
15682928,Spain,Male,39,65521.2,1,1,0
15729246,Spain,Male,31,0,2,1,0
15588928,France,Male,47,0,2,1,0
15803352,Germany,Male,33,155736.42,2,1,0
15607485,Spain,Female,29,0,2,0,0
15656249,France,Female,34,118307.57,2,1,0
15761783,France,Male,41,0,1,1,0
15716605,Germany,Female,24,103099.17,2,0,0
15757425,France,Female,38,0,2,1,0
15603096,France,Male,33,125789.69,1,0,1
15588580,Germany,Female,36,109646.83,1,1,0
15770539,France,Male,30,127187.86,1,1,0
15572022,France,Female,36,0,1,1,0
15571843,Spain,Male,24,0,1,0,0
15752502,France,Male,41,130385.82,1,1,0
15609058,France,Male,23,107787.47,1,1,0
15775108,France,Male,34,99325.04,2,1,0
15708904,France,Female,37,0,1,0,0
15600086,France,Male,48,123764.95,1,1,0
15814675,Germany,Female,39,128264.03,1,0,1
15572777,Spain,Male,47,86006.21,1,1,0
15585106,Germany,Female,38,57068.43,2,0,0
15738936,Germany,Male,29,103607.24,2,1,0
15750970,Spain,Male,40,99004.24,1,1,0
15725772,Spain,Female,36,0,2,1,0
15692106,Spain,Female,25,147386.72,3,0,1
15791533,Spain,Male,42,93608.28,1,0,1
15715715,Spain,Male,38,0,2,1,0
15785576,Germany,Male,71,119496.87,1,0,0
15798834,Spain,Female,32,0,1,0,0
15744127,France,Female,37,0,2,0,0
15637427,Spain,Female,25,0,2,1,0
15576990,Germany,Female,25,152885.77,1,0,0
15615352,France,Male,31,99607.37,2,1,0
15647333,France,Male,27,137003.68,1,0,0
15572050,Germany,Male,48,122831.58,1,1,1
15581370,Spain,Male,38,99811.44,2,0,0
15813503,Spain,Male,37,154712.58,2,0,0
15769783,Spain,Male,37,0,1,1,0
15793135,Germany,Female,24,147687.24,1,1,0
15599182,Spain,Female,33,0,2,1,0
15689517,France,Male,27,127009.83,1,0,0
15641366,Germany,Male,61,124737.96,1,1,1
15588859,Spain,Female,44,179356.28,2,0,1
15732293,Spain,Male,31,0,2,1,0
15568032,Germany,Male,31,127320.36,3,0,0
15623525,Spain,Male,31,125175.58,1,1,0
15606601,France,Female,22,186788.96,2,0,0
15800811,France,Male,40,148556.74,1,1,0
15610711,Germany,Female,40,128644.46,1,0,0
15809654,France,Female,46,127476.73,2,1,0
15576077,France,Female,27,159561.93,1,1,0
15643378,France,Male,42,112419.92,1,1,0
15566790,France,Male,28,129991.76,2,1,0
15774402,Spain,Male,36,0,1,1,0
15694641,Spain,Female,59,0,2,1,0
15605916,France,Female,50,0,1,0,1
15812356,Germany,Female,40,89175.06,2,1,0
15644179,France,Female,39,0,2,0,1
15771674,Spain,Female,39,162390.52,2,0,0
15623314,Germany,Female,59,190353.08,1,0,0
15613292,France,Male,21,0,2,0,0
15813871,France,Male,47,0,2,0,0
15759480,France,Female,40,139180.97,1,1,0
15587712,France,Male,36,114435.47,1,0,0
15671165,France,Female,66,149950.19,1,1,0
15620746,France,Male,42,126115.6,1,0,0
15706537,Germany,Female,59,111396.97,1,1,0
15589312,France,Male,30,115007.08,1,0,0
15741180,France,Male,54,102141.9,1,1,0
15733888,Spain,Female,36,133686.52,1,0,1
15798532,France,Male,32,120879.73,2,1,0
15577359,Spain,Male,47,0,1,0,1
15614936,Spain,Female,49,82321.88,1,1,0
15747647,Spain,Female,27,0,2,0,0
15588566,Spain,Male,33,116474.28,2,1,0
15570141,France,Female,34,132352.69,1,0,0
15800793,Germany,Female,39,182491.57,1,0,0
15572415,France,Male,34,0,2,1,0
15635125,Spain,Male,63,120787.18,2,1,0
15636551,France,Female,29,130181.47,2,0,0
15600912,Germany,Male,32,88348.43,2,1,0
15768476,Spain,Male,31,0,2,1,0
15650266,Germany,Male,39,146186.28,2,1,0
15621004,France,Male,32,0,1,0,1
15748352,Spain,Male,34,104488.17,1,1,0
15788920,Germany,Female,32,109196.67,2,0,0
15743236,France,Female,61,80538.56,1,0,1
15637717,Germany,Male,41,109026.8,2,1,0
15635500,Germany,Male,75,61319.63,1,1,0
15634792,France,Female,40,0,2,1,0
15607560,France,Female,39,0,2,1,0
15727177,France,Male,42,177822.03,1,0,1
15774358,Germany,Male,59,110939.3,1,0,1
15791304,Germany,Male,25,165413.43,1,1,0
15603328,France,Male,27,77805.66,1,1,0
15804937,France,Male,50,0,2,0,0
15804142,Spain,Female,57,175575.95,2,0,1
15608845,Spain,Female,38,124197.22,1,0,0
15702434,France,Female,30,0,2,0,0
15632609,France,Female,39,160132.75,1,0,0
15603550,Germany,Female,37,70258.88,2,0,0
15755239,Germany,Male,32,162657.64,2,1,0
15670528,Germany,Male,43,132217.45,1,0,1
15732704,Spain,Male,25,148042.97,2,0,0
15589019,Spain,Female,33,92855.02,1,1,0
15677796,Germany,Male,47,129289.98,1,0,1
15760177,Spain,Male,37,100252.18,1,1,0
15636595,Spain,Male,37,107592.89,2,1,0
15737275,France,Male,39,113096.41,1,1,0
15672905,Spain,Female,40,0,2,1,0
15753955,Spain,Male,34,149940.04,2,0,0
15708504,Germany,Male,50,121438.58,1,1,1
15592451,France,Male,32,0,2,0,0
15790455,France,Female,50,0,1,1,1
15572174,France,Male,29,148874.01,2,1,0
15656330,Spain,Female,32,68138.37,1,1,0
15569626,Spain,Male,35,110080.3,1,1,0
15608726,France,Male,24,0,2,1,0
15637366,Germany,Female,25,114268.85,2,1,0
15778049,Germany,Male,29,117412.35,1,0,0
15727421,France,Female,38,0,2,1,0
15688865,France,Female,35,0,2,0,0
15751032,Germany,Female,37,35549.81,2,0,0
15734737,France,Male,56,0,2,1,0
15746515,France,Male,36,136492.92,3,1,1
15664311,Germany,Male,28,123675.69,1,1,0
15708139,France,Female,40,139532.34,1,0,0
15768574,Spain,Male,58,178713.98,1,1,0
15738018,France,Male,40,0,2,0,0
15699753,France,Male,41,89086.31,1,0,0
15703199,Spain,Male,38,96143.47,1,0,0
15627830,Germany,Female,30,32197.64,1,1,0
15570855,France,Male,38,0,2,1,0
15772503,France,Female,33,0,2,0,0
15584453,Spain,Male,32,0,2,1,0
15710111,France,Male,33,0,2,0,0
15618562,Germany,Female,40,140306.38,1,0,1
15706764,France,Female,35,0,2,0,0
15798737,France,Male,38,0,2,0,0
15712608,Germany,Female,42,74483.97,2,1,0
15636736,France,Female,53,0,2,1,1
15703544,Spain,Male,34,0,1,0,0
15815645,France,Male,37,152303.66,2,1,0
15705739,Germany,Male,32,159904.79,1,0,0
15709643,France,Male,32,0,3,0,0
15669805,Germany,Female,31,99557.94,1,0,0
15737489,Spain,Female,46,116886.59,1,0,0
15775131,Spain,Male,32,142188.2,2,1,0
15765283,Germany,Female,40,149961.99,2,0,0
15628715,France,Female,36,0,2,1,0
15813283,France,Female,34,0,1,0,0
15745716,Spain,Male,53,0,2,1,0
15598485,Spain,Male,40,28649.64,1,1,0
15696552,France,Female,21,81025.6,2,0,0
15754569,France,Male,57,0,2,1,0
15701741,France,Female,39,152462.79,1,0,0
15572631,France,Male,25,0,1,1,0
15636069,Spain,Male,28,155519.59,1,0,0
15682467,France,Female,36,118851.05,1,1,0
15790744,France,Female,34,92899.27,2,0,0
15625023,France,Male,40,0,1,1,0
15731267,France,Male,37,75263.7,1,0,0
15742879,Spain,Male,38,147904.31,1,1,0
15757015,Germany,Female,41,106640.5,1,0,0
15770711,Germany,Female,28,90696.78,1,1,0
15569430,Spain,Female,36,175509.8,2,0,0
15617304,France,Male,40,0,2,1,0
15704466,France,Female,34,0,2,0,0
15664681,France,Female,35,114321.28,2,0,0
15605534,Germany,Female,51,95560.04,1,0,1
15792473,Germany,Female,50,88379.81,3,1,1
15802625,Germany,Male,48,85915.52,1,1,0
15766017,Germany,Male,58,72309.3,1,1,1
15762172,France,Female,39,0,2,0,0
15728333,France,Male,43,0,1,1,0
15792868,France,Male,69,0,2,0,0
15605698,France,Male,58,0,3,1,1
15777060,France,Female,33,0,1,0,1
15626243,France,Male,30,133844.22,1,1,0
15719898,France,Male,36,154872.08,2,1,0
15599976,France,Female,27,0,2,0,0
15752809,Spain,Male,43,116121.67,1,0,0
15589698,Germany,Male,42,107104.5,1,1,1
15609977,France,Male,47,71026.77,1,0,0
15750121,France,Male,38,0,1,0,0
15734177,France,Male,33,0,2,1,0
15781347,France,Female,41,0,2,1,0
15592025,France,Male,53,0,2,1,0
15670163,France,Female,27,0,2,0,0
15765402,France,Female,39,145644.05,1,0,0
15624343,Spain,Female,50,129667.77,1,0,0
15602354,Germany,Male,33,109341.87,1,0,0
15579183,France,Male,64,0,2,1,0
15584899,France,Female,35,0,2,1,0
15723658,Spain,Female,30,0,2,0,0
15803965,France,Male,55,87485.67,1,1,0
15682489,France,Male,27,0,2,0,0
15813645,France,Female,36,53369.13,1,1,0
15766787,France,Female,35,0,2,1,0
15687171,Spain,Male,34,146679.77,1,0,0
15690744,France,Male,43,112499.42,2,0,0
15707974,Spain,Female,38,48387,1,0,0
15673084,Spain,Male,38,68079.8,1,1,0
15814772,Germany,Male,49,160133.88,1,1,0
15743709,France,Male,30,66190.33,1,1,0
15610343,France,Female,37,0,2,1,1
15737414,France,Male,35,123761.68,1,0,0
15788480,Germany,Female,33,122325.58,1,0,1
15568519,France,Male,41,0,2,0,0
15792453,Spain,Female,42,138912.17,1,1,0
15658100,France,Female,42,0,2,1,0
15695197,Germany,Female,25,128524.19,2,0,0
15749807,Spain,Female,31,0,2,0,0
15773876,France,Female,34,0,2,0,0
15591698,Germany,Female,49,132934.89,1,0,1
15712813,Germany,Male,43,150805.17,3,1,1
15763898,Spain,Female,46,0,2,1,0
15793324,Spain,Male,32,0,3,1,0
15757759,Spain,Female,28,165969.26,3,0,1
15796230,Germany,Female,36,124495.98,3,1,1
15611729,Germany,Male,39,141559.5,1,1,1
15709531,France,Male,38,114756.14,1,0,0
15650751,France,Female,30,0,2,1,0
15641413,Germany,Female,49,155393.98,2,0,1
15753840,Spain,Female,32,0,1,1,1
15669994,Germany,Female,31,128663.81,2,0,0
15695301,Spain,Male,44,113522.64,1,1,0
15792004,Spain,Female,26,0,2,0,0
15603035,France,Male,34,0,2,1,0
15717286,Spain,Female,40,79035.95,1,0,1
15577107,Spain,Female,22,0,3,1,1
15754747,Germany,Male,33,141918.09,2,1,0
15705676,France,Female,35,107944.33,2,0,0
15751912,France,Male,36,0,2,1,0
15677336,Germany,Male,57,120043.13,1,0,1
15684395,Spain,Female,45,125191.69,1,1,1
15659949,France,Male,31,96399.31,2,0,0
15812422,France,Male,41,0,2,1,0
15806941,France,Male,60,76961.6,2,1,0
15637690,Germany,Female,34,98675.74,1,0,1
15632882,Germany,Male,37,126817.13,2,1,1
15807107,France,Male,32,121394.42,1,0,0
15661034,Germany,Female,29,106059.4,1,0,1
15811958,Germany,Male,44,112755.34,2,0,0
15785167,Spain,Male,29,0,2,0,0
15646720,Spain,Female,55,0,3,0,1
15658614,Germany,Female,38,145400.69,2,1,0
15704657,France,Male,39,72647.64,1,0,1
15567147,Spain,Male,40,0,2,1,0
15701319,Germany,Female,37,96340.81,2,1,1
15745266,Spain,Male,55,0,1,1,1
15650437,Germany,Male,32,124450.36,2,1,0
15764314,Germany,Male,36,113877.23,2,0,0
15612594,Spain,Male,25,0,2,1,0
15593501,France,Female,36,148667.81,2,0,0
15804150,France,Male,34,0,2,1,0
15649297,France,Female,62,111065.93,2,1,0
15641110,France,Male,41,0,1,0,0
15660608,France,Male,44,158697.61,1,0,0
15806570,France,Female,53,0,1,0,1
15715345,Spain,Male,25,0,2,0,0
15755521,France,Female,48,90044.32,2,1,1
15579074,Germany,Male,38,84651.79,1,1,0
15641158,Germany,Male,32,102128.27,1,0,1
15752507,Germany,Male,60,148846.39,1,0,1
15597983,France,Male,69,154953.94,1,1,0
15586069,France,Female,30,108883.29,1,0,0
15655082,France,Female,48,112070.86,3,0,1
15720155,Germany,Male,29,131354.39,1,1,1
15582116,Germany,Female,45,132746.2,2,0,1
15749365,France,Female,34,0,2,1,0
15632069,France,Male,39,125211.55,2,0,0
15663134,Spain,Male,58,0,2,1,1
15766683,Germany,Male,36,139422.37,1,0,1
15707219,France,Female,28,0,2,1,0
15709232,Germany,Female,47,157099.47,2,1,0
15801351,France,Male,40,0,2,0,0
15578747,Spain,Male,26,83600.24,1,1,0
15675626,France,Male,28,0,1,0,0
15583736,Germany,Male,36,81795.74,2,0,0
15590011,Spain,Male,38,129378.32,1,1,0
15609913,France,Female,46,0,1,0,0
15719479,Spain,Female,56,0,2,1,0
15575147,France,Male,22,99339,1,0,1
15597309,Spain,Male,36,0,2,0,0
15648367,Germany,Female,29,74430.1,2,1,0
15758031,Spain,Male,38,91241.85,1,1,0
15751771,Germany,Male,32,99092.45,1,1,0
15689288,France,Female,26,0,2,0,0
15731026,Germany,Female,39,100062.16,2,0,0
15775809,Germany,Female,26,98723.67,1,1,0
15743076,Spain,Male,29,0,1,1,0
15658258,France,Male,43,128760.32,1,0,0
15756321,Spain,Female,52,144772.69,1,0,1
15706799,Spain,Male,44,0,1,0,1
15775703,France,Male,26,71281.29,1,1,1
15642636,France,Male,29,117035.89,1,1,0
15704651,France,Male,26,0,2,0,0
15806771,France,Female,40,3768.69,2,0,1
15566735,Germany,Female,36,108913.84,2,1,0
15681671,Germany,Male,28,101100.22,2,1,0
15775949,France,Female,38,110615.47,1,1,0
15586752,Germany,Male,33,152143.89,1,1,0
15582519,France,Male,47,121797.09,1,1,1
15658233,France,Female,41,109798.25,1,1,0
15755330,Germany,Male,41,122403.24,1,1,1
15605072,France,Female,43,145860.98,1,1,1
15617538,Spain,Male,40,0,2,0,0
15591428,France,Male,29,0,2,0,0
15692142,Germany,Female,48,105086.74,1,1,1
15692931,France,Male,22,114991.45,1,1,0
15781127,Spain,Female,33,96769.04,1,1,0
15677136,France,Female,23,0,2,0,0
15677828,France,Female,34,0,2,0,0
15567897,Germany,Male,23,132725.1,1,1,0
15793641,France,Female,70,0,2,1,0
15678333,France,Female,26,0,2,0,0
15630511,France,Female,33,0,2,0,0
15792627,Spain,Female,33,84557.82,1,1,0
15717191,France,Male,49,93817.41,2,1,1
15625716,France,Female,33,113913.53,1,1,0
15710053,Germany,Female,44,140406.68,2,1,0
15580043,Spain,Female,22,105229.34,1,1,0
15601410,Spain,Female,46,0,3,1,1
15684669,France,Female,41,137891.35,1,0,1
15619083,France,Female,35,0,2,1,0
15692207,France,Female,53,0,2,1,0
15730705,France,Male,37,165252.52,1,0,0
15749688,France,Male,32,0,2,0,0
15728542,France,Female,71,0,2,1,0
15760063,Spain,Male,23,0,2,1,0
15658982,Germany,Female,28,122034.4,3,1,1
15758769,France,Female,44,0,1,0,0
15778481,France,Male,59,118962.58,1,1,0
15661162,Spain,Male,49,0,1,0,1
15568164,France,Female,34,71379.53,2,1,0
15601569,France,Female,40,171178.25,1,0,1
15772383,France,Male,36,131307.11,1,0,0
15667456,Spain,Male,62,0,2,1,0
15672983,Spain,Female,27,87099.85,2,0,0
15799534,France,Male,71,183135.39,2,1,0
15582847,France,Male,26,0,2,1,0
15612478,France,Male,51,0,3,0,1
15709621,France,Male,31,0,2,1,0
15802009,France,Female,33,0,2,1,0
15698816,Spain,Female,33,72535.45,1,1,0
15574830,Germany,Male,58,128137.42,2,0,1
15603082,France,Male,51,0,2,0,0
15685947,Germany,Male,42,115915.53,2,1,1
15643048,France,Male,66,0,2,1,0
15807568,France,Male,50,0,2,0,0
15597591,France,Male,29,107000.49,1,1,0
15747558,Spain,Female,38,0,2,0,0
15756655,France,Female,34,0,2,0,0
15589949,Spain,Male,34,152806.74,1,0,0
15601012,France,Female,60,92887.06,1,0,1
15724269,France,Male,25,0,2,1,0
15567506,Germany,Female,40,114940.67,2,1,1
15791877,Germany,Male,34,140641.26,2,1,0
15794360,Germany,Female,70,71816.74,2,0,1
15686538,France,Female,41,0,2,1,0
15585985,France,Male,48,165282.42,1,0,1
15699257,Spain,Male,42,143145.87,2,0,0
15804104,France,Male,28,114731.76,2,1,0
15727619,Germany,Female,46,113909.69,3,0,1
15740237,Germany,Male,36,116695.27,1,0,0
15801436,France,Male,42,0,1,0,1
15705735,Spain,Male,43,0,2,1,0
15649359,France,Male,36,0,2,1,0
15624892,Germany,Male,37,93978.96,2,0,0
15784918,Germany,Male,35,121968.11,2,1,0
15584785,France,Male,37,97324.91,1,0,0
15797197,Spain,Male,29,0,2,0,0
15574858,France,Male,37,0,2,1,0
15794101,France,Female,48,0,2,1,0
15743245,France,Male,42,145155.37,1,0,1
15791535,France,Male,28,137222.77,1,0,0
15605215,France,Male,48,0,2,1,0
15771749,Germany,Female,38,114268.22,2,1,0
15616833,Spain,Male,27,0,2,1,0
15750728,Spain,Female,42,0,1,0,0
15769353,France,Female,40,150490.32,1,0,1
15770091,Germany,Male,28,160858.13,2,0,0
15716420,Spain,Male,39,170288.38,1,1,0
15740602,Germany,Female,27,111568.01,1,1,0
15796071,Spain,Male,29,83889.03,1,0,0
15811389,Germany,Female,35,171982.95,2,1,0
15783875,France,Female,34,0,2,0,0
15671800,France,Male,20,137624.4,2,1,0
15677288,France,Male,50,121159.65,1,0,1
15633525,France,Male,29,0,2,1,0
15634606,Spain,Male,52,0,2,1,0
15579207,France,Male,37,91184.01,1,0,0
15619892,Spain,Male,18,0,2,0,0
15567778,Germany,Female,54,144027.8,1,1,1
15711750,France,Female,34,0,2,1,0
15751084,France,Female,29,140170.61,1,1,0
15768945,France,Male,27,62092.9,1,1,0
15586931,Spain,Male,39,0,1,1,0
15636353,Spain,Male,35,0,2,0,0
15623858,France,Male,45,0,1,0,0
15703354,France,Female,33,103516.87,1,0,0
15663987,Spain,Male,30,0,3,0,1
15780805,France,Female,35,0,2,0,1
15768566,France,Male,34,0,2,1,0
15643229,France,Female,31,0,2,1,0
15754940,Spain,Male,43,85162.26,1,1,1
15676576,France,Female,43,143061.88,1,0,0
15800068,Spain,Female,46,0,2,1,0
15648030,Spain,Female,33,137388.01,2,0,0
15668594,Germany,Female,25,137712.01,1,1,0
15728709,Germany,Male,40,106901.42,2,0,0
15724181,Spain,Male,47,105603.21,2,1,0
15647546,Germany,Female,40,150679.71,2,1,0
15702601,Germany,Male,30,108300.27,2,1,1
15567725,France,Female,46,52016.08,2,1,0
15674179,Germany,Male,34,60515.13,1,0,0
15686957,Germany,Male,35,158584.28,2,0,0
15607690,Germany,Male,47,118812.5,2,0,0
15806546,Spain,Male,46,0,1,0,0
15632850,France,Male,37,0,2,1,0
15709016,Germany,Female,47,91219.29,1,0,1
15638068,Spain,Male,32,0,2,0,0
15749345,France,Female,22,76318.64,1,1,0
15791321,Spain,Female,58,0,1,0,0
15699095,France,Female,24,0,1,1,1
15638329,Germany,Male,25,111432.13,1,1,0
15575445,Spain,Male,41,150148.51,1,0,0
15752622,France,Female,32,38550.06,1,1,0
15774507,France,Female,39,119013.86,1,0,0
15570857,Germany,Female,39,111213.64,2,1,0
15599386,Germany,Male,28,71097.23,1,1,0
15744913,Spain,Male,36,109632.85,1,1,0
15647292,France,Male,63,148368.02,1,0,1
15728838,France,Male,45,148600.91,1,0,1
15584704,France,Male,48,71083.98,1,0,0
15749068,France,Female,40,139625.34,1,0,1
15622985,France,Female,39,0,1,0,1
15587676,France,Male,30,0,1,1,0
15779496,France,Male,64,81564.1,2,1,0
15733460,Spain,Male,36,0,2,1,0
15711457,France,Female,28,124540.28,1,1,0
15795290,France,Female,42,133616.39,1,0,0
15611223,Germany,Female,38,101648.5,2,0,0
15794159,France,Female,26,124281.84,1,1,0
15780677,France,Female,59,0,2,1,0
15690175,Spain,Male,45,0,2,0,0
15722599,France,Female,37,183613.66,2,0,0
15569976,Germany,Male,65,136186.44,1,1,1
15707011,France,Male,47,137682.68,1,0,0
15702277,France,Male,34,106005.54,1,1,0
15801915,France,Female,31,152310.55,1,0,0
15580213,France,Female,43,0,2,0,0
15637947,Spain,Male,32,134446.04,1,1,0
15715888,France,Female,38,142289.28,1,1,0
15732967,France,Male,19,0,2,1,0
15737047,France,Female,45,0,1,0,1
15694039,Germany,Female,46,149003.76,2,0,0
15649457,Germany,Male,41,131341.46,2,1,0
15742809,Spain,Female,29,77919.78,1,0,0
15637829,France,Female,34,0,2,1,0
15633194,France,Female,41,108309,4,1,1
15611635,Spain,Female,39,0,1,1,0
15638774,Spain,Female,40,0,2,0,0
15722037,Germany,Male,36,115462.02,1,1,0
15672930,Spain,Male,37,0,2,0,0
15668774,Germany,Female,23,122739.1,1,0,1
15780966,France,Female,32,0,2,0,0
15659694,Germany,Female,53,113781.5,2,1,1
15624424,Spain,Female,49,0,2,1,0
15708713,France,Male,35,0,2,1,0
15755405,France,Male,43,128284.45,1,0,1
15647570,Germany,Male,45,120591.19,1,0,0
15684348,France,Male,63,0,2,1,0
15702541,France,Female,59,166968.28,1,0,1
15646942,Spain,Female,39,0,2,0,0
15748920,France,Female,49,0,2,1,0
15694581,Spain,Male,42,0,2,1,0
15643215,Germany,Male,38,71667.97,2,0,0
15649060,Germany,Female,31,82729.47,2,0,0
15774258,France,Male,40,0,2,1,0
15731553,France,Male,23,0,2,0,0
15617029,Spain,Female,30,0,2,0,0
15780716,Germany,Male,39,129626.19,2,1,0
15577018,Germany,Female,26,114035.39,1,0,0
15809515,Germany,Male,32,151922.94,1,0,0
15789924,France,Female,39,0,1,1,0
15725076,Spain,Female,27,107751.68,2,1,0
15672481,France,Male,37,0,2,0,0
15574115,Spain,Female,41,101179.23,2,1,0
15661830,Spain,Female,36,0,2,1,0
15665879,France,Female,40,0,2,1,0
15673820,France,Male,33,0,2,0,0
15747772,Germany,Male,36,58571.18,2,0,0
15666197,Germany,Female,38,153058.64,1,0,0
15773639,Germany,Male,35,98270.34,1,0,0
15581893,France,Male,43,130788.71,1,1,1
15672447,Germany,Male,40,99165.84,1,1,1
15777830,France,Female,42,0,2,0,0
15713890,France,Male,44,0,2,1,0
15577598,Spain,Male,23,115636.05,2,0,0
15786042,Germany,Female,44,185932.18,2,0,0
15753462,Germany,Male,30,72549,2,1,0
15759690,France,Male,42,0,2,1,0
15801414,France,Female,35,0,2,0,0
15656141,France,Male,39,0,1,1,0
15608701,Germany,Male,29,121890.06,1,0,1
15582892,France,Male,46,99786.07,1,1,1
15632967,France,Male,34,0,2,1,0
15587573,Germany,Male,27,115084.53,2,1,0
15654891,France,Male,30,0,2,1,0
15611365,France,Female,32,127661.69,1,0,0
15749103,Germany,Female,47,118907.6,1,1,1
15810203,Germany,Female,44,77627.33,2,0,0
15813660,Spain,Male,40,160625.17,1,1,0
15605673,Spain,Female,29,0,2,0,0
15669282,France,Female,20,124266.86,1,0,0
15792726,France,Female,25,127974.06,2,1,0
15593241,France,Male,43,0,2,1,0
15683053,Spain,Female,48,0,1,0,1
15632736,Germany,Female,30,104911.35,2,1,0
15731865,France,Male,27,0,2,0,0
15760450,France,Male,43,0,2,1,0
15787204,Spain,Female,43,110646.54,1,0,0
15650454,France,Male,57,0,2,1,0
15573730,Germany,Male,42,126704.49,2,0,0
15705050,France,Male,30,0,2,1,0
15791342,Spain,Male,31,84560.04,1,1,0
15684316,France,Male,43,0,2,0,1
15700540,Germany,Female,38,129893.56,1,0,0
15770631,Spain,Male,25,167385.81,1,1,0
15790594,France,Female,27,0,2,1,0
15604020,Germany,Female,36,105858.71,1,1,0
15637599,Germany,Female,44,123070.89,1,0,1
15736578,France,Male,39,0,1,1,0
15666332,Spain,Female,48,0,2,1,0
15727291,France,Female,40,0,2,0,0
15785920,Germany,Male,35,125141.24,2,1,0
15658987,France,Female,46,96173.17,2,1,0
15687719,Spain,Female,37,0,2,1,0
15799641,Spain,Male,39,0,2,0,0
15758702,France,Female,55,0,2,1,0
15689526,Germany,Female,35,127543.11,2,0,1
15586848,France,Male,38,0,2,0,0
15707637,France,Female,56,0,1,0,1
15719426,France,Male,67,103101.56,2,1,1
15639265,France,Male,54,126113.28,1,0,0
15576124,France,Male,41,40488.76,1,0,0
15757829,Germany,Female,40,137389.77,2,0,0
15633227,France,Female,28,85146.36,1,0,0
15753092,Germany,Male,35,129828.58,1,1,1
15782939,France,Male,42,80214.36,1,0,1
15746338,France,Female,40,0,2,1,0
15590676,France,Male,34,141796.43,1,0,0
15599329,France,Female,49,195238.29,4,1,1
15783097,Germany,Male,27,111348.15,1,0,0
15597885,France,Male,43,0,2,1,0
15597467,France,Female,71,0,2,1,0
15724764,Germany,Female,42,64404.26,2,0,0
15778418,Germany,Male,40,154309.67,1,1,1
15684769,France,Male,67,129431.36,1,1,0
15756167,Spain,Female,43,134204.67,1,1,0
15632439,France,Female,39,0,2,1,0
15755138,France,Female,32,0,2,1,0
15659092,France,Female,50,0,2,0,1
15742116,Germany,Female,48,116711.06,2,0,0
15801994,France,Male,31,0,2,0,0
15647572,Spain,Male,34,54980.81,1,1,0
15644551,Spain,Female,37,99773.85,2,0,0
15709135,Germany,Male,30,101231.77,2,0,0
15684469,Germany,Male,32,117070.21,1,0,0
15627637,Germany,Male,23,73314.04,2,0,0
15667093,France,Male,37,0,1,1,0
15690589,France,Male,37,212314.03,1,1,0
15595350,France,Female,31,136067.82,2,0,0
15777586,Spain,Female,42,109052.04,2,0,0
15804064,France,Female,35,79126.17,1,1,0
15717770,Spain,Female,55,0,1,0,1
15754443,France,Female,35,108308,1,0,1
15776939,Germany,Female,48,102290.56,2,0,0
15713517,France,Male,39,102025.08,2,0,0
15683522,Germany,Female,37,113383.07,1,1,0
15673995,Spain,Female,65,102541.1,1,0,0
15771054,Spain,Male,35,0,2,0,0
15578788,Spain,Male,40,0,2,0,0
15737408,France,Female,41,109941.51,1,0,0
15750837,Germany,Male,41,141749.68,1,1,0
15576022,France,Male,38,0,2,1,0
15635502,France,Male,44,0,1,0,0
15627298,France,Male,37,85146.48,2,0,1
15811415,France,Female,44,134066.1,2,1,0
15645059,France,Female,28,0,2,0,0
15689671,Spain,Male,27,0,1,1,0
15718667,France,Male,35,87619.29,1,0,0
15803202,France,Male,51,0,1,1,1
15593683,Spain,Female,30,0,2,0,0
15703394,Spain,Male,27,0,2,0,0
15570289,Germany,Male,43,103409.16,1,0,1
15567437,Germany,Female,30,123040.38,1,1,0
15711687,France,Male,41,108128.52,1,1,0
15656592,Germany,Male,48,169023.33,2,1,0
15634373,France,Male,30,0,2,1,0
15769125,Spain,Female,41,0,2,1,0
15711386,France,Female,29,0,2,1,0
15714241,Spain,Male,42,222267.63,1,0,1
15642530,Germany,Female,47,144090.42,1,0,1
15713599,France,Male,30,114835.43,1,1,0
15744770,France,Male,44,0,2,0,0
15780498,France,Male,34,145030.92,1,1,0
15624397,France,Male,43,71240.3,1,1,0
15615219,France,Male,59,138772.15,1,1,0
15570908,Spain,Female,29,93617.07,1,1,0
15762855,Spain,Female,23,0,2,1,0
15661827,Spain,Female,45,0,2,1,0
15746035,Spain,Male,25,74237.2,2,1,0
15691906,Germany,Female,49,127421.78,2,0,1
15793424,Spain,Female,28,61274.7,2,0,0
15577905,France,Male,34,106486.66,2,1,0
15667216,France,Female,29,73194.52,2,1,0
15673971,Germany,Female,44,146498.76,1,0,1
15701238,France,Male,47,0,2,0,0
15644849,France,Female,32,0,1,1,0
15635531,Spain,Female,30,0,2,0,0
15632263,Spain,Male,30,120355,1,0,0
15720110,France,Male,32,117265.21,1,1,0
15619045,France,Female,43,0,2,1,0
15697510,Spain,Female,52,0,1,0,1
15784923,Germany,Female,37,109974.22,1,1,1
15567383,Germany,Female,44,98009.13,2,1,0
15732621,France,Male,34,0,1,1,0
15757981,France,Male,66,0,1,1,0
15727819,Spain,Female,34,171671.9,1,1,0
15738088,Spain,Male,63,0,2,0,1
15765173,France,Female,60,0,1,0,1
15665159,France,Male,61,128213.96,2,1,1
15618203,Germany,Male,51,116197.65,2,1,0
15791452,France,Male,39,0,2,0,0
15638159,Spain,Female,36,86607.39,1,0,0
15585466,France,Male,29,0,2,0,0
15677310,Germany,Male,62,98854.34,1,0,1
15646262,France,Male,31,0,1,0,0
15656901,France,Male,59,0,2,1,0
15621093,Germany,Male,31,97338.19,2,0,0
15592123,France,Male,30,0,2,1,0
15589200,Spain,Male,34,0,2,0,0
15602934,France,Female,33,131698.57,2,0,0
15812720,Germany,Male,37,130110.45,2,1,0
15695383,Spain,Male,44,0,2,0,0
15723064,Spain,Male,24,165149.13,2,0,0
15761606,Spain,Female,37,101707.8,1,0,0
15650322,France,Female,34,105588.66,1,1,0
15669782,Germany,Male,39,111336.89,1,0,1
15751628,France,Male,60,78391.17,1,1,0
15809057,Spain,Female,27,0,2,1,0
15617052,France,Male,34,0,1,0,1
15590810,Germany,Female,41,144326.09,1,0,1
15801293,Germany,Male,27,101278.25,2,1,0
15770968,Germany,Female,19,108711.57,2,0,0
15572356,Spain,Male,73,108555.07,1,1,0
15603247,Germany,Female,35,146781.24,1,0,0
15619116,France,Female,36,0,2,1,0
15691792,Spain,Male,35,0,1,0,0
15783276,France,Female,25,0,2,1,0
15766137,France,Male,34,0,2,1,0
15574554,Germany,Male,66,103291.25,2,1,0
15578671,Spain,Female,29,209490.21,1,1,1
15716608,Spain,Male,38,0,3,0,1
15690670,France,Male,33,0,2,1,0
15630466,France,Male,45,0,1,0,0
15630349,Spain,Male,23,0,2,0,0
15803801,France,Male,34,0,2,0,0
15647890,France,Male,37,149405.18,1,1,0
15606115,France,Female,52,191665.21,1,1,1
15714642,Spain,Female,40,0,1,0,0
15741181,France,Male,41,135071.12,1,1,0
15773973,France,Male,41,0,2,1,0
15758546,Spain,Male,39,0,2,1,0
15598940,Germany,Male,38,181804.34,2,1,0
15669783,France,Female,60,47020.65,2,1,1
15624993,France,Female,36,128518.98,1,1,1
15760568,Germany,Female,38,142658.04,2,1,0
15699047,France,Female,21,120150.39,2,1,0
15616168,France,Female,35,81905.95,1,1,0
15773146,France,Male,26,137998.2,2,1,0
15770375,Germany,Female,26,123126.29,1,0,0
15589725,France,Female,51,0,2,1,0
15710034,Germany,Male,43,135645.29,2,1,1
15800806,Spain,Male,31,122449.31,2,1,0
15570485,Spain,Male,40,161766.87,1,0,0
15575391,France,Female,37,0,2,1,0
15790750,Germany,Male,36,123187.51,1,1,0
15714832,Germany,Male,36,150956.71,1,0,0
15619953,Spain,Female,42,105021.28,1,0,0
15673929,France,Male,64,0,2,1,0
15578835,Spain,Female,50,133204.91,1,1,0
15752388,Spain,Female,35,0,2,1,0
15797081,Germany,Female,49,115488.52,2,1,1
15570194,France,Male,29,0,2,0,0
15580149,Spain,Male,41,0,2,0,0
15777708,Spain,Female,38,0,2,0,0
15769955,France,Female,40,0,2,0,0
15810444,Germany,Female,39,130565.02,1,0,1
15645593,France,Female,41,91328.71,1,0,0
15765345,France,Male,35,0,2,1,0
15760873,France,Male,50,81310.34,1,1,0
15794178,France,Male,34,107136.6,1,0,0
15589361,Spain,Male,34,0,1,1,0
15662483,France,Male,43,0,2,1,0
15809736,France,Male,46,0,1,1,1
15731148,France,Male,33,108477.49,1,1,1
15774328,Germany,Male,40,144757.97,2,1,0
15646969,Spain,Male,33,0,2,1,0
15718769,Spain,Male,36,113110.26,1,0,0
15610226,France,Female,27,106414.57,2,0,0
15616270,Spain,Male,42,106920.91,1,1,0
15790717,Spain,Male,35,0,2,0,0
15635703,Germany,Female,39,131513.26,1,1,0
15616365,France,Female,53,0,2,0,0
15630244,France,Male,40,134320.23,2,0,0
15734714,France,Female,29,79715.36,1,0,0
15721433,France,Female,38,74306.19,2,0,0
15590201,Spain,Female,50,0,4,1,1
15590828,Germany,Male,42,126428.38,1,0,0
15752097,Spain,Male,38,99640.89,1,0,0
15800031,France,Male,43,66338.68,1,1,1
15630857,Spain,Female,39,0,2,1,0
15689953,Spain,Male,43,128226.37,1,0,0
15759733,France,Female,26,0,2,1,0
15810826,France,Male,36,0,2,0,0
15668009,Spain,Male,37,0,2,1,0
15743456,France,Female,32,0,2,0,0
15725762,France,Male,24,122168.65,1,0,0
15761713,France,Female,43,178074.33,1,0,0
15769246,Germany,Male,59,135078.41,1,0,1
15781129,Spain,Male,38,69434.4,2,1,1
15599124,France,Female,29,0,2,0,0
15639004,France,Male,72,0,2,1,0
15810995,Germany,Male,34,122726.56,1,1,0
15653773,France,Female,38,164496.99,1,1,0
15708357,Spain,Female,38,0,1,0,0
15733597,France,Female,41,150219.41,2,0,0
15789560,France,Male,42,187534.79,1,1,1
15699524,France,Female,30,0,1,0,0
15626475,France,Male,30,0,2,1,0
15810839,France,Male,34,103108.17,1,0,0
15684318,Germany,Female,50,96486.57,2,1,0
15768120,Germany,Male,36,90560.48,2,0,0
15712807,Spain,Male,46,131764.96,1,1,1
15696371,Spain,Female,24,92476.88,1,0,0
15675794,Germany,Male,47,152076.93,1,0,1
15774277,France,Male,43,0,2,1,0
15603764,France,Male,49,0,1,1,1
15618647,France,Male,29,43504.42,1,1,0
15614643,Spain,Female,39,0,2,0,0
15707696,Spain,Female,28,0,2,1,0
15749583,Germany,Female,38,93569.86,3,0,1
15815125,Spain,Male,45,102486.21,2,1,0
15779620,France,Male,36,0,1,1,0
15768233,Germany,Male,37,114346.3,1,1,1
15637788,France,Male,23,110203.77,1,0,0
15777046,France,Female,39,128362.59,1,0,0
15788723,Germany,Female,49,143888.22,2,1,1
15790489,Spain,Male,34,170600.78,1,1,0
15739476,France,Female,32,0,1,1,0
15612670,Spain,Female,46,0,2,1,0
15631222,France,Female,39,75339.64,1,1,0
15658972,France,Female,40,122038.34,1,0,0
15724691,France,Male,34,0,2,1,0
15740442,France,Male,51,186825.57,1,0,1
15760427,France,Male,40,124788.18,1,0,0
15677939,France,Female,41,0,2,1,0
15611599,France,Female,71,0,2,1,0
15633474,France,Male,51,138553.57,1,1,0
15671973,Spain,Male,39,0,2,1,0
15790019,France,Male,35,105387.89,1,1,0
15737735,Spain,Male,40,95053.1,1,1,1
15661745,France,Male,36,0,1,1,0
15797065,Spain,Female,32,0,2,1,0
15710671,France,Male,34,137361.96,1,0,0
15656522,Spain,Male,32,158537.42,1,0,0
15705085,Spain,Female,29,0,2,0,0
15744873,Germany,Female,48,143595.87,1,0,1
15781914,Germany,Male,32,169947.41,2,1,0
15637354,France,Female,24,148167.83,2,1,0
15717307,France,Male,31,0,2,0,0
15746695,France,Female,39,48023.83,1,0,0
15804962,France,Male,36,155655.46,1,1,1
15665378,France,Female,46,0,2,0,0
15757865,France,Male,62,0,2,1,0
15578787,France,Female,52,0,1,0,1
15794323,France,Male,32,121240.76,1,0,0
15697546,France,Female,36,0,2,0,0
15629519,France,Female,37,0,2,1,0
15624703,Germany,Male,35,129847.75,2,0,0
15570002,Germany,Female,55,118772.71,4,0,1
15808566,France,Male,46,0,2,1,0
15805463,Germany,Male,32,105163.88,2,1,0
15709136,France,Male,28,0,2,1,0
15801605,France,Female,39,0,2,1,0
15567855,France,Female,29,0,2,0,0
15675141,France,Female,35,93934.63,1,0,0
15665759,France,Female,69,117866.92,1,1,0
15761487,France,Female,55,0,1,1,1
15700394,Spain,Female,26,122857.46,2,0,1
15631162,France,Male,32,0,2,1,0
15630641,France,Female,37,127103.97,1,1,0
15585066,France,Female,43,0,1,1,1
15722991,France,Male,54,96402.96,1,0,1
15737404,France,Male,31,132512.26,1,1,0
15722409,Spain,Male,47,107604.66,1,1,0
15806420,France,Male,34,0,2,0,0
15658148,France,Male,38,0,2,0,0
15810660,Germany,Male,34,120875.23,2,1,0
15709780,France,Female,37,71786.9,2,1,0
15727350,France,Female,37,113143.12,1,0,0
15752312,Spain,Male,49,150777.72,2,1,0
15616745,Spain,Male,35,174894.53,1,1,0
15572294,France,Male,28,0,1,0,0
15674110,France,Female,43,160416.56,1,1,0
15662501,France,Male,48,91246.53,1,0,1
15649239,Spain,Male,46,0,2,0,0
15700424,France,Female,35,0,1,1,0
15636388,Germany,Female,23,98775.23,1,0,0
15713975,Germany,Female,47,139756.12,1,0,1
15592925,Spain,Male,42,177626.77,3,1,1
15581626,France,Male,54,0,1,1,1
15641319,Spain,Male,50,0,1,0,1
15723481,Spain,Male,42,0,2,1,0
15787825,Germany,Male,37,152496.82,1,1,0
15710726,France,Male,52,0,2,1,0
15627195,Germany,Male,26,112930.28,2,0,0
15657957,Germany,Female,26,113674.2,1,0,1
15676117,France,Male,44,0,1,0,0
15607874,France,Male,38,144450.58,1,1,0
15796993,France,Male,52,171236.3,2,0,1
15649858,Spain,Male,37,96776.49,1,1,0
15811032,Germany,Female,58,145984.92,1,1,0
15679963,Germany,Male,43,96353.8,1,0,0
15579131,France,Male,25,0,2,1,0
15572428,Germany,Female,33,115777.23,1,1,0
15622461,France,Female,51,122822,2,0,0
15636105,Spain,Male,61,0,2,1,0
15583849,France,Male,40,0,2,0,0
15718780,Spain,Female,32,79450.09,1,1,0
15739271,Germany,Male,33,122394,1,1,0
15697129,Spain,Female,43,0,2,0,0
15763415,Germany,Male,41,134378.89,1,1,0
15796617,France,Male,29,0,2,0,0
15626628,Spain,Female,31,88161.85,2,0,0
15765857,Spain,Male,41,142412.13,1,0,0
15742511,France,Male,35,121030.9,1,0,0
15786433,Germany,Female,35,165982.43,2,1,0
15685805,Spain,Female,35,0,2,0,0
15627971,France,Female,32,206663.75,1,0,0
15783025,Germany,Male,37,94661.53,2,0,0
15726289,France,Male,25,174400.36,1,0,0
15802118,Spain,Male,41,123428.69,1,1,0
15607990,Spain,Male,43,175735.5,1,1,0
15695932,Spain,Male,36,78381.13,1,1,0
15812279,France,Male,37,115345.86,2,0,0
15687558,Germany,Female,31,118613.34,1,0,0
15729065,Germany,Male,28,109960.06,2,1,0
15698902,Germany,Female,42,142703.4,1,0,1
15570192,Germany,Female,40,121729.42,1,0,0
15809265,France,Female,35,0,1,1,0
15745201,France,Female,43,139496.35,2,1,0
15580623,Spain,Male,28,0,2,0,0
15578156,Spain,Male,32,138521.83,1,1,0
15631063,France,Female,33,0,2,0,0
15692577,Germany,Female,38,83727.68,1,0,0
15810910,Spain,Female,38,0,2,1,0
15723217,France,Male,37,0,1,0,0
15733111,Spain,Male,32,124179.3,1,1,0
15610727,France,Male,36,128829.25,1,0,0
15792720,France,Male,33,171490.78,1,0,0
15723153,Spain,Male,33,0,2,0,0
15802823,Spain,Female,38,0,2,1,0
15756118,Spain,Male,20,0,1,0,0
15684934,France,Male,31,0,2,1,0
15776936,France,Male,40,160818.08,1,1,1
15729087,Germany,Male,54,156367.6,2,1,0
15786463,Germany,Female,59,121669.93,2,0,1
15717498,France,Male,42,133970.22,2,1,0
15718406,France,Male,41,0,2,0,0
15799468,France,Female,34,96127.27,1,0,0
15626383,Spain,Male,60,121907.97,1,1,0
15597385,Spain,Male,41,0,2,1,0
15570271,Spain,Male,31,0,1,1,0
15690330,Germany,Female,40,77701.64,1,1,0
15680611,France,Male,67,0,3,1,0
15810227,France,Male,34,0,2,1,0
15807194,Spain,Male,34,113922.44,2,0,0
15712199,Germany,Female,61,183997.7,2,1,0
15694995,France,Male,23,0,2,1,0
15723400,France,Male,28,0,2,1,0
15654772,France,Female,47,89799.46,2,1,1
15574743,Spain,Male,29,0,1,1,0
15807593,Spain,Female,36,85660.96,1,0,0
15686718,Germany,Male,37,115569.21,1,1,0
15695299,France,Female,45,81828.22,1,0,0
15722701,Germany,Male,18,132694.73,1,0,0
15799635,Spain,Male,51,108867,1,0,1
15742323,France,Male,39,0,2,0,0
15658435,France,Female,27,0,2,0,0
15586029,Germany,Male,34,96152.68,2,0,0
15772337,Germany,Female,49,153855.52,1,1,1
15807555,France,Male,45,0,2,0,0
15603378,France,Female,36,141334.95,1,1,0
15792862,Germany,Male,41,104584.11,1,0,1
15657349,Germany,Female,50,98173.02,1,0,1
15777614,Spain,Female,44,0,2,1,0
15653952,Germany,Female,38,135157.05,1,1,0
15724336,Germany,Female,49,171601.27,1,0,0
15689594,France,Male,29,179539.2,1,0,0
15801920,Germany,Male,39,80615.46,2,0,0
15653347,Spain,Male,47,0,1,0,1
15749951,Germany,Male,27,126285.73,1,0,1
15648178,Germany,Female,23,137964.51,1,1,0
15738662,Germany,Male,41,159434.03,1,0,0
15640855,Germany,Male,40,113574.61,2,0,0
15584288,France,Female,33,0,2,1,0
15760988,Germany,Male,33,124573.33,2,0,0
15569624,Germany,Female,31,105864.6,2,0,0
15597949,Germany,Female,47,104552.61,1,0,1
15604551,France,Female,35,0,2,0,0
15617476,France,Female,30,0,2,1,0
15645323,France,Male,55,0,1,1,1
15793311,Germany,Female,46,119492.88,2,1,1
15764153,France,Female,33,130499.09,2,1,0
15802560,Spain,Female,48,140576.11,1,1,0
15728608,Germany,Female,34,91025.58,2,1,0
15770474,France,Female,33,0,3,1,1
15724444,France,Female,38,125877.65,2,1,0
15753110,Spain,Male,64,45752.78,2,0,1
15711521,France,Male,39,121778.71,1,1,0
15632816,Germany,Female,49,127948.57,1,1,0
15693637,France,Female,30,0,2,1,0
15725509,Germany,Male,30,115286.68,2,1,0
15684645,Germany,Male,41,62078.21,2,0,0
15692235,France,Female,38,0,2,0,0
15777459,Spain,Female,32,175406.13,2,1,1
15656937,Spain,Male,26,131643.25,1,0,0
15610643,Germany,Male,44,151739.65,1,0,0
15777315,France,Male,43,93616.35,2,0,0
15611058,Germany,Female,60,138597.54,2,1,1
15630413,France,Female,41,0,2,1,0
15635942,France,Male,40,0,2,0,1
15648858,France,Female,27,85225.21,1,1,0
15810732,France,Female,36,148749.29,2,0,0
15705448,Germany,Male,52,130013.12,1,1,1
15730488,Spain,Female,27,0,1,1,0
15620443,France,Female,81,0,2,1,0
15741078,France,Male,54,111729.47,2,1,0
15753161,France,Female,36,180169.44,2,0,0
15711396,Spain,Male,40,0,2,1,0
15593499,Spain,Female,47,0,1,0,1
15579189,France,Female,42,0,2,1,0
15743545,Spain,Female,29,0,2,0,0
15791316,France,Male,35,0,2,1,0
15608246,Germany,Female,36,103914.17,1,1,1
15676526,France,Female,34,88772.87,1,1,0
15813911,France,Female,39,0,1,0,0
15630195,France,Female,40,131184.67,1,1,0
15736250,France,Male,38,117810.79,1,1,1
15671334,France,Male,31,0,1,0,0
15574169,Germany,Female,32,92466.21,1,0,0
15718839,Germany,Female,38,102741.15,2,1,0
15762331,France,Male,37,178755.84,1,0,0
15606901,France,Male,43,0,2,0,0
15713559,Germany,Female,32,146602.25,2,1,0
15768881,France,Male,29,0,2,1,0
15743075,France,Male,35,0,2,1,0
15660980,Spain,Male,38,115702.67,2,1,0
15810942,Germany,Female,61,137655.31,1,1,0
15728362,France,Female,29,0,2,0,0
15683339,Spain,Female,34,59877.33,1,0,1
15685476,France,Male,31,100082.14,1,1,0
15663650,Germany,Male,52,107304.39,3,0,1
15617434,Spain,Male,38,0,1,1,0
15622470,Spain,Male,41,96032.22,1,1,0
15703682,Spain,Male,33,0,1,0,0
15727391,Germany,Male,29,144553.5,2,0,0
15711062,Germany,Male,40,86172.81,2,1,0
15567339,France,Male,73,0,1,1,0
15760662,Germany,Female,29,87212.8,1,1,0
15605737,France,Male,36,0,2,0,0
15692977,Germany,Female,36,130700.92,2,0,0
15672082,France,Male,62,0,2,0,0
15600280,France,Female,32,0,2,0,0
15804052,Spain,Male,23,0,2,1,0
15576065,Spain,Female,40,171325.98,1,1,1
15796838,Spain,Male,58,92930.92,1,1,0
15693526,France,Female,40,0,1,0,0
15748595,France,Female,29,77556.79,2,1,0
15679029,France,Male,33,102874.28,1,0,0
15753639,France,Male,37,146093.39,2,0,0
15604138,Spain,Male,34,0,1,0,1
15666095,Spain,Male,51,79811.72,2,1,1
15643487,Spain,Male,39,105473.74,1,0,1
15764033,Germany,Female,43,121927.92,1,0,1
15747288,Spain,Female,40,61671.19,1,1,1
15790599,Germany,Female,39,149363.12,2,1,0
15737705,France,Female,27,152309.37,1,0,0
15737194,France,Female,33,0,2,0,0
15726776,Spain,Male,36,111629.29,1,1,0
15804357,France,Male,40,0,1,1,0
15664432,Spain,Female,49,96296.78,1,0,1
15688984,France,Male,20,95830.43,1,0,0
15583026,France,Female,38,135919.33,1,0,0
15771668,France,Male,59,185966.64,1,0,1
15779904,France,Female,29,0,2,1,0
15784323,France,Female,21,0,2,0,0
15756277,Germany,Female,43,92244.83,2,0,0
15663312,France,Female,35,112727.06,2,0,0
15793197,France,Female,34,100359.54,1,0,0
15731463,Germany,Male,43,105301.5,1,1,0
15621768,Spain,Male,45,112994.65,1,0,0
15691323,Germany,Male,40,89025.88,2,0,0
15781326,France,Male,35,95478.17,1,0,0
15595640,France,Male,37,0,2,0,0
15814331,Germany,Female,43,119127.46,2,0,0
15602030,France,Male,28,128206.79,1,1,0
15747974,France,Male,49,0,2,0,0
15611315,Germany,Female,23,71433.08,1,0,0
15636977,Germany,Male,36,118214.32,3,0,1
15690337,France,Female,27,102258.11,2,0,0
15680666,Spain,Female,39,151963.26,2,0,0
15679551,Spain,Female,46,163764.84,1,1,1
15778915,France,Female,32,128551.36,2,1,0
15568849,Spain,Female,31,118158.74,1,1,0
15747762,France,Male,32,118520.41,1,0,0
15753679,France,Male,24,0,2,1,0
15750049,France,Male,40,163823.37,1,0,0
15606097,Germany,Male,63,104469.58,1,1,1
15802368,France,Female,47,0,1,1,0
15767488,Spain,Male,36,0,2,0,0
15669946,Germany,Female,46,141726.88,1,1,0
15612103,Germany,Female,35,137852.96,1,1,1
15645353,France,Male,26,0,1,0,0
15650018,France,Female,43,154100.3,1,0,0
15659002,France,Female,45,0,2,0,0
15616028,France,Male,30,0,3,1,0
15660475,France,Female,54,0,1,1,0
15652615,France,Male,39,140004.96,1,1,0
15653572,Spain,Male,43,127132.96,1,1,1
15628059,France,Male,61,0,2,1,0
15703413,France,Female,38,125328.56,1,0,0
15610433,France,Male,35,0,2,0,0
15770548,Germany,Female,28,139986.65,1,0,0
15645637,Germany,Female,39,119787.76,1,1,0
15590888,Spain,Female,34,107556.06,2,0,0
15568326,France,Female,44,0,2,0,0
15655368,France,Male,47,0,1,0,0
15665579,France,Female,28,142705.95,1,0,0
15676091,France,Male,42,0,1,1,0
15716984,Spain,Female,56,0,2,0,0
15715078,France,Male,35,161613.94,2,1,0
15569452,Germany,Female,58,116353.2,2,1,0
15628863,France,Male,38,60013.81,1,1,0
15778192,Spain,Male,28,0,2,1,0
15793723,Germany,Male,32,144272.07,2,0,0
15798943,France,Female,46,0,2,0,0
15764708,France,Male,30,117696.67,1,0,0
15791040,Spain,Male,58,79954.61,2,1,0
15631512,France,Female,26,149989.39,1,0,0
15640106,France,Male,40,124339.9,1,0,0
15710315,Germany,Male,29,135759.4,1,0,1
15771535,Spain,Female,37,0,2,0,0
15611947,France,Male,34,83074,1,0,0
15670266,France,Female,28,141792.61,1,1,0
15609083,France,Female,26,0,1,0,1
15567923,France,Female,30,0,1,0,0
15788183,Germany,Female,43,106870.12,2,0,0
15735782,France,Male,31,120962.59,1,0,0
15774401,Spain,Male,51,0,2,0,1
15737971,France,Female,30,0,2,0,0
15758750,France,Male,31,110527.17,1,1,0
15611767,Germany,Female,52,133723.43,1,0,1
15643770,France,Female,52,112670.48,1,0,1
15744717,France,Female,44,0,2,1,0
15570681,France,Male,24,116084.32,1,0,0
15792650,Spain,Male,36,0,1,1,1
15605531,Spain,Female,38,0,2,0,0
15605339,France,Female,37,0,2,1,0
15672216,France,Female,40,82441.75,1,0,0
15812893,France,Female,39,0,2,1,1
15624180,Germany,Female,37,134171.8,4,1,1
15701364,France,Male,30,0,2,1,0
15762588,France,Male,31,0,2,1,0
15806318,Germany,Female,48,124442.38,1,0,1
15712596,France,Male,31,0,1,0,0
15600399,France,Male,60,0,1,0,1
15576216,Germany,Female,37,108862.76,1,0,1
15620750,France,Male,28,141099.43,1,1,0
15623489,France,Female,67,128843.67,1,1,0
15667944,France,Male,39,86843.61,1,1,0
15584928,Germany,Female,32,120074.97,2,1,0
15779913,France,Male,27,130231.8,2,1,0
15644977,France,Female,31,0,2,0,0
15749679,France,Male,39,109724.38,1,1,0
15629010,Germany,Female,35,111743.43,1,1,0
15768465,Germany,Male,35,121309.17,2,1,0
15767781,France,Male,38,82697.28,1,0,0
15635364,France,Female,49,44301.43,3,1,1
15722004,France,Female,31,138317.94,1,0,0
15766044,Germany,Male,49,120688.61,1,0,1
15586680,France,Male,27,176913.52,1,0,0
15635388,Spain,Male,47,89047.14,1,0,0
15655175,Germany,Male,40,114318.78,2,0,1
15639133,France,Female,50,0,2,0,0
15799653,Germany,Female,32,94753.55,2,1,0
15723872,Spain,Female,46,0,2,1,0
15775627,France,Male,35,0,2,1,0
15630704,Germany,Male,32,106520.73,2,0,0
15815534,Spain,Male,37,134006.39,1,1,0
15697249,Germany,Female,25,132837.7,1,0,0
15681316,France,Female,41,120549.29,2,0,0
15682523,France,Male,20,139432.55,1,1,0
15650244,Spain,Male,29,80895.44,2,0,0
15648638,Spain,Male,34,0,2,0,0
15795747,Spain,Female,39,171646.76,1,1,0
15607330,Spain,Male,42,109121.71,1,1,0
15624013,France,Female,39,109844.81,1,0,0
15800805,France,Female,31,140931.82,1,1,0
15667321,Spain,Male,49,0,2,1,0
15601116,France,Male,32,0,2,1,0
15622033,Germany,Female,41,101543.51,4,0,1
15758451,Germany,Male,37,102708.77,1,0,0
15688689,Germany,Female,37,149000.91,2,1,0
15652674,France,Male,20,83459.86,1,1,0
15806327,France,Female,40,75893.11,2,0,0
15649618,Germany,Female,39,167395.6,2,1,0
15677117,France,Female,61,0,2,1,0
15751445,Germany,Female,52,71283.09,2,1,0
15749669,France,Female,31,0,2,1,0
15656351,Spain,Male,60,0,2,1,0
15667438,France,Female,38,104016.88,1,0,1
15682273,France,Female,38,127616.56,1,0,0
15580912,France,Male,32,154737.88,2,1,0
15785183,Spain,Male,29,0,2,1,0
15705383,France,Male,35,125476.31,1,1,0
15712903,France,Female,21,176511.08,1,1,0
15774285,Spain,Female,47,110783.28,1,1,0
15583138,France,Male,42,141642.92,2,0,0
15740160,France,Male,31,0,2,1,0
15793425,Spain,Female,33,0,1,1,0
15749265,Germany,Male,42,75681.52,1,1,0
15623989,France,Male,54,0,1,0,1
15604832,France,Male,29,0,1,1,0
15584580,France,Male,35,161111.45,1,0,0
15573854,France,Male,62,0,2,1,0
15614847,France,Female,45,72494.69,1,1,0
15679966,France,Female,31,133964.3,1,1,0
15799435,Spain,Male,34,0,1,0,0
15752186,France,Female,27,0,2,0,0
15705544,France,Male,61,157201.48,1,1,0
15713632,Spain,Female,48,95679.29,1,0,0
15586523,Germany,Female,29,106230.92,1,1,1
15609176,France,Female,32,0,2,1,0
15769308,Germany,Female,36,81231.85,2,0,0
15676810,France,Female,31,81480.27,2,1,0
15634591,France,Male,33,73059.38,1,1,0
15679804,France,Male,36,117559.05,2,1,0
15677764,Germany,Female,74,186445.31,2,1,0
15571917,Germany,Female,38,137657.71,2,0,0
15574608,France,Male,36,133889.35,1,1,0
15740868,Germany,Female,45,134562.8,1,1,0
15702442,Germany,Female,56,100781.75,2,1,0
15699797,France,Male,30,174356.13,1,0,0
15648047,Germany,Male,27,190125.43,2,0,0
15766826,France,Male,26,146266,1,0,1
15591628,Germany,Male,41,164046.1,1,0,0
15583857,Spain,Female,43,123536.52,2,0,0
15752534,France,Male,36,0,2,1,0
15741403,Spain,Female,38,171848.38,1,0,0
15783589,France,Male,40,0,2,0,0
15598046,France,Female,39,139562.05,2,0,0
15643330,France,Male,37,0,2,1,0
15680405,France,Male,40,168001.34,2,1,0
15728683,France,Male,27,0,2,1,0
15621644,Germany,Male,83,123356.63,1,1,0
15733032,Spain,Male,47,0,2,1,0
15608381,Germany,Male,50,125845.66,1,0,1
15658946,Germany,Male,40,45408.85,2,0,0
15757912,Germany,Female,37,125977.81,1,0,0
15645371,Germany,Female,51,147262.11,1,1,1
15653110,France,Male,42,133767.19,1,0,0
15766355,Germany,Male,49,108806.96,3,0,1
15585249,France,Male,42,106036.52,1,0,1
15611786,Spain,Female,69,0,1,1,0
15575486,France,Female,27,0,2,1,0
15780215,France,Male,31,0,2,1,0
15686099,Spain,Male,61,82182.1,1,0,1
15739042,France,Female,35,0,2,0,0
15815316,France,Male,50,76817,4,0,1
15778489,Germany,Male,71,142550.25,2,1,0
15786389,Spain,Female,41,0,2,1,0
15601787,Germany,Male,35,103711.56,1,1,1
15624715,Spain,Female,40,0,1,1,0
15763093,Germany,Female,35,128369.75,2,0,0
15572073,Spain,Male,35,0,2,1,0
15780256,France,Male,34,0,2,1,0
15659305,Germany,Male,19,166133.28,1,1,0
15638882,Germany,Female,62,148214.36,1,0,1
15714680,France,Female,78,121206.96,1,1,0
15777217,Spain,Male,25,0,2,1,0
15739123,Germany,Male,50,127552.85,2,0,0
15594450,France,Male,49,159458.53,1,0,0
15797751,Germany,Female,47,102085.72,1,1,1
15691543,Germany,Male,58,142537.18,1,1,0
15722845,Spain,Male,29,182781.74,2,1,0
15605804,France,Male,45,0,2,0,0
15702061,France,Male,29,0,2,1,0
15694321,France,Female,28,0,2,0,0
15798749,Germany,Female,43,152063.59,2,0,0
15720050,France,Female,28,110997.76,1,0,0
15758048,France,Male,50,148942,1,1,0
15805681,France,Male,41,0,1,1,0
15802809,Spain,Female,36,84438.57,1,1,0
15807239,France,Female,34,93920.47,1,0,0
15749093,France,Male,43,158713.08,2,0,0
15689344,Spain,Male,42,0,3,1,0
15606076,Germany,Male,63,123204.88,1,1,0
15610090,France,Male,40,72945.29,2,0,0
15693926,Spain,Male,37,178742.71,1,1,0
15791501,France,Male,43,0,2,1,0
15621870,Spain,Female,40,0,1,0,0
15734711,France,Male,42,0,1,0,1
15814405,France,Female,46,0,1,1,1
15729359,France,Female,29,0,2,1,0
15606944,Germany,Male,43,140121.17,1,0,1
15671934,Germany,Male,39,132906.88,1,1,0
15641773,Germany,Male,45,179334.83,2,1,0
15701972,France,Male,35,137179.39,1,1,0
15749114,Spain,Male,35,0,2,1,0
15780362,France,Female,49,119960.29,2,0,0
15753229,France,Male,29,127414.55,1,1,0
15656009,France,Female,36,0,1,0,0
15785024,France,Female,40,137409.19,1,0,1
15670492,France,Male,28,0,2,0,0
15795458,Spain,Female,39,0,1,1,0
15732438,France,Male,43,0,4,0,1
15781987,France,Male,31,112494.99,1,1,0
15775826,France,Male,30,78133.15,1,1,0
15807457,Spain,Female,36,0,2,0,0
15632538,Spain,Female,32,145553.07,1,1,0
15641389,Germany,Male,48,123593.22,2,0,1
15657306,France,Female,47,0,1,0,1
15709447,France,Female,26,146286.22,1,0,0
15762682,Spain,Female,35,111827.27,2,0,0
15626042,Spain,Female,26,0,2,1,0
15597109,France,Male,70,94416.78,1,1,0
15756148,Spain,Male,45,91549.78,1,1,0
15665634,France,Female,38,59568.57,1,1,0
15739997,France,Female,23,94464.81,2,1,0
15686242,France,Female,57,0,1,0,1
15759244,Germany,Male,44,95368.14,2,1,0
15672027,Germany,Female,33,102185.42,2,0,0
15594576,France,Male,32,144875.71,1,0,0
15707138,Spain,Male,39,0,2,1,0
15756954,France,Female,32,0,1,1,0
15619130,Germany,Female,37,113291.05,2,1,0
15639665,Spain,Male,61,0,2,1,0
15571065,Spain,Female,39,0,2,0,0
15686060,Germany,Male,43,111677.88,1,0,1
15615753,Germany,Female,35,131101.04,1,1,0
15800961,Germany,Male,52,76101.81,2,1,0
15763065,Spain,Female,40,0,2,0,0
15672467,France,Female,52,92510.9,2,1,0
15752915,France,Female,34,0,2,1,0
15744695,France,Male,39,77652.4,1,1,0
15584897,France,Female,31,98360.03,1,0,0
15601857,Germany,Female,46,115518.07,1,0,1
15674156,Germany,Male,69,27288.43,1,1,0
15695465,France,Female,36,0,1,0,0
15792232,Spain,Female,43,0,2,0,0
15807900,France,Male,36,0,1,1,1
15743760,France,Male,31,131996.66,2,1,0
15652835,Spain,Female,27,121580.42,1,1,0
15767818,France,Male,55,132436.34,1,0,0
15591150,Spain,Male,34,0,2,1,0
15734659,Germany,Female,46,107978.4,2,0,0
15796115,Germany,Female,40,78119.59,4,0,1
15724648,France,Male,26,98684.15,1,0,0
15737732,France,Female,44,0,2,0,0
15632280,Spain,Female,53,0,1,0,1
15750407,Germany,Female,43,129264.05,2,0,0
15795370,Germany,Male,37,131753.41,1,0,0
15656829,Spain,Female,33,0,2,0,0
15643794,Spain,Female,27,0,1,1,0
15798605,Germany,Male,26,57422.62,1,1,0
15637324,France,Female,28,0,2,1,0
15589589,France,Male,34,144094.2,1,0,0
15778936,France,Male,33,147510.34,1,0,0
15757385,Spain,Female,28,161592.76,1,0,0
15666200,France,Female,40,0,2,1,0
15683977,Spain,Female,72,0,2,1,0
15675518,Spain,Female,53,75225.53,2,0,1
15584812,Spain,Female,39,0,2,0,0
15752984,France,Female,70,87542.89,2,1,0
15577913,France,Female,32,144581.96,1,1,0
15591980,France,Male,33,122568.05,2,1,0
15598948,Spain,Female,24,172231.93,1,1,0
15574142,Germany,Female,28,171932.26,2,1,0
15582903,France,Male,39,0,2,1,0
15733229,Spain,Female,34,0,2,0,0
15635752,Germany,Male,38,111798.06,2,1,0
15771000,France,Male,38,0,3,0,0
15804864,France,Female,27,79336.61,1,1,0
15641175,Germany,Male,63,120916.52,3,0,1
15692226,France,Female,31,142905.51,1,1,0
15584156,Spain,Male,27,0,3,0,1
15702656,France,Female,33,96834.78,1,0,0
15606552,France,Male,37,105261.76,2,1,0
15687001,Germany,Male,54,123544,1,1,1
15781903,Germany,Male,41,127913.71,2,1,0
15731951,Spain,Female,28,95328.6,1,0,1
15580953,France,Male,30,73218.89,1,1,0
15810390,France,Female,41,0,2,1,1
15628274,Germany,Male,35,149995.72,2,0,0
15615444,Germany,Male,28,123674.28,2,1,0
15784010,Germany,Male,33,124125.26,1,0,0
15571586,Spain,Male,29,159035.45,1,0,1
15748616,France,Male,27,0,2,0,0
15769402,France,Male,27,156811.74,1,1,0
15739248,France,Male,52,0,2,1,0
15603481,Spain,Female,55,0,2,1,0
15723604,France,Male,39,150555.83,1,0,0
15797822,France,Male,28,109137.12,1,1,0
15665064,France,Male,36,158351.02,2,0,0
15640580,France,Female,47,0,1,0,0
15581089,Spain,Male,35,0,2,1,0
15728605,France,Male,40,0,2,1,0
15737385,Spain,Female,46,0,2,0,0
15714789,France,Male,24,0,1,1,0
15786035,France,Male,39,0,2,0,0
15815259,France,Female,56,0,2,1,0
15592716,France,Male,52,0,1,0,1
15734850,Spain,Male,36,82729.49,1,0,0
15638047,Germany,Female,45,142765.24,2,0,0
15674573,France,Female,25,121172.97,1,1,0
15694859,Germany,Female,28,132932.14,2,1,0
15776404,France,Male,22,123374.46,1,1,0
15579345,Germany,Female,74,161371.5,1,1,0
15690733,Spain,Male,45,0,2,0,1
15631481,France,Male,51,79563.36,2,1,0
15620988,France,Male,46,0,2,0,0
15571529,Germany,Female,48,138232.24,1,0,0
15592104,France,Female,41,0,1,0,1
15651900,Germany,Female,53,81571.05,1,0,1
15596212,Spain,Male,35,0,2,0,0
15710687,France,Female,33,95927.04,1,0,0
15613787,Spain,Male,35,116932.59,1,0,0
15599211,France,Male,40,0,2,0,1
15675983,France,Female,36,79551.12,1,1,0
15622370,Germany,Male,30,116416.94,1,1,0
15656319,Spain,Male,37,88141.1,1,0,0
15605130,France,Male,32,177729.13,1,1,0
15672574,Spain,Female,32,0,1,1,0
15659355,Spain,Male,32,123912.78,2,1,0
15777907,France,Female,33,0,1,1,1
15655171,France,Male,80,0,1,1,0
15619674,France,Female,35,108306.44,1,1,0
15775192,Germany,Female,48,102962.62,1,0,1
15617657,France,Female,36,103502.22,1,1,0
15688951,Germany,Male,43,119654.44,2,1,1
15763460,France,Male,33,183768.47,1,0,0
15756992,France,Male,37,0,2,0,0
15617454,France,Female,25,0,2,1,0
15701932,France,Female,52,140900.97,1,1,0
15700813,Germany,Female,25,94049.92,2,0,0
15645600,Spain,Female,27,98926.4,1,1,0
15634146,Germany,Male,18,142872.36,1,1,0
15686743,Spain,Male,29,46057.96,2,1,0
15698792,France,Female,48,119769.77,1,1,0
15591724,France,Female,44,143244.97,1,0,0
15571281,France,Male,28,79562.98,1,1,0
15661380,France,Male,69,0,2,1,0
15728885,France,Male,41,0,1,1,0
15618950,Spain,Male,26,96659.64,2,1,0
15609804,France,Male,29,0,2,0,0
15735849,France,Female,26,165947.99,2,1,0
15652948,France,Male,33,92676.3,1,0,0
15618155,France,Male,45,83195.12,1,1,0
15566378,France,Male,48,129387.94,1,1,1
15565879,France,Female,28,0,2,1,0
15792922,Spain,Male,38,130233.14,1,1,0
15770567,France,Female,32,123502.53,1,1,0
15738042,Germany,Male,37,140894.06,2,1,0
15714920,Germany,Male,44,163867.86,1,1,0
15782121,France,Female,27,0,2,0,0
15673180,Germany,Female,18,93816.7,2,0,0
15660636,Spain,Female,40,0,2,0,0
15664504,France,Male,35,0,2,1,0
15790322,France,Female,32,114668.89,1,0,0
15739847,Germany,Male,38,146756.68,1,0,0
15699415,France,Female,46,150213.71,1,0,1
15665521,Germany,Male,18,111183.53,2,1,0
15682868,France,Female,40,99816.46,1,1,1
15584462,France,Male,34,0,1,0,0
15661708,France,Female,41,0,2,1,0
15584452,France,Male,41,0,2,0,0
15717010,France,Female,60,0,1,1,0
15643828,France,Male,29,0,2,1,0
15733361,Germany,Female,45,86714.06,1,0,1
15795488,Spain,Male,52,0,2,0,0
15581551,Spain,Male,41,132838.07,1,1,0
15632051,Germany,Female,42,128707.31,1,0,1
15780409,France,Male,40,0,2,0,0
15572767,France,Male,29,0,2,0,0
15590337,France,Male,29,123192.12,1,1,1
15634551,Germany,Male,46,115248.11,4,0,1
15669290,France,Male,38,59360.77,1,1,0
15621140,Spain,Male,37,0,2,1,0
15613518,France,Female,35,112668.7,1,1,0
15728043,Germany,Female,37,138503.51,2,0,0
15570073,Spain,Male,57,0,1,1,0
15777033,France,Male,29,0,2,1,0
15682454,France,Female,34,0,2,1,0
15758513,France,Male,43,0,2,0,0
15772604,Spain,Male,36,157267.95,2,0,0
15721715,France,Female,40,133871.05,1,1,0
15688563,Germany,Male,31,141989.27,2,0,0
15772009,France,Female,41,0,1,1,0
15809585,France,Male,38,0,2,0,0
15593778,France,Female,29,46388.16,3,0,1
15655360,Germany,Female,72,148666.99,1,0,1
15780909,Germany,Male,34,115101.5,1,0,1
15757310,Germany,Male,67,148363.38,1,1,0
15801411,Spain,Male,46,0,1,0,1
15761706,Spain,Female,39,144102.32,1,1,0
15658409,France,Male,41,128876.71,3,1,1
15810010,Germany,Male,36,118448.15,2,0,0
15627027,France,Male,39,0,2,1,0
15624374,France,Male,28,0,2,1,0
15720083,Spain,Male,42,0,2,1,0
15752294,France,Female,38,135979.01,4,1,1
15743193,France,Male,37,117271.8,2,0,1
15696733,France,Male,29,0,1,0,0
15677522,France,Male,33,0,2,0,0
15643523,Spain,Female,30,0,2,0,0
15624936,France,Male,35,129205.49,1,1,0
15716085,Spain,Female,41,0,1,0,1
15641688,Spain,Male,18,0,1,1,1
15796834,Germany,Male,35,104015.54,2,1,0
15720123,Spain,Male,37,0,2,0,0
15604732,France,Female,30,0,2,0,0
15723484,Germany,Female,42,103873.39,1,0,0
15807120,Germany,Female,52,112383.03,1,0,1
15810891,France,Male,34,117731.79,2,1,0
15640407,Germany,Male,45,135827.33,2,1,0
15778838,France,Male,38,114135.17,1,0,0
15709256,France,Female,28,0,2,1,0
15742285,France,Male,62,118756.62,1,1,0
15729019,Spain,Male,34,98382.72,1,0,0
15608588,Germany,Male,41,100520.92,1,1,1
15610557,Spain,Female,35,79858.13,2,1,0
15786418,France,Female,20,0,1,1,0
15653050,Germany,Female,76,95052.29,1,0,0
15744914,Germany,Male,42,177728.55,1,0,0
15669611,France,Male,71,83116.68,1,1,0
15594786,Germany,Male,34,111565.91,1,1,0
15649211,Spain,Male,40,83015.71,1,0,0
15766066,Germany,Female,28,124511.01,1,0,0
15772216,France,Female,67,130652.52,1,1,0
15619898,France,Male,55,0,2,1,0
15724543,France,Male,61,0,2,1,0
15755084,France,Male,37,121854.45,1,0,0
15730441,France,Male,26,0,2,1,0
15666767,France,Male,35,86893.28,1,0,0
15690456,Germany,Female,32,79523.13,1,1,0
15570533,Germany,Female,55,131033.76,1,1,1
15797692,France,Female,33,89939.62,1,0,0
15603135,Germany,Female,59,95727.05,1,0,1
15698927,France,Male,39,0,2,1,0
15687363,France,Male,31,155047.56,2,1,0
15733444,France,Female,29,0,2,0,0
15678057,France,Male,44,118569.03,2,0,0
15806918,France,Male,28,0,1,1,0
15638247,Spain,Male,44,0,2,0,0
15674833,France,Female,35,0,2,0,0
15812534,France,Male,40,0,3,1,0
15586522,Spain,Male,37,130461.02,1,0,0
15794297,France,Male,36,0,2,0,0
15737025,France,Male,33,0,3,0,1
15615931,France,Female,37,0,2,1,0
15664860,Spain,Female,47,0,2,0,1
15664539,Spain,Male,35,61172.04,1,0,0
15583692,Germany,Female,35,90194.34,2,0,0
15693131,France,Female,24,95508.2,1,1,0
15779973,Germany,Male,35,99967.76,1,1,0
15620557,Spain,Male,37,101470.29,1,1,0
15639549,Germany,Female,33,70541.06,1,0,0
15618750,France,Male,31,112211.61,1,0,0
15796790,France,Female,47,154543.98,1,0,0
15668309,France,Female,40,111098.85,1,1,1
15732437,Germany,Female,44,131873.07,2,1,1
15665158,Spain,Male,27,137275.36,1,1,0
15689322,Spain,Male,31,153316.14,1,0,0
15596624,France,Female,22,0,2,1,0
15601977,Spain,Male,44,121250.04,1,1,0
15801462,France,Male,31,109578.04,2,1,0
15566139,France,Female,37,53573.18,1,0,0
15791006,Germany,Female,34,58003.41,1,0,0
15668057,France,Female,31,113000.66,1,0,0
15580805,France,Male,27,0,2,0,0
15658768,France,Female,49,0,1,0,1
15613048,Germany,Female,40,139973.65,1,1,1
15803654,France,Female,31,151290.16,1,1,0
15662337,Germany,Female,50,121498.11,2,1,1
15650924,Spain,Female,32,103515.39,2,1,0
15647203,France,Female,35,0,1,0,0
15682778,France,Male,34,0,2,1,0
15579820,Spain,Male,38,106687.76,1,0,0
15709354,France,Female,41,0,2,1,0
15728480,France,Female,35,0,2,1,0
15641091,France,Female,31,106089.2,1,0,0
15603111,Spain,Male,71,69608.14,1,0,1
15679693,France,Male,31,0,2,1,0
15797190,Germany,Female,40,96202.32,1,0,0
15788025,France,Female,38,0,2,1,0
15646168,Spain,Male,33,0,2,0,0
15580493,France,Male,33,127818.52,1,0,0
15726720,France,Female,40,0,1,0,1
15735799,Germany,Male,58,137318.42,1,1,0
15773098,Spain,Male,34,0,2,0,0
15668971,France,Female,40,55776.39,2,0,0
15603221,Germany,Male,32,84421.62,1,1,0
15740043,France,Male,32,83161.65,1,1,0
15712264,France,Female,39,0,2,1,0
15751926,Germany,Male,42,87807.29,2,1,0
15589401,France,Female,30,0,2,0,0
15742019,France,Female,39,0,2,0,0
15660611,Spain,Male,39,0,2,1,0
15607634,Germany,Male,40,95293.86,2,1,0
15595036,Germany,Male,30,92847.59,1,0,0
15745794,France,Male,30,0,2,1,0
15781689,Spain,Male,35,0,2,0,0
15696054,France,Male,37,0,1,1,0
15752467,Spain,Male,34,0,2,1,0
15597739,France,Male,37,0,1,0,0
15651336,France,Female,32,0,2,0,0
15636061,Germany,Male,78,68345.86,2,1,0
15723013,Germany,Male,28,76656.4,2,1,0
15784148,France,Male,62,0,2,0,0
15578098,France,Male,31,0,2,1,0
15638621,Spain,Male,39,60374.98,1,0,0
15720924,France,Female,34,0,1,1,0
15566531,Germany,Male,33,88046.88,1,1,1
15718064,Spain,Male,29,0,2,0,0
15605067,France,Male,19,0,2,0,0
15655335,France,Male,36,0,2,0,0
15607301,Spain,Female,63,129968.67,1,1,0
15694628,Germany,Female,39,157731.6,2,0,0
15607112,France,Male,32,0,2,1,0
15635775,France,Male,33,89276.48,1,0,0
15644280,France,Male,45,138825.19,1,0,0
15708362,France,Male,63,103729.79,2,1,0
15771997,France,Female,31,75499.24,1,0,0
15730579,France,Male,68,169445.4,1,1,0
15728005,France,Female,57,111359.55,2,0,0
15791674,France,Female,34,142388.61,2,1,1
15754599,France,Male,42,123311.39,2,1,0
15693690,Spain,Male,52,115532.52,1,0,0
15728963,Germany,Female,51,167273.71,1,0,1
15659710,France,Male,25,77886.53,2,0,0
15658675,Germany,Male,37,135795.63,1,1,0
15638788,France,Male,32,97514.07,1,1,0
15609735,Germany,Male,51,127545.56,2,0,1
15771477,France,Male,49,106160.37,1,0,0
15570145,France,Female,23,0,2,0,0
15797149,Spain,Female,36,143680.47,2,1,0
15636912,Spain,Male,38,124483.53,1,0,0
15687828,Spain,Female,31,86006.3,1,1,0
15667424,Germany,Female,43,111094.05,2,1,0
15759872,France,Male,22,0,2,0,0
15572374,Spain,Male,36,0,2,1,0
15754926,France,Female,30,0,2,0,0
15687431,France,Female,41,115171.71,1,1,0
15604515,Germany,Female,22,111543.26,2,0,0
15682839,France,Female,57,137936.94,1,1,0
15624677,Germany,Female,37,122304.65,2,0,0
15646366,Germany,Male,41,120586.54,1,1,0
15701768,France,Male,32,0,2,1,0
15623566,France,Male,40,46520.69,1,1,0
15681274,Spain,Female,56,105473.74,1,1,0
15762573,Spain,Female,34,0,2,0,0
15706458,Germany,Male,39,115730.71,3,1,1
15654222,Spain,Male,30,145396.49,1,1,0
15704053,Spain,Male,62,131078.42,2,0,1
15724321,Germany,Female,47,128298.74,1,0,1
15621815,France,Female,40,165526.71,1,0,0
15724876,France,Female,38,83714.41,1,1,0
15696588,France,Female,36,0,2,1,0
15612832,France,Male,32,125540.05,1,0,0
15804295,France,Male,41,100254.76,2,1,0
15712536,France,Female,36,0,2,0,1
15662494,Spain,Male,43,138150.57,1,1,0
15807728,France,Female,45,0,1,1,1
15764916,Germany,Female,43,95984.21,1,1,1
15615330,France,Male,23,0,2,1,0
15638487,Germany,Male,38,136858.42,1,1,0
15627859,Germany,Male,29,102609,1,0,0
15622192,Spain,Male,39,0,2,1,0
15789413,France,Male,64,0,2,1,0
15583221,Germany,Male,70,77356.92,2,1,0
15768495,France,Female,32,110923.15,2,1,1
15644103,Spain,Male,78,151675.65,1,1,0
15741197,Spain,Male,22,0,3,0,0
15664547,France,Male,37,0,1,0,1
15797293,France,Female,25,0,2,0,0
15572021,Germany,Female,29,80204.11,2,0,0
15637461,France,Male,35,0,2,0,0
15620577,France,Male,45,0,2,1,0
15609643,Germany,Male,32,115587.49,2,1,0
15785358,Germany,Male,46,106968.96,1,1,1
15603883,France,Male,36,0,2,1,0
15782550,Germany,Female,41,139659.04,1,1,0
15775761,Germany,Female,69,86038.21,3,0,1
15680201,Germany,Male,24,102773.2,2,0,1
15767594,France,Female,35,0,2,1,0
15591985,France,Female,51,70754.18,1,1,1
15789339,France,Male,59,122781.51,1,1,0
15781530,France,Male,21,0,2,1,0
15705174,Germany,Male,68,153545.11,1,1,0
15572114,Spain,Male,40,121629.22,1,1,0
15804009,Germany,Male,36,167983.17,2,1,0
15662698,Spain,Female,43,81153.82,1,1,1
15696047,France,Male,35,99760.84,1,1,0
15701160,Germany,Female,43,125890.72,1,1,0
15790093,France,Female,27,0,2,0,0
15632143,France,Male,31,119148.55,1,0,0
15736778,Germany,Female,60,72948.58,2,1,0
15734917,Germany,Male,21,133974.36,2,0,0
15643903,France,Male,27,154483.98,1,0,0
15569526,France,Male,40,98627.13,2,0,0
15777067,France,Male,64,136770.67,1,1,0
15795511,Germany,Male,39,95252.72,1,0,0
15610419,France,Male,33,117413.95,1,1,0
15644994,Germany,Male,54,137986.58,2,1,1
15703707,France,Male,44,143571.52,1,0,0
15659327,France,Male,49,121197.64,1,0,1
15771323,Spain,Male,39,121626.9,1,1,0
15750549,Germany,Male,30,84440.1,2,1,0
15698462,France,Male,36,0,2,1,0
15739692,France,Male,42,0,2,0,0
15744041,France,Female,26,140356.7,1,0,0
15700714,France,Male,29,0,2,1,0
15777743,France,Female,39,92224.56,1,1,0
15623143,France,Female,43,0,2,0,0
15712568,Spain,Male,40,121355.99,1,0,0
15617432,Germany,Female,40,109003.26,1,1,0
15650424,France,Female,48,147341.43,1,1,1
15728829,France,Male,18,102983.91,1,0,0
15680430,Germany,Female,49,96252.98,2,0,0
15687626,France,Male,39,0,2,0,1
15609187,France,Female,27,155879.09,2,0,0
15609521,Germany,Male,34,142929.16,2,1,0
15752626,France,Male,32,64082.09,1,1,0
15571756,France,Female,28,0,1,0,0
15814040,France,Female,45,0,2,1,0
15658211,Spain,Female,39,0,2,1,0
15742091,Germany,Female,35,118336.95,1,0,1
15787168,Spain,Female,28,168253.21,1,1,0
15772363,Germany,Female,42,101979.16,1,0,0
15659364,Spain,Male,23,164902.43,1,0,0
15738980,France,Male,43,0,2,0,0
15794236,Germany,Male,22,111812.52,2,1,0
15721383,Spain,Male,40,0,2,1,0
15652981,Germany,Male,30,119755,1,1,0
15722731,France,Male,46,119556.1,1,0,1
15640507,Spain,Female,35,119349.69,3,1,1
15578878,Spain,Female,30,139528.23,1,1,0
15744295,France,Male,40,94773.11,1,0,0
15776558,France,Male,31,108345.22,1,1,0
15596136,France,Female,36,166939.88,1,1,0
15704597,France,Male,33,174571.36,1,1,0
15648272,Spain,Male,35,71829.34,1,1,0
15594915,France,Female,36,0,2,1,0
15581115,France,Female,39,76769.68,1,0,0
15763907,France,Female,39,104614.29,1,0,1
15705994,Spain,Male,27,0,1,0,0
15772421,Germany,Female,31,128927.93,1,1,0
15711572,Germany,Female,31,110941.93,2,0,0
15691170,Spain,Female,29,99250.08,1,1,0
15600106,France,Male,36,0,2,0,0
15745431,France,Male,34,0,2,1,0
15649508,Spain,Male,48,0,2,0,0
15812611,Spain,Female,30,0,2,1,0
15619699,France,Male,31,0,1,0,0
15813946,Germany,Male,51,104682.83,1,0,1
15762762,Germany,Female,45,118886.55,1,0,0
15629793,Spain,Male,28,156823.7,2,0,0
15781298,Germany,Male,39,124216.93,1,1,0
15622658,France,Female,26,144258.52,1,0,0
15658980,Germany,Male,26,128793.63,1,0,0
15701936,Germany,Male,28,126315.26,1,0,1
15686917,Spain,Female,40,0,2,0,0
15807312,Spain,Male,33,0,2,1,0
15574523,France,Male,39,0,2,1,0
15724200,France,Male,38,115341.55,1,1,0
15738224,France,Male,32,99162.29,1,0,0
15593283,Germany,Female,48,156848.13,2,1,1
15814690,Germany,Female,64,105736.32,1,1,1
15807245,Germany,Female,41,200117.76,2,0,0
15799358,France,Female,46,62212.29,1,1,1
15616172,France,Male,31,0,2,0,0
15777958,France,Male,39,0,2,1,0
15809124,France,Male,38,151532.4,1,1,0
15616367,Germany,Male,39,121523.51,1,0,1
15687385,France,Male,41,0,1,1,0
15607877,Spain,Male,26,0,2,1,0
15736327,Germany,Female,46,68238.51,2,1,0
15746704,Spain,Male,30,136808.53,2,1,0
15778304,Germany,Male,24,92398.08,1,1,0
15588456,France,Female,40,143566.12,1,1,0
15664035,Spain,Female,38,0,2,1,0
15596405,Spain,Male,25,127728.24,2,1,0
15815097,France,Female,34,0,2,0,0
15762708,Spain,Female,38,119658.49,1,1,0
15776211,France,Female,34,0,2,1,0
15626012,France,Male,26,149879.66,1,0,0
15792077,Germany,Male,28,119859.52,2,0,0
15718765,Spain,Male,43,104533.24,1,0,1
15576615,Spain,Male,37,145382.61,1,0,0
15752650,Spain,Female,37,121231.39,1,1,0
15797502,Spain,Male,24,141078.57,1,1,0
15687329,Germany,Female,32,108465.65,2,0,1
15779423,France,Male,39,70657.61,2,1,0
15619514,Germany,Male,40,120105.43,1,0,1
15615430,Germany,Male,55,129646.91,1,1,1
15716431,France,Female,30,191091.74,2,1,0
15798341,France,Male,38,0,1,1,0
15651958,France,Male,27,0,2,1,0
15726179,Germany,Female,43,131433.33,2,1,1
15652999,Germany,Male,33,137937.95,1,1,0
15691950,France,Male,49,0,2,0,0
15632446,France,Male,24,0,2,0,0
15620936,France,Male,32,0,2,1,0
15587640,France,Female,43,93143.39,1,0,0
15782231,France,Male,38,0,2,0,0
15580462,Spain,Male,40,112544.45,1,1,0
15736371,France,Female,34,123034.43,2,1,0
15648032,Spain,Male,37,0,2,1,0
15610454,Germany,Female,33,119278.44,1,1,0
15671358,France,Male,44,0,2,0,0
15747130,France,Male,39,0,2,1,0
15578374,Spain,Male,36,169312.72,1,0,0
15572182,Germany,Female,33,106506.77,3,0,1
15770041,Spain,Female,43,128412.61,1,1,0
15669414,Germany,Male,62,118356.89,2,0,1
15777054,Germany,Male,42,137479.13,1,0,0
15621021,Spain,Female,40,0,2,0,0
15785490,France,Male,50,105229.72,1,1,1
15577695,France,Male,41,148088.11,1,0,0
15686974,France,Female,48,0,1,1,1
15574584,France,Male,33,126679.69,1,1,0
15719541,Spain,Male,31,90826.27,2,0,0
15646310,Spain,Male,24,143582.89,1,1,0
15697606,France,Female,21,125712.2,1,0,0
15711489,Spain,Female,32,0,1,1,0
15670427,Spain,Male,37,155187.3,1,0,0
15731755,France,Male,49,0,2,0,0
15796370,Spain,Male,40,155455.43,1,1,0
15598331,France,Female,40,100480.53,1,0,0
15704795,France,Female,77,0,2,1,0
15796764,Germany,Female,56,127585.98,3,1,1
15589420,France,Female,40,101891.1,1,1,0
15810563,Spain,Female,61,0,2,1,0
15746569,France,Male,38,0,1,0,1
15811594,Spain,Female,28,128929.88,1,1,0
15645896,Germany,Male,39,121681.91,2,1,0
15802909,Germany,Female,56,139603.22,1,1,0
15797665,France,Female,27,0,2,0,0
15778959,France,Female,36,0,2,1,0
15722532,Spain,Female,36,91760.11,1,1,0
15784124,Germany,Male,41,93925.3,1,0,1
15776518,France,Female,38,175739.36,1,1,0
15611247,France,Female,28,0,2,0,0
15721469,Germany,Male,45,170295.04,2,0,0
15773338,France,Male,58,101579.28,1,1,0
15784042,France,Male,55,118793.6,1,1,1
15776229,France,Male,44,115282.3,1,0,0
15655903,Spain,Female,34,107980.37,1,1,0
15590177,France,Female,44,133866.22,1,1,0
15568876,France,Female,34,102723.35,2,0,0
15813140,Spain,Male,41,0,2,1,0
15770516,Spain,Female,44,193213.02,2,1,0
15755731,Germany,Male,53,117005.55,1,1,1
15574480,Spain,Male,31,132862.59,1,0,0
15798084,France,Male,26,0,2,0,0
15673020,France,Female,49,204510.94,1,1,1
15643575,Germany,Male,36,65349.71,1,0,0
15596811,France,Male,36,139753.35,1,0,0
15786789,France,Female,29,0,2,1,0
15578865,Germany,Female,50,107959.39,1,1,1
15605672,France,Female,38,195926.39,1,1,0
15603674,France,Male,36,0,2,1,0
15759915,France,Female,31,87772.52,1,0,0
15686219,France,Male,38,71018.6,2,0,0
15696388,Germany,Male,38,111096.91,1,1,0
15713604,Germany,Male,40,166776.6,2,1,0
15647800,France,Female,34,101266.51,1,0,0
15813451,Spain,Male,18,134796.87,2,1,0
15765375,France,Female,46,0,1,0,0
15774586,Germany,Female,43,118588.83,1,1,1
15603454,Germany,Male,28,160454.15,2,1,0
15653037,France,Male,77,0,1,1,0
15782475,France,Female,42,0,2,1,0
15593496,Spain,Female,36,91132.18,1,0,0
15808971,Spain,Female,57,0,2,1,0
15791972,France,Female,20,0,2,0,0
15676869,Spain,Male,36,0,2,1,0
15683007,Germany,Female,25,113113.12,1,0,0
15659495,Spain,Male,23,0,1,1,0
15703923,Germany,Male,41,190409.34,2,1,0
15674000,France,Male,44,0,2,1,0
15618171,France,Female,33,0,2,1,0
15732202,France,Male,34,83503.11,2,1,1
15735078,Germany,Female,53,139687.66,2,1,0
15798615,France,Female,47,137301.87,1,0,0
15638494,Germany,Female,39,129845.26,1,1,0
15763874,Spain,Male,46,0,2,1,0
15696355,Germany,Male,37,125489.4,1,0,0
15655952,France,Male,47,0,2,1,0
15739850,France,Male,45,155417.61,1,1,0
15611338,Spain,Male,29,0,2,1,0
15707861,France,Female,46,85216.61,1,0,1
15672237,France,Male,25,0,1,0,0
15657771,France,Male,37,0,1,1,0
15677783,Spain,Male,38,113607.47,1,0,0
15681026,Germany,Female,33,104552.72,1,1,1
15566543,Spain,Male,44,0,2,0,0
15594612,Spain,Male,44,0,1,0,1
15814664,Germany,Male,33,126524.11,1,0,0
15642785,France,Male,34,117593.48,2,0,0
15690164,Germany,Female,33,83199.05,1,0,0
15590213,Spain,Male,35,125920.98,1,1,0
15603794,France,Male,48,118469.38,1,1,0
15733491,Germany,Female,40,153537.57,2,0,0
15806360,France,Male,41,0,1,1,0
15587133,France,Male,42,151027.05,2,0,0
15721377,France,Female,34,144751.81,1,0,0
15747927,France,Male,26,155739.76,1,0,0
15806455,France,Male,27,0,2,1,0
15695474,France,Male,33,122531.86,1,0,0
15666295,Germany,Male,50,113957.01,2,0,1
15656062,France,Female,33,103377.81,1,0,0
15579969,France,Female,32,0,2,1,0
15703563,France,Male,40,93017.47,2,0,0
15692664,France,Female,58,90022.85,1,1,0
15719276,Spain,Male,35,74371.49,1,0,0
15672754,Germany,Male,42,152039.7,1,1,1
15768163,Germany,Female,46,137145.12,1,0,1
15656710,France,Male,40,0,1,0,0
15696175,Germany,Male,35,90602.42,2,1,0
15586914,France,Male,36,123841.49,2,0,0
15581736,Germany,Male,47,183579.54,2,1,0
15588839,Spain,Male,30,180307.73,2,1,0
15589329,France,Male,30,0,2,0,0
15605622,Spain,Male,28,0,2,1,0
15798964,Germany,Male,33,35016.6,1,0,0
15769959,France,Female,53,88381.21,1,0,1
15657105,Spain,Male,36,0,1,0,0
15569266,France,Male,28,155060.41,1,0,0
15719294,France,Female,29,0,2,0,0
15606229,France,Male,39,0,2,0,0
15569892,France,Male,35,57369.61,1,1,0
15584532,France,Female,36,0,1,1,1
15682355,Germany,Male,42,75075.31,2,0,1
15628319,France,Female,28,130142.79,1,0,0
